target_class,fsd50k_label,clip_id,license
alarm_beep,Alarm,255850,by
alarm_beep,Alarm,403457,by
alarm_beep,Alarm,402958,by
alarm_beep,Alarm,425496,by
alarm_beep,Alarm,66585,cc0
alarm_beep,Alarm,66586,cc0
alarm_beep,Alarm,29724,sampling+
alarm_beep,Alarm,427039,by-nc
alarm_beep,Alarm,83488,sampling+
alarm_beep,Alarm,184355,by
alarm_beep,Alarm,254507,by
alarm_beep,Alarm,352305,by
alarm_beep,Alarm,68657,by
alarm_beep,Alarm,26176,by
alarm_beep,Alarm,26177,by
alarm_beep,Alarm,125520,cc0
alarm_beep,Alarm,322129,cc0
alarm_beep,Alarm,322130,cc0
alarm_beep,Alarm,19026,by
alarm_beep,Alarm,371833,cc0
alarm_beep,Alarm,371853,cc0
alarm_beep,Alarm,179858,cc0
alarm_beep,Alarm,179860,cc0
alarm_beep,Alarm,179861,cc0
alarm_beep,Alarm,179862,cc0
alarm_beep,Alarm,179863,cc0
alarm_beep,Alarm,179864,cc0
alarm_beep,Alarm,179865,cc0
alarm_beep,Alarm,379034,cc0
alarm_beep,Alarm,179867,cc0
alarm_beep,Alarm,424604,cc0
alarm_beep,Alarm,424603,cc0
alarm_beep,Alarm,179868,cc0
alarm_beep,Alarm,179866,cc0
alarm_beep,Alarm,377496,cc0
alarm_beep,Alarm,32417,cc0
alarm_beep,Alarm,113319,by
alarm_beep,Alarm,145577,by
alarm_beep,Alarm,47275,by
alarm_beep,Alarm,21687,sampling+
alarm_beep,Alarm,77509,by
alarm_beep,Alarm,182474,cc0
alarm_beep,Alarm,255699,by
alarm_beep,Alarm,255700,by
alarm_beep,Alarm,254678,cc0
alarm_beep,Alarm,212182,cc0
alarm_beep,Alarm,212186,cc0
alarm_beep,Alarm,212187,cc0
alarm_beep,Alarm,431841,cc0
alarm_beep,Alarm,175842,cc0
alarm_beep,Alarm,178402,cc0
alarm_beep,Alarm,175844,cc0
alarm_beep,Alarm,175843,cc0
alarm_beep,Alarm,175846,cc0
alarm_beep,Alarm,175847,cc0
alarm_beep,Alarm,175848,cc0
alarm_beep,Alarm,175849,cc0
alarm_beep,Alarm,175850,cc0
alarm_beep,Alarm,175851,cc0
alarm_beep,Alarm,175852,cc0
alarm_beep,Alarm,162541,cc0
alarm_beep,Alarm,162540,cc0
alarm_beep,Alarm,175855,cc0
alarm_beep,Alarm,175856,cc0
alarm_beep,Alarm,175853,cc0
alarm_beep,Alarm,171249,cc0
alarm_beep,Alarm,175854,cc0
alarm_beep,Alarm,174840,by
alarm_beep,Alarm,174841,by
alarm_beep,Alarm,170243,cc0
alarm_beep,Alarm,164625,cc0
alarm_beep,Alarm,164626,cc0
alarm_beep,Alarm,164627,cc0
alarm_beep,Alarm,331540,cc0
alarm_beep,Alarm,331542,cc0
alarm_beep,Alarm,264993,cc0
alarm_beep,Alarm,364839,by-nc
alarm_beep,Alarm,49974,cc0
alarm_beep,Alarm,6984,by
alarm_beep,Alarm,381774,by
alarm_beep,Alarm,381775,by
alarm_beep,Alarm,419695,by-nc
alarm_beep,Alarm,419698,by-nc
alarm_beep,Alarm,425848,by
alarm_beep,Alarm,2937,sampling+
alarm_beep,Alarm,329612,cc0
alarm_beep,Alarm,162702,by
alarm_beep,Alarm,162703,by
alarm_beep,Alarm,399254,by-nc
alarm_beep,Alarm,433578,cc0
alarm_beep,Alarm,117165,by
alarm_beep,Alarm,239030,by
alarm_beep,Alarm,239031,by
alarm_beep,Alarm,254907,cc0
alarm_beep,Alarm,178115,by-nc
alarm_beep,Alarm,221644,by
alarm_beep,Alarm,73168,by
alarm_beep,Alarm,377300,cc0
alarm_beep,Alarm,377302,cc0
alarm_beep,Alarm,175845,cc0
alarm_beep,Alarm,27881,by
alarm_beep,Alarm,27882,by
alarm_beep,Alarm,176634,by
alarm_beep,Alarm,176638,by
alarm_beep,Alarm,403455,by
alarm_beep,Alarm,379754,by
alarm_beep,Alarm,379756,by
alarm_beep,Alarm,162443,cc0
alarm_beep,Alarm,151359,cc0
alarm_beep,Alarm,275558,by
alarm_beep,Alarm,138465,by
alarm_beep,Alarm,138468,by
alarm_beep,Alarm,418706,by-nc
alarm_beep,Alarm,138277,cc0
alarm_beep,Alarm,159745,cc0
alarm_beep,Alarm,159750,cc0
alarm_beep,Alarm,159753,cc0
alarm_beep,Alarm,268809,cc0
alarm_beep,Alarm,159754,cc0
alarm_beep,Alarm,159755,cc0
alarm_beep,Alarm,338973,cc0
alarm_beep,Alarm,88121,sampling+
alarm_beep,Alarm,223824,cc0
alarm_beep,Alarm,89682,by
alarm_beep,Alarm,89683,by
alarm_beep,Alarm,392801,by
alarm_beep,Alarm,421017,cc0
alarm_beep,Alarm,65152,by
alarm_beep,Alarm,34952,by-nc
alarm_beep,Alarm,322205,cc0
alarm_beep,Alarm,108192,by
alarm_beep,Alarm,168621,by
alarm_beep,Alarm,156868,cc0
alarm_beep,Alarm,23750,by
alarm_beep,Alarm,98536,sampling+
alarm_beep,Alarm,31482,by
alarm_beep,Alarm,320767,by
alarm_beep,Alarm,319751,by
alarm_beep,Alarm,28426,by
alarm_beep,Alarm,165166,cc0
alarm_beep,Alarm,184623,cc0
alarm_beep,Alarm,22877,by
alarm_beep,Alarm,181601,by
alarm_beep,Alarm,388972,by
alarm_beep,Alarm,315758,cc0
alarm_beep,Alarm,364911,by
alarm_beep,Alarm,159743,cc0
alarm_beep,Alarm,65929,by
alarm_beep,Alarm,62878,by-nc
alarm_beep,Alarm,162719,by
alarm_beep,Alarm,116664,by
alarm_beep,Alarm,268221,cc0
alarm_beep,Alarm,393662,cc0
alarm_beep,Alarm,393665,cc0
alarm_beep,Alarm,393666,cc0
alarm_beep,Alarm,393667,cc0
alarm_beep,Alarm,203720,cc0
alarm_beep,Alarm,128459,by
alarm_beep,Alarm,256469,by-nc
alarm_beep,Alarm,34280,cc0
alarm_beep,Alarm,93676,by-nc
alarm_beep,Alarm,353265,cc0
alarm_beep,Alarm,277508,by
alarm_beep,Alarm,332914,by
alarm_beep,Alarm,379916,cc0
alarm_beep,Alarm,100357,cc0
alarm_beep,Alarm,403471,by
alarm_beep,Alarm,403473,by
alarm_beep,Alarm,403474,by
alarm_beep,Alarm,104475,sampling+
alarm_beep,Alarm,104476,sampling+
alarm_beep,Alarm,327711,cc0
alarm_beep,Alarm,67616,cc0
alarm_beep,Alarm,69663,by
alarm_beep,Alarm,102435,cc0
alarm_beep,Alarm,258089,by-nc
alarm_beep,Alarm,249931,cc0
alarm_beep,Alarm,182351,cc0
alarm_beep,Alarm,223320,cc0
alarm_beep,Alarm,71778,cc0
alarm_beep,Alarm,22627,by
alarm_beep,Alarm,110692,by
alarm_beep,Alarm,100459,cc0
alarm_beep,Alarm,100460,cc0
alarm_beep,Alarm,100461,cc0
alarm_beep,Alarm,100462,cc0
alarm_beep,Alarm,219244,cc0
alarm_beep,Alarm,321676,cc0
alarm_beep,Alarm,321677,cc0
alarm_beep,Alarm,321678,cc0
alarm_beep,Alarm,258193,cc0
alarm_beep,Alarm,321684,cc0
alarm_beep,Alarm,264346,cc0
alarm_beep,Alarm,211103,by
alarm_beep,Alarm,422051,by
alarm_beep,Alarm,329893,by
alarm_beep,Alarm,329894,by
alarm_beep,Alarm,329895,by
alarm_beep,Alarm,329896,by
alarm_beep,Alarm,333993,cc0
alarm_beep,Alarm,164006,by-nc
alarm_beep,Alarm,233645,by-nc
alarm_beep,Alarm,125102,cc0
alarm_beep,Alarm,270522,by
alarm_beep,Alarm,428221,by
alarm_beep,Alarm,18632,by
alarm_beep,Alarm,196838,by
alarm_beep,Alarm,164089,cc0
alarm_beep,Alarm,164090,cc0
alarm_beep,Alarm,325894,by
alarm_beep,Alarm,327969,cc0
alarm_beep,Alarm,327970,cc0
alarm_beep,Alarm,270643,cc0
alarm_beep,Alarm,393524,by
alarm_beep,Alarm,106831,by-nc
alarm_beep,Alarm,26960,sampling+
alarm_beep,Alarm,26961,sampling+
alarm_beep,Alarm,26962,sampling+
alarm_beep,Alarm,26963,sampling+
alarm_beep,Alarm,26964,sampling+
alarm_beep,Alarm,26965,sampling+
alarm_beep,Alarm,221522,by-nc
alarm_beep,Alarm,22876,by
alarm_beep,Alarm,274806,by
alarm_beep,Alarm,389509,cc0
alarm_beep,Alarm,348551,cc0
alarm_beep,Alarm,250261,by
alarm_beep,Alarm,377249,by
alarm_beep,Alarm,250285,by
alarm_beep,Alarm,129464,by-nc
alarm_beep,Alarm,135613,by-nc
alarm_beep,Alarm,72125,cc0
alarm_beep,Alarm,72126,cc0
alarm_beep,Alarm,72127,cc0
alarm_beep,Alarm,72128,cc0
alarm_beep,Alarm,72129,cc0
alarm_beep,Alarm,428484,by
alarm_beep,Alarm,381382,by
alarm_beep,Alarm,25031,cc0
alarm_beep,Alarm,84423,by
alarm_beep,Alarm,25032,cc0
alarm_beep,Alarm,387532,cc0
alarm_beep,Alarm,344525,cc0
alarm_beep,Alarm,387534,cc0
alarm_beep,Alarm,211408,by
alarm_beep,Alarm,387537,cc0
alarm_beep,Alarm,166356,by
alarm_beep,Alarm,121306,by
alarm_beep,Alarm,147933,by
alarm_beep,Alarm,379373,cc0
alarm_beep,Alarm,428526,cc0
alarm_beep,Alarm,379375,cc0
alarm_beep,Alarm,238075,cc0
alarm_beep,Alarm,379387,cc0
alarm_beep,Alarm,379388,cc0
alarm_beep,Alarm,94735,sampling+
alarm_beep,Alarm,203287,by-nc
alarm_beep,Alarm,268823,by
alarm_beep,Alarm,270883,cc0
alarm_beep,Alarm,150052,by
alarm_beep,Alarm,150053,by
alarm_beep,Alarm,51747,cc0
alarm_beep,Alarm,350773,by-nc
alarm_beep,Alarm,246328,by
alarm_beep,Alarm,426559,by-nc
alarm_beep,Alarm,39514,by-nc
alarm_beep,Alarm,371292,cc0
alarm_beep,Alarm,266848,by-nc
alarm_beep,Alarm,35433,cc0
alarm_beep,Alarm,35436,cc0
alarm_beep,Alarm,35437,cc0
alarm_beep,Alarm,201325,by
alarm_beep,Alarm,35439,cc0
alarm_beep,Alarm,35441,cc0
alarm_beep,Alarm,96890,by
alarm_beep,Alarm,342663,by
alarm_beep,Alarm,342664,by
alarm_beep,Alarm,389775,by
alarm_beep,Alarm,70289,by-nc
alarm_beep,Alarm,324248,cc0
alarm_beep,Alarm,98973,by
alarm_beep,Alarm,414366,cc0
alarm_beep,Alarm,266924,by
alarm_beep,Alarm,139958,cc0
alarm_beep,Alarm,404161,by-nc
alarm_beep,Alarm,262853,cc0
alarm_beep,Alarm,96973,cc0
alarm_beep,Alarm,271063,by
alarm_beep,Alarm,33497,by
alarm_beep,Alarm,262878,by-nc
alarm_beep,Alarm,92897,by-nc
alarm_beep,Alarm,74471,by
alarm_beep,Alarm,74474,by
alarm_beep,Alarm,262897,by
alarm_beep,Alarm,262900,by
alarm_beep,Alarm,250629,by
alarm_beep,Alarm,340750,by-nc
alarm_beep,Alarm,203539,cc0
alarm_beep,Alarm,203540,cc0
alarm_beep,Alarm,250654,cc0
alarm_beep,Alarm,273187,by-nc
alarm_beep,Alarm,52004,cc0
alarm_beep,Alarm,156453,by
alarm_beep,Alarm,148266,by
alarm_beep,Alarm,398123,by
alarm_beep,Alarm,238390,cc0
alarm_beep,Alarm,265017,cc0
alarm_beep,Alarm,324415,cc0
alarm_beep,Alarm,148297,cc0
alarm_beep,Alarm,93020,by
alarm_beep,Alarm,334684,by
alarm_beep,Alarm,396137,cc0
alarm_beep,Alarm,324459,cc0
alarm_beep,Alarm,82797,cc0
alarm_beep,Alarm,185199,by
alarm_beep,Alarm,9077,by-nc
alarm_beep,Alarm,217989,by
alarm_beep,Alarm,207751,cc0
alarm_beep,Alarm,367500,cc0
alarm_beep,Alarm,418705,cc0
alarm_beep,Alarm,423929,cc0
alarm_beep,Alarm,158622,cc0
alarm_beep,Alarm,338853,cc0
alarm_beep,Alarm,103335,by
alarm_beep,Alarm,273320,cc0
alarm_beep,Alarm,54193,sampling+
alarm_beep,Alarm,33723,by
alarm_beep,Alarm,33724,by
alarm_beep,Alarm,33725,by
alarm_beep,Alarm,33726,by
alarm_beep,Alarm,33727,by
alarm_beep,Alarm,33728,by
alarm_beep,Alarm,33729,by
alarm_beep,Alarm,33730,by
alarm_beep,Alarm,33731,by
alarm_beep,Alarm,33732,by
alarm_beep,Alarm,33733,by
alarm_beep,Alarm,33734,by
alarm_beep,Alarm,33735,by
alarm_beep,Alarm,33736,by
alarm_beep,Alarm,33737,by
alarm_beep,Alarm,33738,by
alarm_beep,Alarm,33740,by
alarm_beep,Alarm,33741,by
alarm_beep,Alarm,33742,by
alarm_beep,Alarm,33739,by
alarm_beep,Alarm,340942,by
alarm_beep,Alarm,33744,by
alarm_beep,Alarm,33743,by
alarm_beep,Alarm,99282,by
alarm_beep,Alarm,33748,by
alarm_beep,Alarm,33749,by
alarm_beep,Alarm,33745,by
alarm_beep,Alarm,33746,by
alarm_beep,Alarm,33747,by
alarm_beep,Alarm,33751,by
alarm_beep,Alarm,33750,by
alarm_beep,Alarm,33752,by
alarm_beep,Alarm,404456,by
alarm_beep,Alarm,199657,by
alarm_beep,Alarm,324586,cc0
alarm_beep,Alarm,132074,by
alarm_beep,Alarm,156672,cc0
alarm_beep,Alarm,336897,cc0
alarm_beep,Alarm,336896,by
alarm_beep,Alarm,277510,by
alarm_beep,Alarm,58388,by
alarm_beep,Alarm,128021,cc0
alarm_beep,Alarm,322581,by
alarm_beep,Alarm,48151,by
alarm_beep,Alarm,322582,by
alarm_beep,Alarm,216090,by
alarm_beep,Alarm,37915,cc0
alarm_beep,Alarm,271389,by
alarm_beep,Alarm,117793,cc0
alarm_beep,Alarm,62502,by
alarm_beep,Alarm,121904,by
alarm_beep,Alarm,121908,by
alarm_beep,Alarm,361537,by
alarm_beep,Alarm,76878,by
alarm_beep,Alarm,197713,cc0
alarm_beep,Alarm,418898,cc0
alarm_beep,Alarm,111707,sampling+
alarm_beep,Alarm,365667,by
alarm_beep,Alarm,78948,by
alarm_beep,Alarm,371836,cc0
alarm_beep,Alarm,205951,by
alarm_beep,Alarm,201855,by
alarm_beep,Alarm,185474,cc0
alarm_beep,Alarm,390278,by-nc
alarm_beep,Alarm,128138,cc0
alarm_beep,Alarm,156831,by-nc
alarm_beep,Alarm,369847,cc0
alarm_beep,Alarm,201917,cc0
alarm_beep,Alarm,244927,by
alarm_beep,Alarm,244932,by
alarm_beep,Alarm,400583,by
alarm_beep,Alarm,419023,cc0
alarm_beep,Alarm,34005,by
alarm_beep,Alarm,369879,cc0
alarm_beep,Alarm,185560,cc0
alarm_beep,Alarm,369880,cc0
alarm_beep,Alarm,255193,by
alarm_beep,Alarm,255194,by
alarm_beep,Alarm,255195,by
alarm_beep,Alarm,367839,by
alarm_beep,Alarm,410851,by
alarm_beep,Alarm,269541,by
alarm_beep,Alarm,423141,cc0
alarm_beep,Alarm,169209,by
alarm_beep,Alarm,154894,by
alarm_beep,Alarm,382236,by
alarm_beep,Alarm,245028,by
alarm_beep,Alarm,13613,cc0
alarm_beep,Alarm,99630,cc0
alarm_beep,Alarm,249150,by
alarm_beep,Alarm,36170,by
alarm_beep,Alarm,365903,by
alarm_beep,Alarm,83280,by
alarm_beep,Alarm,56671,by-nc
alarm_beep,Alarm,353635,by-nc
alarm_beep,Alarm,337257,by
alarm_beep,Alarm,185708,cc0
alarm_beep,Alarm,21871,by
alarm_beep,Alarm,372087,cc0
alarm_beep,Alarm,361856,by-nc
alarm_beep,Alarm,253313,by
alarm_beep,Alarm,253314,by
alarm_beep,Alarm,253315,by
alarm_beep,Alarm,253316,by
alarm_beep,Alarm,335248,by
alarm_beep,Alarm,341395,by-nc
alarm_beep,Alarm,400792,by
alarm_beep,Alarm,345497,by
alarm_beep,Alarm,66973,by
alarm_beep,Alarm,167337,cc0
alarm_beep,Alarm,316843,by
alarm_beep,Alarm,318910,cc0
alarm_beep,Alarm,67010,by-nc
alarm_beep,Alarm,347586,by
alarm_beep,Alarm,150981,cc0
alarm_beep,Alarm,275910,by-nc
alarm_beep,Alarm,15813,cc0
alarm_beep,Alarm,323016,cc0
alarm_beep,Alarm,9674,by
alarm_beep,Alarm,93643,by-nc
alarm_beep,Alarm,323019,cc0
alarm_beep,Alarm,251341,by
alarm_beep,Alarm,249304,by
alarm_beep,Alarm,318945,cc0
alarm_beep,Alarm,171493,cc0
alarm_beep,Alarm,171496,cc0
alarm_beep,Alarm,67048,by
alarm_beep,Alarm,89589,by
alarm_beep,Alarm,171515,by
alarm_beep,Alarm,400894,cc0
alarm_beep,Alarm,5635,by
alarm_beep,Alarm,392721,by
alarm_beep,Alarm,202258,by
alarm_beep,Alarm,81432,by-nc
alarm_beep,Alarm,265769,cc0
alarm_beep,Alarm,110133,cc0
alarm_beep,Alarm,126519,cc0
alarm_beep,Alarm,126559,by-nc
alarm_beep,Alarm,126560,by-nc
alarm_beep,Alarm,126561,by-nc
alarm_beep,Alarm,388709,cc0
alarm_beep,Alarm,188012,cc0
alarm_beep,Alarm,155251,by
alarm_beep,Alarm,341621,by
alarm_beep,Alarm,204423,by
alarm_beep,Alarm,204424,by
alarm_beep,Alarm,204425,by
alarm_beep,Alarm,204426,by
alarm_beep,Alarm,382614,cc0
alarm_beep,Alarm,251542,by-nc
alarm_beep,Alarm,165542,cc0
alarm_beep,Alarm,24232,cc0
alarm_beep,Alarm,24233,cc0
alarm_beep,Alarm,24236,cc0
alarm_beep,Alarm,251564,by
alarm_beep,Alarm,202423,cc0
alarm_beep,Alarm,184000,by
alarm_beep,Alarm,184001,by
alarm_beep,Alarm,407240,cc0
alarm_beep,Alarm,413391,cc0
alarm_beep,Alarm,177874,by
alarm_beep,Alarm,42707,cc0
alarm_beep,Alarm,34524,by
alarm_beep,Alarm,34525,by
alarm_beep,Alarm,202474,by-nc
alarm_beep,Alarm,401132,by
alarm_beep,Alarm,364270,cc0
alarm_beep,Alarm,364271,cc0
alarm_beep,Alarm,55031,cc0
alarm_beep,Alarm,265977,by-nc
alarm_beep,Alarm,198408,cc0
alarm_beep,Alarm,198409,cc0
alarm_beep,Alarm,241419,by
alarm_beep,Alarm,202512,cc0
alarm_beep,Alarm,157468,by
alarm_beep,Alarm,134952,cc0
alarm_beep,Alarm,40751,by-nc
alarm_beep,Alarm,124734,cc0
alarm_beep,Alarm,96063,cc0
alarm_beep,Alarm,368450,by
alarm_beep,Alarm,188240,cc0
alarm_beep,Alarm,192343,by
alarm_beep,Alarm,368471,by-nc
alarm_beep,Alarm,198496,cc0
alarm_beep,Alarm,407394,cc0
alarm_beep,Alarm,178032,by
alarm_beep,Alarm,434055,cc0
alarm_beep,Alarm,204684,by-nc
alarm_beep,Alarm,128910,cc0
alarm_beep,Alarm,173978,by-nc
alarm_beep,Alarm,221085,cc0
alarm_beep,Alarm,221086,cc0
alarm_beep,Alarm,221087,cc0
alarm_beep,Alarm,221088,cc0
alarm_beep,Alarm,55214,cc0
alarm_beep,Alarm,69552,cc0
alarm_beep,Alarm,368563,by
alarm_beep,Alarm,202676,cc0
alarm_beep,Alarm,14262,cc0
alarm_beep,Alarm,14263,cc0
alarm_beep,Alarm,432063,by
alarm_beep,Alarm,223176,cc0
alarm_beep,Alarm,395213,by
alarm_beep,Alarm,403430,by
alarm_beep,Alarm,417768,by
alarm_beep,Alarm,403449,by
alarm_beep,Alarm,395415,cc0
alarm_beep,Alarm,132340,cc0
alarm_beep,Alarm,87316,by
alarm_beep,Alarm,408855,by-nc
alarm_beep,Alarm,245888,by
alarm_beep,Alarm,154954,by
alarm_beep,Alarm,154956,by
alarm_beep,Alarm,347658,by-nc
alarm_beep,Alarm,34853,sampling+
alarm_beep,Alarm,344224,by
alarm_beep,Alarm,350642,by-nc
alarm_beep,Alarm,392742,cc0
alarm_beep,Alarm,392743,cc0
alarm_beep,Alarm,209698,cc0
alarm_beep,Alarm,250630,by
alarm_beep,Alarm,250631,by
alarm_beep,Alarm,250632,by
alarm_beep,Alarm,404758,cc0
alarm_beep,Alarm,351539,by
alarm_beep,Alarm,117561,cc0
alarm_beep,Alarm,117562,cc0
alarm_beep,Alarm,117563,cc0
alarm_beep,Alarm,117564,cc0
alarm_beep,Alarm,117565,cc0
alarm_beep,Alarm,117566,cc0
alarm_beep,Alarm,117567,cc0
alarm_beep,Alarm,117568,cc0
alarm_beep,Alarm,117569,cc0
alarm_beep,Alarm,117570,cc0
alarm_beep,Alarm,234564,by-nc
alarm_beep,Alarm,234565,by-nc
alarm_beep,Alarm,234566,by-nc
alarm_beep,Alarm,117571,cc0
alarm_beep,Alarm,117572,cc0
alarm_beep,Alarm,24928,by-nc
alarm_beep,Alarm,24929,by-nc
alarm_beep,Alarm,56164,by-nc
alarm_beep,Alarm,267881,cc0
alarm_beep,Alarm,167532,cc0
alarm_beep,Alarm,167533,cc0
alarm_beep,Alarm,167535,cc0
alarm_beep,Alarm,167536,cc0
alarm_beep,Alarm,167538,cc0
alarm_beep,Alarm,167539,cc0
alarm_beep,Alarm,167540,cc0
alarm_beep,Alarm,167541,cc0
alarm_beep,Alarm,246390,by-nc
alarm_beep,Alarm,167544,cc0
alarm_beep,Alarm,167545,cc0
alarm_beep,Alarm,167546,cc0
alarm_beep,Alarm,167547,cc0
alarm_beep,Alarm,167548,cc0
alarm_beep,Alarm,167549,cc0
alarm_beep,Alarm,167550,cc0
alarm_beep,Alarm,167551,cc0
alarm_beep,Alarm,276608,cc0
alarm_beep,Alarm,167553,cc0
alarm_beep,Alarm,276607,cc0
alarm_beep,Alarm,258179,by
alarm_beep,Alarm,258180,by
alarm_beep,Alarm,276612,cc0
alarm_beep,Alarm,360831,cc0
alarm_beep,Alarm,156547,by
alarm_beep,Alarm,186255,by
alarm_beep,Alarm,352656,by
alarm_beep,Alarm,352657,by
alarm_beep,Alarm,352658,by
alarm_beep,Alarm,352659,by
alarm_beep,Alarm,352661,by
alarm_beep,Alarm,352663,by
alarm_beep,Alarm,352665,by
alarm_beep,Alarm,122266,by
alarm_beep,Alarm,122267,by
alarm_beep,Alarm,352666,by
alarm_beep,Alarm,352669,by
alarm_beep,Alarm,352667,by
alarm_beep,Alarm,122272,by
alarm_beep,Alarm,122274,by
alarm_beep,Alarm,122275,by
alarm_beep,Alarm,322469,by-nc
alarm_beep,Alarm,122277,by
alarm_beep,Alarm,201946,cc0
alarm_beep,Alarm,163558,by-nc
alarm_beep,Alarm,194279,by
alarm_beep,Alarm,194280,by
alarm_beep,Alarm,163561,by-nc
alarm_beep,Alarm,163562,by-nc
alarm_beep,Alarm,108797,cc0
alarm_beep,Alarm,258016,cc0
alarm_beep,Alarm,134067,by
alarm_beep,Alarm,351711,cc0
alarm_beep,Alarm,102434,cc0
alarm_beep,Alarm,112211,cc0
alarm_beep,Alarm,178137,cc0
alarm_beep,Alarm,221359,cc0
alarm_beep,Alarm,9218,by
alarm_beep,Alarm,69181,sampling+
alarm_beep,Alarm,69184,sampling+
alarm_beep,Alarm,361564,cc0
alarm_beep,Alarm,383595,cc0
alarm_beep,Alarm,78970,cc0
alarm_beep,Alarm,434818,by
alarm_beep,Alarm,78984,cc0
alarm_beep,Alarm,383629,cc0
alarm_beep,Alarm,203941,cc0
alarm_beep,Alarm,203942,cc0
alarm_beep,Alarm,203945,cc0
alarm_beep,Alarm,203947,cc0
alarm_beep,Alarm,275629,cc0
alarm_beep,Alarm,192761,cc0
alarm_beep,Alarm,235265,cc0
alarm_beep,Alarm,196378,by
alarm_beep,Alarm,196379,by
alarm_beep,Alarm,196380,by
alarm_beep,Alarm,223672,cc0
alarm_beep,Alarm,70102,by
alarm_beep,Alarm,21986,by
alarm_beep,Alarm,168258,cc0
alarm_beep,Alarm,381957,cc0
alarm_beep,Alarm,46092,by
alarm_beep,Alarm,372251,cc0
alarm_beep,Alarm,332918,cc0
alarm_beep,Alarm,258169,by
alarm_beep,Alarm,262278,cc0
alarm_beep,Alarm,382620,by-nc
alarm_beep,Alarm,353956,by
alarm_beep,Alarm,202418,by-nc
alarm_beep,Alarm,324275,cc0
alarm_beep,Alarm,410825,by
alarm_beep,Alarm,201945,cc0
alarm_beep,Alarm,208652,cc0
alarm_beep,Alarm,67358,by
alarm_beep,Alarm,67359,by
alarm_beep,Alarm,377125,by
alarm_beep,Alarm,377126,by
alarm_beep,Alarm,273750,cc0
alarm_beep,Alarm,87393,by
alarm_beep,Alarm,201611,cc0
alarm_beep,Alarm,34733,cc0
alarm_beep,Alarm,326074,cc0
alarm_beep,Alarm,93639,by
alarm_beep,Alarm,261593,by
alarm_beep,Alarm,324579,by
alarm_beep,Alarm,336894,by
alarm_beep,Alarm,243607,by
alarm_beep,Alarm,250096,cc0
alarm_beep,Alarm,274759,by
alarm_beep,Alarm,155769,by-nc
alarm_beep,Alarm,155770,by-nc
alarm_beep,Alarm,155776,by-nc
alarm_beep,Alarm,100634,by
alarm_beep,Alarm,187306,cc0
alarm_beep,Alarm,187314,cc0
alarm_beep,Alarm,57884,by
alarm_beep,Alarm,168709,cc0
alarm_beep,Alarm,364805,cc0
alarm_beep,Alarm,364806,cc0
alarm_beep,Alarm,158500,by
alarm_beep,Alarm,158501,by
alarm_beep,Alarm,158502,by
alarm_beep,Alarm,158503,by
alarm_beep,Alarm,158504,by
alarm_beep,Alarm,158505,by
alarm_beep,Alarm,158507,by
alarm_beep,Alarm,158509,by
alarm_beep,Alarm,323122,cc0
alarm_beep,Alarm,323123,cc0
alarm_beep,Alarm,323125,cc0
alarm_beep,Alarm,323126,cc0
alarm_beep,Alarm,323127,cc0
alarm_beep,Alarm,323128,cc0
alarm_beep,Alarm,323129,cc0
alarm_beep,Alarm,323130,cc0
alarm_beep,Alarm,323131,cc0
alarm_beep,Alarm,323132,cc0
alarm_beep,Alarm,158517,by
alarm_beep,Alarm,158519,by
alarm_beep,Alarm,383593,cc0
alarm_beep,Alarm,383594,cc0
alarm_beep,Alarm,383596,cc0
alarm_beep,Alarm,383597,cc0
alarm_beep,Alarm,383598,cc0
alarm_beep,Alarm,383599,cc0
alarm_beep,Alarm,383600,cc0
alarm_beep,Alarm,383601,cc0
alarm_beep,Alarm,383602,cc0
alarm_beep,Alarm,193395,by
alarm_beep,Alarm,328823,by
alarm_beep,Alarm,78968,cc0
alarm_beep,Alarm,328825,by
alarm_beep,Alarm,328826,by
alarm_beep,Alarm,328824,by
alarm_beep,Alarm,78969,cc0
alarm_beep,Alarm,328827,by
alarm_beep,Alarm,267900,cc0
alarm_beep,Alarm,267901,cc0
alarm_beep,Alarm,383623,cc0
alarm_beep,Alarm,383624,cc0
alarm_beep,Alarm,78985,cc0
alarm_beep,Alarm,383626,cc0
alarm_beep,Alarm,383627,cc0
alarm_beep,Alarm,383628,cc0
alarm_beep,Alarm,383630,cc0
alarm_beep,Alarm,383631,cc0
alarm_beep,Alarm,383625,cc0
alarm_beep,Alarm,265644,by
alarm_beep,Alarm,326353,by-nc
alarm_beep,Alarm,156121,cc0
alarm_beep,Alarm,156122,cc0
alarm_beep,Alarm,156123,cc0
alarm_beep,Alarm,156124,cc0
alarm_beep,Alarm,156125,cc0
alarm_beep,Alarm,156126,cc0
alarm_beep,Alarm,318193,by-nc
alarm_beep,Alarm,262648,cc0
alarm_beep,Alarm,404098,cc0
alarm_beep,Alarm,404099,cc0
alarm_beep,Alarm,404100,cc0
alarm_beep,Alarm,173000,by
alarm_beep,Alarm,173001,by
alarm_beep,Alarm,360842,by
alarm_beep,Alarm,253982,by
alarm_beep,Alarm,125967,cc0
alarm_beep,Alarm,347677,cc0
alarm_beep,Alarm,29726,sampling+
alarm_beep,Alarm,426019,by
alarm_beep,Alarm,418867,by
alarm_beep,Alarm,332858,by
alarm_beep,Alarm,69182,sampling+
alarm_beep,Alarm,69185,sampling+
alarm_beep,Alarm,417858,cc0
alarm_beep,Alarm,319041,by
alarm_beep,Alarm,77892,cc0
alarm_beep,Alarm,371782,cc0
alarm_beep,Alarm,347216,by
alarm_beep,Alarm,347217,by
alarm_beep,Alarm,110165,cc0
alarm_beep,Alarm,407637,cc0
alarm_beep,Alarm,275564,by
alarm_beep,Alarm,275565,by
alarm_beep,Alarm,275566,by
alarm_beep,Alarm,87151,by
alarm_beep,Alarm,275567,by
alarm_beep,Alarm,275569,by
alarm_beep,Alarm,275568,by
alarm_beep,Alarm,275570,by
alarm_beep,Alarm,275571,by
alarm_beep,Alarm,275068,by
alarm_beep,Alarm,275069,by
alarm_beep,Alarm,76925,by
alarm_beep,Alarm,205949,by
alarm_beep,Alarm,275072,by
alarm_beep,Alarm,275070,by
alarm_beep,Alarm,275071,by
alarm_beep,Alarm,41629,by
alarm_beep,Alarm,212127,by
alarm_beep,Alarm,212128,by
alarm_beep,Alarm,212129,by
alarm_beep,Alarm,203943,cc0
alarm_beep,Alarm,203944,cc0
alarm_beep,Alarm,203946,cc0
alarm_beep,Alarm,203948,cc0
alarm_beep,Alarm,81072,by
alarm_beep,Alarm,88243,cc0
alarm_beep,Alarm,218317,cc0
alarm_beep,Alarm,177875,by
alarm_beep,Alarm,370919,by
alarm_beep,Alarm,171755,cc0
alarm_beep,Alarm,422668,cc0
alarm_beep,Alarm,196368,by
alarm_beep,Alarm,196370,by
alarm_beep,Alarm,196371,by
alarm_beep,Alarm,196372,by
alarm_beep,Alarm,196373,by
alarm_beep,Alarm,196374,by
alarm_beep,Alarm,196375,by
alarm_beep,Alarm,196376,by
alarm_beep,Alarm,196377,by
alarm_beep,Alarm,418074,cc0
alarm_beep,Alarm,268074,by
alarm_beep,Alarm,268076,by
alarm_beep,Alarm,331569,cc0
alarm_beep,Alarm,106803,by-nc
alarm_beep,Alarm,273719,by
alarm_beep,Alarm,20285,by-nc
alarm_beep,Alarm,242494,cc0
alarm_beep,Alarm,79180,sampling+
alarm_beep,Alarm,151893,cc0
alarm_beep,Alarm,399205,cc0
alarm_beep,Alarm,335224,by
alarm_beep,Alarm,411515,by
alarm_beep,Alarm,411517,by
alarm_beep,Alarm,411519,by
alarm_beep,Alarm,411521,by
alarm_beep,Alarm,163730,by
alarm_beep,Alarm,31133,cc0
alarm_beep,Alarm,223671,cc0
alarm_beep,Alarm,223673,cc0
alarm_beep,Alarm,415164,cc0
alarm_beep,Alarm,93646,by
alarm_beep,Alarm,249303,by
alarm_beep,Alarm,123350,cc0
alarm_beep,Alarm,21985,by
alarm_beep,Alarm,383976,cc0
alarm_beep,Alarm,403439,by
alarm_beep,Alarm,274436,cc0
alarm_beep,Alarm,69652,by
alarm_beep,Alarm,360473,cc0
alarm_beep,Alarm,36896,by
alarm_beep,Alarm,360480,cc0
alarm_beep,Alarm,391215,by-nc
alarm_beep,Alarm,88112,by-nc
alarm_beep,Alarm,55356,by
alarm_beep,Alarm,55357,by
alarm_beep,Alarm,90189,sampling+
alarm_beep,Alarm,90190,sampling+
alarm_beep,Alarm,90191,sampling+
alarm_beep,Alarm,90192,sampling+
alarm_beep,Alarm,90193,sampling+
alarm_beep,Alarm,360528,cc0
alarm_beep,Alarm,22622,by
alarm_beep,Alarm,45155,by
alarm_beep,Alarm,122989,by
alarm_beep,Alarm,122990,by
alarm_beep,Alarm,344178,cc0
alarm_beep,Alarm,256127,by
alarm_beep,Alarm,258176,by
alarm_beep,Alarm,258177,by
alarm_beep,Alarm,258178,by
alarm_beep,Alarm,258175,by
alarm_beep,Alarm,256159,by
alarm_beep,Alarm,256160,by
alarm_beep,Alarm,24735,by-nc
alarm_beep,Alarm,24736,by-nc
alarm_beep,Alarm,428206,cc0
alarm_beep,Alarm,178355,by-nc
alarm_beep,Alarm,168117,by
alarm_beep,Alarm,432313,cc0
alarm_beep,Alarm,250047,by
alarm_beep,Alarm,250048,by
alarm_beep,Alarm,250049,by
alarm_beep,Alarm,250050,by
alarm_beep,Alarm,250051,by
alarm_beep,Alarm,250052,by
alarm_beep,Alarm,256210,cc0
alarm_beep,Alarm,256211,cc0
alarm_beep,Alarm,26834,by-nc
alarm_beep,Alarm,102623,sampling+
alarm_beep,Alarm,162022,by
alarm_beep,Alarm,254186,cc0
alarm_beep,Alarm,106744,cc0
alarm_beep,Alarm,178435,by
alarm_beep,Alarm,178437,by
alarm_beep,Alarm,178439,by
alarm_beep,Alarm,178440,by
alarm_beep,Alarm,178441,by
alarm_beep,Alarm,366862,by-nc
alarm_beep,Alarm,223505,by
alarm_beep,Alarm,223506,by
alarm_beep,Alarm,188693,cc0
alarm_beep,Alarm,188694,cc0
alarm_beep,Alarm,188695,cc0
alarm_beep,Alarm,332073,cc0
alarm_beep,Alarm,414008,by-nc
alarm_beep,Alarm,223562,by
alarm_beep,Alarm,241998,cc0
alarm_beep,Alarm,242000,cc0
alarm_beep,Alarm,26974,by-nc
alarm_beep,Alarm,188770,by
alarm_beep,Alarm,344424,cc0
alarm_beep,Alarm,178537,cc0
alarm_beep,Alarm,96637,by
alarm_beep,Alarm,317851,cc0
alarm_beep,Alarm,188828,cc0
alarm_beep,Alarm,59805,cc0
alarm_beep,Alarm,59806,cc0
alarm_beep,Alarm,59807,cc0
alarm_beep,Alarm,135584,cc0
alarm_beep,Alarm,364974,by
alarm_beep,Alarm,217527,cc0
alarm_beep,Alarm,426425,cc0
alarm_beep,Alarm,98746,by
alarm_beep,Alarm,80341,cc0
alarm_beep,Alarm,152025,cc0
alarm_beep,Alarm,80345,cc0
alarm_beep,Alarm,80355,cc0
alarm_beep,Alarm,389604,cc0
alarm_beep,Alarm,125420,cc0
alarm_beep,Alarm,367087,by
alarm_beep,Alarm,207352,by-nc
alarm_beep,Alarm,211451,cc0
alarm_beep,Alarm,328188,cc0
alarm_beep,Alarm,188930,by
alarm_beep,Alarm,188931,by
alarm_beep,Alarm,268805,by
alarm_beep,Alarm,135691,cc0
alarm_beep,Alarm,315919,cc0
alarm_beep,Alarm,137774,cc0
alarm_beep,Alarm,432689,cc0
alarm_beep,Alarm,426548,by-nc
alarm_beep,Alarm,426549,by-nc
alarm_beep,Alarm,164404,cc0
alarm_beep,Alarm,31299,by
alarm_beep,Alarm,182857,cc0
alarm_beep,Alarm,170573,by
alarm_beep,Alarm,346711,cc0
alarm_beep,Alarm,316001,cc0
alarm_beep,Alarm,326252,cc0
alarm_beep,Alarm,275053,cc0
alarm_beep,Alarm,268916,by
alarm_beep,Alarm,268917,by
alarm_beep,Alarm,426615,cc0
alarm_beep,Alarm,41596,by
alarm_beep,Alarm,178817,cc0
alarm_beep,Alarm,178819,cc0
alarm_beep,Alarm,178820,cc0
alarm_beep,Alarm,178821,cc0
alarm_beep,Alarm,98950,cc0
alarm_beep,Alarm,178823,cc0
alarm_beep,Alarm,266891,by
alarm_beep,Alarm,45720,cc0
alarm_beep,Alarm,45721,cc0
alarm_beep,Alarm,66210,by
alarm_beep,Alarm,371369,cc0
alarm_beep,Alarm,133813,by-nc
alarm_beep,Alarm,352958,cc0
alarm_beep,Alarm,361153,cc0
alarm_beep,Alarm,361154,cc0
alarm_beep,Alarm,62164,by
alarm_beep,Alarm,144084,cc0
alarm_beep,Alarm,94933,by-nc
alarm_beep,Alarm,62167,by
alarm_beep,Alarm,176859,by
alarm_beep,Alarm,158427,cc0
alarm_beep,Alarm,78565,by
alarm_beep,Alarm,66288,by
alarm_beep,Alarm,82673,sampling+
alarm_beep,Alarm,66289,by
alarm_beep,Alarm,66290,by
alarm_beep,Alarm,66291,by
alarm_beep,Alarm,66292,by
alarm_beep,Alarm,66293,by
alarm_beep,Alarm,66294,by
alarm_beep,Alarm,66295,by
alarm_beep,Alarm,422649,cc0
alarm_beep,Alarm,66296,by
alarm_beep,Alarm,422651,cc0
alarm_beep,Alarm,66297,by
alarm_beep,Alarm,66298,by
alarm_beep,Alarm,66300,by
alarm_beep,Alarm,262911,by-nc
alarm_beep,Alarm,66303,by
alarm_beep,Alarm,66301,by
alarm_beep,Alarm,66302,by
alarm_beep,Alarm,66299,by
alarm_beep,Alarm,414471,cc0
alarm_beep,Alarm,414472,cc0
alarm_beep,Alarm,215818,by-nc
alarm_beep,Alarm,215819,by-nc
alarm_beep,Alarm,215820,by-nc
alarm_beep,Alarm,215821,by-nc
alarm_beep,Alarm,215822,by-nc
alarm_beep,Alarm,68381,by-nc
alarm_beep,Alarm,271152,cc0
alarm_beep,Alarm,138042,cc0
alarm_beep,Alarm,273213,cc0
alarm_beep,Alarm,179012,by
alarm_beep,Alarm,242502,by
alarm_beep,Alarm,164690,cc0
alarm_beep,Alarm,197472,cc0
alarm_beep,Alarm,144236,by-nc
alarm_beep,Alarm,265080,cc0
alarm_beep,Alarm,265083,cc0
alarm_beep,Alarm,265085,cc0
alarm_beep,Alarm,265088,cc0
alarm_beep,Alarm,156546,by
alarm_beep,Alarm,25480,by
alarm_beep,Alarm,95112,by
alarm_beep,Alarm,95114,by
alarm_beep,Alarm,7056,by
alarm_beep,Alarm,121750,by
alarm_beep,Alarm,121754,by
alarm_beep,Alarm,349084,cc0
alarm_beep,Alarm,121756,by
alarm_beep,Alarm,121758,by
alarm_beep,Alarm,121759,by
alarm_beep,Alarm,158621,cc0
alarm_beep,Alarm,175039,by
alarm_beep,Alarm,267199,cc0
alarm_beep,Alarm,273345,cc0
alarm_beep,Alarm,273344,cc0
alarm_beep,Alarm,273348,cc0
alarm_beep,Alarm,273349,cc0
alarm_beep,Alarm,103391,by
alarm_beep,Alarm,365539,cc0
alarm_beep,Alarm,166888,cc0
alarm_beep,Alarm,164843,by
alarm_beep,Alarm,29679,by
alarm_beep,Alarm,390136,by
alarm_beep,Alarm,17405,by
alarm_beep,Alarm,384004,by
alarm_beep,Alarm,214020,cc0
alarm_beep,Alarm,130054,by-nc
alarm_beep,Alarm,160775,cc0
alarm_beep,Alarm,384009,by
alarm_beep,Alarm,212006,by
alarm_beep,Alarm,271399,by
alarm_beep,Alarm,60463,cc0
alarm_beep,Alarm,31799,by
alarm_beep,Alarm,369720,cc0
alarm_beep,Alarm,177209,cc0
alarm_beep,Alarm,31802,by
alarm_beep,Alarm,269379,cc0
alarm_beep,Alarm,269380,cc0
alarm_beep,Alarm,326730,by-nc
alarm_beep,Alarm,324693,cc0
alarm_beep,Alarm,117848,cc0
alarm_beep,Alarm,347234,cc0
alarm_beep,Alarm,334947,by
alarm_beep,Alarm,334948,by
alarm_beep,Alarm,179301,cc0
alarm_beep,Alarm,171113,by-nc
alarm_beep,Alarm,351343,by
alarm_beep,Alarm,15482,cc0
alarm_beep,Alarm,76927,cc0
alarm_beep,Alarm,410756,by
alarm_beep,Alarm,70789,sampling+
alarm_beep,Alarm,189579,by
alarm_beep,Alarm,201877,by-nc
alarm_beep,Alarm,201878,by-nc
alarm_beep,Alarm,117922,by
alarm_beep,Alarm,369839,cc0
alarm_beep,Alarm,9392,by
alarm_beep,Alarm,9393,by
alarm_beep,Alarm,369840,cc0
alarm_beep,Alarm,369841,cc0
alarm_beep,Alarm,369842,cc0
alarm_beep,Alarm,21680,by
alarm_beep,Alarm,369844,cc0
alarm_beep,Alarm,404678,by
alarm_beep,Alarm,165063,by
alarm_beep,Alarm,85205,cc0
alarm_beep,Alarm,25821,by
alarm_beep,Alarm,77031,by
alarm_beep,Alarm,363771,cc0
alarm_beep,Alarm,29950,by
alarm_beep,Alarm,29951,by
alarm_beep,Alarm,201984,by-nc
alarm_beep,Alarm,236799,by
alarm_beep,Alarm,29962,sampling+
alarm_beep,Alarm,349483,cc0
alarm_beep,Alarm,79147,by
alarm_beep,Alarm,390448,cc0
alarm_beep,Alarm,73011,sampling+
alarm_beep,Alarm,351540,by
alarm_beep,Alarm,351541,by
alarm_beep,Alarm,351542,by
alarm_beep,Alarm,351543,by
alarm_beep,Alarm,351545,by
alarm_beep,Alarm,351547,by
alarm_beep,Alarm,351548,by
alarm_beep,Alarm,345421,by-nc
alarm_beep,Alarm,38229,cc0
alarm_beep,Alarm,85344,cc0
alarm_beep,Alarm,249191,cc0
alarm_beep,Alarm,155009,cc0
alarm_beep,Alarm,30085,by
alarm_beep,Alarm,19880,by
alarm_beep,Alarm,87466,by-nc
alarm_beep,Alarm,339370,by
alarm_beep,Alarm,60844,by
alarm_beep,Alarm,32217,sampling+
alarm_beep,Alarm,32218,sampling+
alarm_beep,Alarm,32219,sampling+
alarm_beep,Alarm,36316,sampling+
alarm_beep,Alarm,36317,sampling+
alarm_beep,Alarm,351721,cc0
alarm_beep,Alarm,89593,by
alarm_beep,Alarm,97786,by
alarm_beep,Alarm,97789,by
alarm_beep,Alarm,175620,by
alarm_beep,Alarm,175621,by
alarm_beep,Alarm,50700,cc0
alarm_beep,Alarm,87574,by
alarm_beep,Alarm,265755,cc0
alarm_beep,Alarm,185887,cc0
alarm_beep,Alarm,93733,by-nc
alarm_beep,Alarm,126504,by
alarm_beep,Alarm,130604,by
alarm_beep,Alarm,212531,by
alarm_beep,Alarm,87604,by
alarm_beep,Alarm,212533,by
alarm_beep,Alarm,212534,by
alarm_beep,Alarm,212535,by
alarm_beep,Alarm,212532,by
alarm_beep,Alarm,431669,cc0
alarm_beep,Alarm,93755,by-nc
alarm_beep,Alarm,319036,by
alarm_beep,Alarm,339518,cc0
alarm_beep,Alarm,245311,by
alarm_beep,Alarm,319040,by
alarm_beep,Alarm,245313,by
alarm_beep,Alarm,71234,cc0
alarm_beep,Alarm,429635,cc0
alarm_beep,Alarm,161347,cc0
alarm_beep,Alarm,153159,by
alarm_beep,Alarm,3659,by
alarm_beep,Alarm,3660,by
alarm_beep,Alarm,34381,by
alarm_beep,Alarm,77392,cc0
alarm_beep,Alarm,79440,cc0
alarm_beep,Alarm,28242,by
alarm_beep,Alarm,71255,sampling+
alarm_beep,Alarm,345699,by
alarm_beep,Alarm,20069,by
alarm_beep,Alarm,345702,by
alarm_beep,Alarm,151147,by
alarm_beep,Alarm,323186,by-nc
alarm_beep,Alarm,157299,cc0
alarm_beep,Alarm,118391,cc0
alarm_beep,Alarm,20101,by
alarm_beep,Alarm,63124,by
alarm_beep,Alarm,251540,by
alarm_beep,Alarm,56986,by
alarm_beep,Alarm,56987,by
alarm_beep,Alarm,153252,by
alarm_beep,Alarm,249509,by
alarm_beep,Alarm,249510,by
alarm_beep,Alarm,153255,by
alarm_beep,Alarm,249511,by
alarm_beep,Alarm,249513,by
alarm_beep,Alarm,186022,by
alarm_beep,Alarm,249515,by
alarm_beep,Alarm,186040,by
alarm_beep,Alarm,251583,by
alarm_beep,Alarm,267967,cc0
alarm_beep,Alarm,267969,cc0
alarm_beep,Alarm,77508,by
alarm_beep,Alarm,134862,by
alarm_beep,Alarm,24271,by
alarm_beep,Alarm,134863,by
alarm_beep,Alarm,79568,by
alarm_beep,Alarm,421596,by-nc
alarm_beep,Alarm,26348,cc0
alarm_beep,Alarm,337655,cc0
alarm_beep,Alarm,337656,cc0
alarm_beep,Alarm,337657,cc0
alarm_beep,Alarm,337658,cc0
alarm_beep,Alarm,83704,cc0
alarm_beep,Alarm,151292,by
alarm_beep,Alarm,26373,by-nc
alarm_beep,Alarm,257806,by
alarm_beep,Alarm,253713,cc0
alarm_beep,Alarm,79633,sampling+
alarm_beep,Alarm,79638,sampling+
alarm_beep,Alarm,79639,sampling+
alarm_beep,Alarm,79650,by
alarm_beep,Alarm,139055,cc0
alarm_beep,Alarm,208699,cc0
alarm_beep,Alarm,208700,cc0
alarm_beep,Alarm,20284,sampling+
alarm_beep,Alarm,112455,cc0
alarm_beep,Alarm,274252,by
alarm_beep,Alarm,259926,cc0
alarm_beep,Alarm,259927,cc0
alarm_beep,Alarm,415576,cc0
alarm_beep,Alarm,415577,cc0
alarm_beep,Alarm,397158,cc0
alarm_beep,Alarm,397159,cc0
alarm_beep,Alarm,397161,cc0
alarm_beep,Alarm,397162,cc0
alarm_beep,Alarm,274288,cc0
alarm_beep,Alarm,274289,cc0
alarm_beep,Alarm,122740,by
alarm_beep,Alarm,186244,by
alarm_beep,Alarm,3977,by
alarm_beep,Alarm,22410,cc0
alarm_beep,Alarm,22411,cc0
alarm_beep,Alarm,157590,by
alarm_beep,Alarm,157591,by
alarm_beep,Alarm,157592,by
alarm_beep,Alarm,157593,by
alarm_beep,Alarm,259992,by-nc
alarm_beep,Alarm,77723,by
alarm_beep,Alarm,257949,cc0
alarm_beep,Alarm,257950,cc0
alarm_beep,Alarm,92066,cc0
alarm_beep,Alarm,147386,by
alarm_beep,Alarm,411581,cc0
alarm_beep,Alarm,178112,by-nc
alarm_beep,Alarm,24520,by
alarm_beep,Alarm,434124,cc0
alarm_beep,Alarm,223182,by
alarm_beep,Alarm,223183,by
alarm_beep,Alarm,69585,cc0
alarm_beep,Alarm,88021,by-nc
alarm_beep,Alarm,98269,cc0
alarm_beep,Alarm,94175,by
alarm_beep,Alarm,274400,by-nc
alarm_beep,Alarm,51169,cc0
alarm_beep,Alarm,407521,by-nc
alarm_beep,Alarm,352230,by
alarm_beep,Alarm,391143,cc0
alarm_beep,Alarm,169958,by-nc
alarm_beep,Alarm,253928,by
alarm_beep,Alarm,352234,by
alarm_beep,Alarm,352235,by
alarm_beep,Alarm,110570,cc0
alarm_beep,Alarm,65514,sampling+
alarm_beep,Alarm,251894,by-nc
alarm_beep,Alarm,142903,by
alarm_beep,Alarm,95739,cc0
alarm_beep,Alarm,175416,cc0
alarm_beep,Alarm,176555,cc0
alarm_beep,Alarm,75828,sampling+
alarm_beep,Alarm,202128,by
alarm_beep,Alarm,391976,by
alarm_beep,Alarm,391978,by
alarm_beep,Alarm,391980,by
alarm_beep,Alarm,38031,cc0
alarm_beep,Alarm,176066,cc0
alarm_beep,Alarm,432641,cc0
alarm_beep,Alarm,28165,cc0
alarm_beep,Alarm,83465,cc0
alarm_beep,Alarm,118807,cc0
alarm_beep,Alarm,166441,by
alarm_beep,Alarm,196139,cc0
alarm_beep,Alarm,72240,by
alarm_beep,Alarm,34865,cc0
alarm_beep,Alarm,217138,by
alarm_beep,Alarm,209970,cc0
alarm_beep,Alarm,423990,cc0
alarm_beep,Alarm,392257,cc0
alarm_beep,Alarm,317533,by-nc
alarm_beep,Alarm,382572,cc0
alarm_beep,Alarm,180339,by
alarm_beep,Alarm,342656,by
alarm_beep,Alarm,94868,by
alarm_beep,Alarm,190647,by-nc
alarm_beep,Alarm,198844,by
alarm_beep,Alarm,59587,by
alarm_beep,Alarm,327381,by-nc
alarm_beep,Alarm,349922,cc0
alarm_beep,Alarm,17124,cc0
alarm_beep,Alarm,91366,sampling+
alarm_beep,Alarm,87275,cc0
alarm_beep,Alarm,44791,by
alarm_beep,Alarm,327417,by-nc
alarm_beep,Alarm,371450,cc0
alarm_beep,Alarm,271110,by
alarm_beep,Alarm,144137,by
alarm_beep,Alarm,431396,by
alarm_beep,Alarm,100647,cc0
alarm_beep,Alarm,362799,by
alarm_beep,Alarm,118577,cc0
alarm_beep,Alarm,118070,cc0
alarm_beep,Alarm,347964,by
alarm_beep,Alarm,118078,cc0
alarm_beep,Alarm,54086,cc0
alarm_beep,Alarm,210254,cc0
alarm_beep,Alarm,58202,by
alarm_beep,Alarm,170848,by
alarm_beep,Alarm,235363,cc0
alarm_beep,Alarm,380772,by
alarm_beep,Alarm,176003,by-nc
alarm_beep,Alarm,394655,cc0
alarm_beep,Alarm,340898,by
alarm_beep,Alarm,340905,by
alarm_beep,Alarm,100265,by
alarm_beep,Alarm,54187,by
alarm_beep,Alarm,179113,by-nc
alarm_beep,Alarm,235962,cc0
alarm_beep,Alarm,136642,cc0
alarm_beep,Alarm,399828,cc0
alarm_beep,Alarm,393179,by-nc
alarm_beep,Alarm,153057,by
alarm_beep,Alarm,276965,by
alarm_beep,Alarm,235506,by
alarm_beep,Alarm,58368,by
alarm_beep,Alarm,117120,cc0
alarm_beep,Alarm,117121,cc0
alarm_beep,Alarm,58371,by
alarm_beep,Alarm,58369,by
alarm_beep,Alarm,378257,cc0
alarm_beep,Alarm,238228,cc0
alarm_beep,Alarm,70936,cc0
alarm_beep,Alarm,70938,cc0
alarm_beep,Alarm,70939,cc0
alarm_beep,Alarm,43806,by
alarm_beep,Alarm,58014,cc0
alarm_beep,Alarm,58015,cc0
alarm_beep,Alarm,431651,cc0
alarm_beep,Alarm,70052,by-nc
alarm_beep,Alarm,348325,cc0
alarm_beep,Alarm,392881,cc0
alarm_beep,Alarm,242101,by
alarm_beep,Alarm,117181,cc0
alarm_beep,Alarm,123085,by
alarm_beep,Alarm,133473,cc0
alarm_beep,Alarm,188004,by
alarm_beep,Alarm,30823,cc0
alarm_beep,Alarm,405358,by-nc
alarm_beep,Alarm,380664,cc0
alarm_beep,Alarm,9922,cc0
alarm_beep,Alarm,218843,cc0
alarm_beep,Alarm,170847,by
alarm_beep,Alarm,170464,by
alarm_beep,Alarm,385946,by
alarm_beep,Alarm,99565,by
alarm_beep,Alarm,339988,by
alarm_beep,Alarm,31775,by
alarm_beep,Alarm,32653,cc0
alarm_beep,Alarm,232784,cc0
alarm_beep,Alarm,85300,by
alarm_beep,Alarm,257430,cc0
alarm_beep,Alarm,110106,by
alarm_beep,Alarm,207135,cc0
alarm_beep,Alarm,315904,by-nc
alarm_beep,Alarm,120832,cc0
alarm_beep,Alarm,180737,cc0
alarm_beep,Alarm,263680,by
alarm_beep,Alarm,137734,cc0
alarm_beep,Alarm,403981,by
alarm_beep,Alarm,403980,by
alarm_beep,Alarm,260627,by
alarm_beep,Alarm,86040,sampling+
alarm_beep,Alarm,233502,cc0
alarm_beep,Alarm,162851,by-nc
alarm_beep,Alarm,76325,sampling+
alarm_beep,Alarm,277032,by
alarm_beep,Alarm,277033,by
alarm_beep,Alarm,346108,cc0
alarm_beep,Alarm,209969,cc0
alarm_beep,Alarm,316977,cc0
alarm_beep,Alarm,376374,cc0
alarm_beep,Alarm,328758,cc0
alarm_beep,Alarm,209977,cc0
alarm_beep,Alarm,17468,cc0
alarm_beep,Alarm,405573,cc0
alarm_beep,Alarm,155717,cc0
alarm_beep,Alarm,64073,by
alarm_beep,Alarm,398415,cc0
alarm_beep,Alarm,405585,cc0
alarm_beep,Alarm,210513,cc0
alarm_beep,Alarm,405590,cc0
alarm_beep,Alarm,405592,cc0
alarm_beep,Alarm,340061,by
alarm_beep,Alarm,376926,by
alarm_beep,Alarm,30303,by-nc
alarm_beep,Alarm,369250,by
alarm_beep,Alarm,186474,by
alarm_beep,Alarm,219246,cc0
alarm_beep,Alarm,209523,cc0
alarm_beep,Alarm,181363,by
alarm_beep,Alarm,352374,cc0
alarm_beep,Alarm,403575,cc0
alarm_beep,Alarm,117883,sampling+
alarm_beep,Alarm,182401,cc0
alarm_beep,Alarm,209536,cc0
alarm_beep,Alarm,408709,by-nc
alarm_beep,Alarm,372871,cc0
alarm_beep,Alarm,409230,cc0
alarm_beep,Alarm,408722,by-nc
alarm_beep,Alarm,191125,by
alarm_beep,Alarm,171674,by
alarm_beep,Alarm,105117,by-nc
alarm_beep,Alarm,137886,by
alarm_beep,Alarm,109214,cc0
alarm_beep,Alarm,109216,cc0
alarm_beep,Alarm,109217,cc0
alarm_beep,Alarm,419491,cc0
alarm_beep,Alarm,34979,cc0
alarm_beep,Alarm,330400,cc0
alarm_beep,Alarm,264863,by
alarm_beep,Alarm,323238,cc0
alarm_beep,Alarm,398004,cc0
alarm_beep,Alarm,58550,by
alarm_beep,Alarm,234681,by
alarm_beep,Alarm,210612,cc0
alarm_beep,Alarm,198841,by
alarm_beep,Alarm,81085,by-nc
alarm_beep,Alarm,254146,by-nc
alarm_beep,Alarm,125126,by
alarm_beep,Alarm,53448,cc0
alarm_beep,Alarm,234697,by
alarm_beep,Alarm,349391,cc0
alarm_beep,Alarm,88787,cc0
alarm_beep,Alarm,345815,cc0
alarm_beep,Alarm,388824,by
alarm_beep,Alarm,78562,by
alarm_beep,Alarm,119523,cc0
alarm_beep,Alarm,120557,by
alarm_beep,Alarm,14577,by
alarm_beep,Alarm,360692,by
alarm_beep,Alarm,274682,by
alarm_beep,Alarm,329978,by
alarm_beep,Alarm,245500,by-nc
alarm_beep,Alarm,236291,cc0
alarm_beep,Alarm,391436,by
alarm_beep,Alarm,117518,cc0
alarm_beep,Alarm,419086,cc0
alarm_beep,Alarm,26385,by
alarm_beep,Alarm,232210,by-nc
alarm_beep,Alarm,332563,cc0
alarm_beep,Alarm,167194,by
alarm_beep,Alarm,81179,by
alarm_beep,Alarm,49310,by
alarm_beep,Alarm,54047,cc0
alarm_beep,Alarm,424739,cc0
alarm_beep,Alarm,321832,by-nc
alarm_beep,Alarm,141308,cc0
alarm_beep,Alarm,117041,by
alarm_beep,Alarm,423217,by
alarm_beep,Alarm,22847,cc0
alarm_beep,Alarm,367437,cc0
alarm_beep,Alarm,337754,cc0
alarm_beep,Alarm,181597,cc0
alarm_beep,Alarm,328541,cc0
alarm_beep,Alarm,104803,by
alarm_beep,Alarm,366440,cc0
alarm_beep,Alarm,395629,cc0
alarm_beep,Alarm,72558,by-nc
alarm_beep,Alarm,127857,cc0
alarm_beep,Alarm,361333,by
alarm_beep,Alarm,168825,by-nc
alarm_beep,Alarm,88445,cc0
alarm_beep,Alarm,430983,cc0
alarm_beep,Alarm,117126,by-nc
alarm_beep,Alarm,19853,sampling+
alarm_beep,Alarm,189332,cc0
alarm_beep,Alarm,411030,cc0
alarm_beep,Alarm,91557,cc0
alarm_beep,Alarm,120229,cc0
alarm_beep,Alarm,362918,by-nc
alarm_beep,Alarm,109483,by
alarm_beep,Alarm,137134,cc0
alarm_beep,Alarm,22457,by
alarm_beep,Alarm,210363,cc0
alarm_beep,Alarm,156100,cc0
alarm_beep,Alarm,19911,by
alarm_beep,Alarm,259537,cc0
alarm_beep,Alarm,58325,by
alarm_beep,Alarm,123349,cc0
alarm_beep,Alarm,118234,by-nc
alarm_beep,Alarm,238561,by
alarm_beep,Alarm,238562,by
alarm_beep,Alarm,131560,by
alarm_beep,Alarm,108011,by-nc
alarm_beep,Alarm,249835,cc0
alarm_beep,Alarm,101354,by-nc
alarm_beep,Alarm,175081,by-nc
alarm_beep,Alarm,101355,by-nc
alarm_beep,Alarm,345068,cc0
alarm_beep,Alarm,144883,cc0
alarm_beep,Alarm,394221,cc0
alarm_beep,Alarm,380398,cc0
alarm_beep,Alarm,326645,by-nc
alarm_beep,Alarm,141309,cc0
alarm_beep,Alarm,207871,by
alarm_beep,Alarm,26217,cc0
alarm_beep,Alarm,403213,by
alarm_beep,Alarm,119634,by
alarm_beep,Alarm,119633,by
alarm_beep,Alarm,69384,cc0
alarm_beep,Alarm,409038,by-nc
alarm_beep,Alarm,380482,cc0
alarm_beep,Alarm,123307,cc0
alarm_beep,Alarm,16774,by
alarm_beep,Alarm,29621,by
alarm_beep,Alarm,123306,cc0
alarm_beep,Alarm,345807,cc0
alarm_beep,Alarm,123305,cc0
alarm_beep,Alarm,185631,cc0
alarm_beep,Alarm,59738,by
alarm_beep,Alarm,349187,by-nc
alarm_beep,Alarm,14575,by
alarm_beep,Alarm,98023,by
alarm_beep,Alarm,345180,by
alarm_beep,Alarm,258264,by
alarm_beep,Alarm,330601,cc0
alarm_beep,Alarm,190953,cc0
alarm_beep,Alarm,365566,by-nc
alarm_beep,Alarm,413691,cc0
alarm_beep,Alarm,119555,cc0
alarm_beep,Alarm,345737,cc0
alarm_beep,Alarm,53447,cc0
alarm_beep,Alarm,197225,by
alarm_beep,Alarm,345738,cc0
alarm_beep,Alarm,344606,cc0
alarm_beep,Alarm,42206,cc0
alarm_beep,Alarm,132742,cc0
alarm_beep,Alarm,345803,cc0
alarm_beep,Alarm,342166,by
alarm_beep,Alarm,415763,cc0
alarm_beep,Alarm,123308,cc0
alarm_beep,Alarm,23441,by
alarm_beep,Alarm,403331,by
alarm_beep,Alarm,197224,by
alarm_beep,Alarm,132602,cc0
alarm_beep,Alarm,397919,cc0
alarm_beep,Alarm,345275,cc0
alarm_beep,Alarm,397621,cc0
alarm_beep,Alarm,2539,cc0
alarm_beep,Alarm,232963,cc0
alarm_beep,Alarm,57771,by
alarm_beep,Alarm,342654,by
alarm_beep,Alarm,393465,cc0
alarm_beep,Alarm,389518,cc0
alarm_beep,Alarm,198297,by-nc
alarm_beep,Alarm,414494,cc0
alarm_beep,Alarm,253605,by
alarm_beep,Alarm,369202,cc0
alarm_beep,Alarm,119635,by
alarm_beep,Alarm,345813,cc0
alarm_beep,Alarm,104293,by-nc
alarm_beep,Alarm,371179,cc0
alarm_beep,Alarm,349662,cc0
alarm_beep,Alarm,378354,cc0
alarm_beep,Alarm,108536,cc0
alarm_beep,Alarm,189764,by
alarm_beep,Alarm,424946,cc0
alarm_beep,Alarm,189765,by
alarm_beep,Alarm,378898,by
alarm_beep,Alarm,189754,by
alarm_beep,Alarm,14576,by
alarm_beep,Alarm,189766,by
alarm_beep,Alarm,152953,by
alarm_beep,Alarm,118101,by
alarm_beep,Alarm,430842,cc0
alarm_beep,Alarm,206080,cc0
alarm_beep,Alarm,152595,by
alarm_beep,Alarm,89946,by
alarm_beep,Alarm,405627,cc0
alarm_beep,Alarm,378911,cc0
alarm_beep,Alarm,138037,cc0
alarm_beep,Alarm,88528,cc0
alarm_beep,Alarm,378912,cc0
alarm_beep,Alarm,423626,cc0
alarm_beep,Alarm,210270,cc0
alarm_beep,Alarm,124501,by
alarm_beep,Alarm,131989,by-nc
alarm_beep,Alarm,120010,by
alarm_beep,Alarm,32320,cc0
alarm_beep,Alarm,417076,cc0
alarm_beep,Alarm,81875,cc0
alarm_beep,Alarm,378908,cc0
alarm_beep,Alarm,431320,cc0
alarm_beep,Alarm,210262,cc0
alarm_beep,Alarm,206081,cc0
alarm_beep,Alarm,188032,cc0
alarm_beep,Alarm,185056,cc0
alarm_beep,Alarm,191901,by
alarm_beep,Alarm,405572,cc0
alarm_beep,Alarm,415298,cc0
alarm_beep,Alarm,156064,cc0
alarm_beep,Alarm,120493,by-nc
alarm_beep,Alarm,153054,by
alarm_beep,Alarm,206082,cc0
alarm_beep,Alarm,186096,by
alarm_beep,Alarm,78957,sampling+
alarm_beep,Alarm,372893,by-nc
alarm_beep,Alarm,134688,cc0
alarm_beep,Alarm,400695,cc0
alarm_beep,Alarm,210269,cc0
alarm_beep,Alarm,29623,by-nc
alarm_beep,Alarm,32321,cc0
alarm_beep,Alarm,124502,by
alarm_beep,Alarm,120501,by-nc
alarm_beep,Alarm,233062,cc0
alarm_beep,Alarm,90649,by
alarm_beep,Alarm,154402,cc0
alarm_beep,Alarm,399092,cc0
alarm_beep,Alarm,249538,cc0
alarm_beep,Alarm,406233,cc0
alarm_beep,Alarm,406240,cc0
alarm_beep,Alarm,383778,by
alarm_beep,Alarm,192454,by
alarm_beep,Alarm,365575,by-nc
alarm_beep,Alarm,347400,by-nc
alarm_beep,Alarm,69385,cc0
alarm_beep,Alarm,69386,cc0
alarm_beep,Alarm,410384,by-nc
alarm_beep,Alarm,317330,by
alarm_beep,Alarm,53268,by
alarm_beep,Alarm,119958,by-nc
alarm_beep,Alarm,106270,by-nc
alarm_beep,Alarm,331680,cc0
alarm_beep,Alarm,348322,cc0
alarm_beep,Alarm,81065,by-nc
alarm_beep,Alarm,131641,by-nc
alarm_beep,Alarm,131642,by-nc
alarm_beep,Alarm,131643,by-nc
alarm_beep,Alarm,168028,by
alarm_beep,Alarm,168029,by
alarm_beep,Alarm,426594,cc0
alarm_beep,Alarm,393333,cc0
alarm_beep,Alarm,54277,cc0
alarm_beep,Alarm,1032,by
alarm_beep,Alarm,186393,cc0
alarm_beep,Alarm,76828,by
alarm_beep,Alarm,119849,cc0
alarm_beep,Alarm,220716,by
alarm_beep,Alarm,71222,cc0
alarm_beep,Alarm,52287,cc0
alarm_beep,Alarm,64085,by
alarm_beep,Alarm,64091,by
alarm_beep,Alarm,85088,cc0
alarm_beep,Alarm,198241,by-nc
alarm_beep,Alarm,245860,cc0
alarm_beep,Alarm,403565,cc0
alarm_beep,Alarm,26228,sampling+
alarm_beep,Alarm,184441,cc0
alarm_beep,Alarm,129657,cc0
alarm_beep,Alarm,154770,cc0
alarm_beep,Alarm,344221,cc0
alarm_beep,Alarm,171679,by-nc
alarm_beep,Alarm,339105,cc0
alarm_beep,Alarm,339106,cc0
alarm_beep,Alarm,81061,by-nc
alarm_beep,Alarm,81062,by-nc
alarm_beep,Alarm,81063,by-nc
alarm_beep,Alarm,219308,cc0
alarm_beep,Alarm,180913,by-nc
alarm_beep,Alarm,391870,by-nc
alarm_beep,Alarm,164031,by-nc
alarm_beep,Alarm,164032,by-nc
alarm_beep,Alarm,164033,by-nc
alarm_beep,Alarm,423103,by
alarm_beep,Alarm,164036,by-nc
alarm_beep,Alarm,245445,cc0
alarm_beep,Alarm,345805,cc0
alarm_beep,Alarm,261838,cc0
alarm_beep,Alarm,187600,by
alarm_beep,Alarm,345808,cc0
alarm_beep,Alarm,120530,by
alarm_beep,Alarm,345810,cc0
alarm_beep,Alarm,345812,cc0
alarm_beep,Alarm,406231,cc0
alarm_beep,Alarm,403674,by
alarm_beep,Alarm,406235,cc0
alarm_beep,Alarm,406244,cc0
alarm_beep,Alarm,154387,cc0
alarm_beep,Alarm,42262,by
alarm_beep,Alarm,118040,sampling+
alarm_beep,Alarm,189727,by
alarm_beep,Alarm,381728,cc0
alarm_beep,Alarm,383779,by
alarm_beep,Alarm,397097,cc0
alarm_beep,Alarm,118080,cc0
alarm_beep,Alarm,77133,by-nc
alarm_beep,Alarm,60755,by
alarm_beep,Alarm,367447,cc0
alarm_beep,Alarm,383832,cc0
alarm_beep,Alarm,118107,by
alarm_beep,Alarm,75104,by
alarm_beep,Alarm,341870,cc0
alarm_beep,Alarm,391557,cc0
alarm_beep,Alarm,117642,by
alarm_beep,Alarm,204186,cc0
alarm_beep,Alarm,13727,by
alarm_beep,Alarm,85439,by
alarm_beep,Alarm,248256,by
alarm_beep,Alarm,84930,sampling+
alarm_beep,Alarm,118229,by
alarm_beep,Alarm,170455,by-nc
alarm_beep,Alarm,17895,by-nc
alarm_beep,Chime,266439,by
alarm_beep,Chime,95752,by
alarm_beep,Chime,257551,by
alarm_beep,Chime,49168,by
alarm_beep,Chime,49169,by
alarm_beep,Chime,49170,by
alarm_beep,Chime,32796,by
alarm_beep,Chime,339492,cc0
alarm_beep,Chime,14640,by
alarm_beep,Chime,14642,by
alarm_beep,Chime,14643,by
alarm_beep,Chime,260416,by
alarm_beep,Chime,423491,cc0
alarm_beep,Chime,423492,cc0
alarm_beep,Chime,423495,cc0
alarm_beep,Chime,375626,cc0
alarm_beep,Chime,375627,cc0
alarm_beep,Chime,22346,sampling+
alarm_beep,Chime,375630,cc0
alarm_beep,Chime,182625,by-nc
alarm_beep,Chime,182626,by-nc
alarm_beep,Chime,182627,by-nc
alarm_beep,Chime,182628,by-nc
alarm_beep,Chime,44150,by
alarm_beep,Chime,44151,by
alarm_beep,Chime,44153,by
alarm_beep,Chime,44155,by
alarm_beep,Chime,44159,by
alarm_beep,Chime,44160,by
alarm_beep,Chime,96643,by
alarm_beep,Chime,44166,by
alarm_beep,Chime,30606,by-nc
alarm_beep,Chime,398495,cc0
alarm_beep,Chime,353194,by
alarm_beep,Chime,26039,by
alarm_beep,Chime,15547,by
alarm_beep,Chime,15548,by
alarm_beep,Chime,15549,by
alarm_beep,Chime,118978,cc0
alarm_beep,Chime,118979,cc0
alarm_beep,Chime,235460,cc0
alarm_beep,Chime,131012,by
alarm_beep,Chime,131014,by
alarm_beep,Chime,235463,cc0
alarm_beep,Chime,131015,by
alarm_beep,Chime,131013,by
alarm_beep,Chime,361427,cc0
alarm_beep,Chime,273883,cc0
alarm_beep,Chime,94171,by
alarm_beep,Chime,84701,by
alarm_beep,Chime,273885,cc0
alarm_beep,Chime,273887,cc0
alarm_beep,Chime,273888,cc0
alarm_beep,Chime,273886,cc0
alarm_beep,Chime,50400,cc0
alarm_beep,Chime,50401,cc0
alarm_beep,Chime,50402,cc0
alarm_beep,Chime,50403,cc0
alarm_beep,Chime,50404,cc0
alarm_beep,Chime,50405,cc0
alarm_beep,Chime,273890,cc0
alarm_beep,Chime,273891,cc0
alarm_beep,Chime,89060,by
alarm_beep,Chime,273893,cc0
alarm_beep,Chime,231409,by
alarm_beep,Chime,62967,by-nc
alarm_beep,Chime,352661,by
alarm_beep,Chime,352669,by
alarm_beep,Chime,51719,by-nc
alarm_beep,Chime,51705,by-nc
alarm_beep,Chime,11617,by
alarm_beep,Chime,51712,by-nc
alarm_beep,Chime,51713,by-nc
alarm_beep,Chime,51714,by-nc
alarm_beep,Chime,51715,by-nc
alarm_beep,Chime,51716,by-nc
alarm_beep,Chime,51717,by-nc
alarm_beep,Chime,51718,by-nc
alarm_beep,Chime,62987,by
alarm_beep,Chime,277516,cc0
alarm_beep,Chime,257549,by
alarm_beep,Chime,257550,by
alarm_beep,Chime,29966,sampling+
alarm_beep,Chime,32784,sampling+
alarm_beep,Chime,29967,sampling+
alarm_beep,Chime,63000,by
alarm_beep,Chime,14364,by-nc
alarm_beep,Chime,14370,by-nc
alarm_beep,Chime,51703,by-nc
alarm_beep,Chime,347684,cc0
alarm_beep,Chime,254505,cc0
alarm_beep,Chime,51707,by-nc
alarm_beep,Chime,424249,cc0
alarm_beep,Chime,424250,cc0
alarm_beep,Chime,91452,by
alarm_beep,Chime,51708,by-nc
alarm_beep,Chime,72621,cc0
alarm_beep,Chime,51709,by-nc
alarm_beep,Chime,55108,by
alarm_beep,Chime,22345,sampling+
alarm_beep,Chime,432459,cc0
alarm_beep,Chime,414558,by
alarm_beep,Chime,414559,by
alarm_beep,Chime,263542,by
alarm_beep,Chime,372091,by-nc
alarm_beep,Chime,399233,cc0
alarm_beep,Chime,399234,cc0
alarm_beep,Chime,44164,by
alarm_beep,Chime,360835,cc0
alarm_beep,Chime,171957,by-nc
alarm_beep,Chime,62968,by-nc
alarm_beep,Chime,62969,by-nc
alarm_beep,Chime,62970,by-nc
alarm_beep,Chime,62971,by-nc
alarm_beep,Chime,350362,by
alarm_beep,Chime,203935,cc0
alarm_beep,Chime,398496,cc0
alarm_beep,Chime,31905,by
alarm_beep,Chime,378274,cc0
alarm_beep,Chime,211624,by
alarm_beep,Chime,422059,by
alarm_beep,Chime,422060,by
alarm_beep,Chime,422061,by
alarm_beep,Chime,422062,by
alarm_beep,Chime,422063,by
alarm_beep,Chime,351408,cc0
alarm_beep,Chime,422064,by
alarm_beep,Chime,422065,by
alarm_beep,Chime,422066,by
alarm_beep,Chime,422067,by
alarm_beep,Chime,422068,by
alarm_beep,Chime,190133,by
alarm_beep,Chime,422070,by
alarm_beep,Chime,422069,by
alarm_beep,Chime,422071,by
alarm_beep,Chime,422073,by
alarm_beep,Chime,422074,by
alarm_beep,Chime,422075,by
alarm_beep,Chime,422072,by
alarm_beep,Chime,422077,by
alarm_beep,Chime,422078,by
alarm_beep,Chime,422076,by
alarm_beep,Chime,147898,cc0
alarm_beep,Chime,382915,by-nc
alarm_beep,Chime,1734,by
alarm_beep,Chime,369610,by
alarm_beep,Chime,244965,by
alarm_beep,Chime,18917,by-nc
alarm_beep,Chime,343786,cc0
alarm_beep,Chime,18925,by-nc
alarm_beep,Chime,51695,by-nc
alarm_beep,Chime,51696,by-nc
alarm_beep,Chime,51694,by-nc
alarm_beep,Chime,51698,by-nc
alarm_beep,Chime,51697,by-nc
alarm_beep,Chime,51700,by-nc
alarm_beep,Chime,221681,cc0
alarm_beep,Chime,246258,cc0
alarm_beep,Chime,51699,by-nc
alarm_beep,Chime,51706,by-nc
alarm_beep,Chime,51701,by-nc
alarm_beep,Chime,339445,by-nc
alarm_beep,Chime,51710,by-nc
alarm_beep,Chime,51711,by-nc
alarm_beep,Chime,53284,by
alarm_beep,Chime,31462,by
alarm_beep,Chime,181269,cc0
alarm_beep,Chime,399538,cc0
alarm_beep,Chime,263661,by
alarm_beep,Chime,30425,sampling+
alarm_beep,Chime,217800,cc0
alarm_beep,Chime,426309,cc0
alarm_beep,Chime,366764,by-nc
alarm_beep,Chime,408500,by-nc
alarm_beep,Chime,326342,by-nc
alarm_beep,Chime,169855,cc0
alarm_beep,Chime,83512,sampling+
alarm_beep,Chime,185457,by
alarm_beep,Chime,416207,by-nc
alarm_beep,Chime,367669,cc0
alarm_beep,Chime,26922,by
alarm_beep,Chime,413189,by
alarm_beep,Chime,328059,by
alarm_beep,Chime,424032,by
alarm_beep,Chime,9247,sampling+
alarm_beep,Chime,150239,cc0
alarm_beep,Chime,198863,by
alarm_beep,Chime,19591,by
alarm_beep,Chime,268753,by
alarm_beep,Chime,159568,cc0
alarm_beep,Chime,17091,by
alarm_beep,Chime,181897,cc0
alarm_beep,Chime,246055,cc0
alarm_beep,Chime,71580,sampling+
alarm_beep,Chime,329856,by
alarm_beep,Chime,58385,by
alarm_beep,Chime,235369,cc0
alarm_beep,Chime,219636,cc0
alarm_beep,Chime,329859,by
alarm_beep,Chime,59739,by
alarm_beep,Chime,366492,by-nc
alarm_beep,Chime,424033,by
alarm_beep,Chime,169281,cc0
alarm_beep,Chime,359120,cc0
alarm_beep,Chime,426595,cc0
alarm_beep,Chime,246056,cc0
alarm_beep,Chime,394730,cc0
alarm_beep,Chime,426921,cc0
alarm_beep,Chime,17756,by-nc
alarm_beep,Chime,376647,cc0
alarm_beep,Chime,169853,cc0
alarm_beep,Chime,67112,cc0
alarm_beep,Chime,407704,by-nc
alarm_beep,Chime,366877,by-nc
alarm_beep,Chime,413194,by
alarm_beep,Chime,130586,by
alarm_beep,Chime,408498,by-nc
alarm_beep,Chime,263658,by
alarm_beep,Chime,65292,by
alarm_beep,Chime,320492,by-nc
alarm_beep,Chime,70090,by
alarm_beep,Chime,409033,by-nc
alarm_beep,Chime,384088,by
alarm_beep,Chime,325696,by-nc
alarm_beep,Chime,91947,sampling+
alarm_beep,Chime,51399,by
alarm_beep,Chime,239040,cc0
alarm_beep,Chime,75832,by-nc
alarm_beep,Chime,44099,by
alarm_beep,Chime,78201,by
alarm_beep,Chime,133771,by
alarm_beep,Chime,185822,cc0
alarm_beep,Chime,391905,cc0
alarm_beep,Chime,75337,cc0
alarm_beep,Chime,78209,by
alarm_beep,Chime,244252,cc0
alarm_beep,Chime,333629,cc0
alarm_beep,Chime,416842,by-nc
alarm_beep,Chime,27082,by
alarm_beep,Chime,78208,by
alarm_beep,Chime,22267,sampling+
alarm_beep,Chime,391340,by-nc
alarm_beep,Chime,219635,cc0
alarm_beep,Chime,19588,by
alarm_beep,Chime,145578,cc0
alarm_beep,Chime,185821,cc0
alarm_beep,Chime,198850,by
alarm_beep,Chime,186719,by
alarm_beep,Chime,366677,cc0
alarm_beep,Chime,78202,by
alarm_beep,Chime,19589,by
alarm_beep,Chime,180522,by
alarm_beep,Chime,384089,by
alarm_beep,Doorbell,277510,by
alarm_beep,Doorbell,69181,sampling+
alarm_beep,Doorbell,69184,sampling+
alarm_beep,Doorbell,361564,cc0
alarm_beep,Doorbell,203941,cc0
alarm_beep,Doorbell,203942,cc0
alarm_beep,Doorbell,203945,cc0
alarm_beep,Doorbell,203947,cc0
alarm_beep,Doorbell,275629,cc0
alarm_beep,Doorbell,192761,cc0
alarm_beep,Doorbell,196378,by
alarm_beep,Doorbell,196379,by
alarm_beep,Doorbell,196380,by
alarm_beep,Doorbell,223672,cc0
alarm_beep,Doorbell,70102,by
alarm_beep,Doorbell,21986,by
alarm_beep,Doorbell,243607,by
alarm_beep,Doorbell,155769,by-nc
alarm_beep,Doorbell,155770,by-nc
alarm_beep,Doorbell,155776,by-nc
alarm_beep,Doorbell,100634,by
alarm_beep,Doorbell,187306,cc0
alarm_beep,Doorbell,187314,cc0
alarm_beep,Doorbell,253982,by
alarm_beep,Doorbell,125967,cc0
alarm_beep,Doorbell,347677,cc0
alarm_beep,Doorbell,29726,sampling+
alarm_beep,Doorbell,426019,by
alarm_beep,Doorbell,418867,by
alarm_beep,Doorbell,332858,by
alarm_beep,Doorbell,69182,sampling+
alarm_beep,Doorbell,69185,sampling+
alarm_beep,Doorbell,417858,cc0
alarm_beep,Doorbell,319041,by
alarm_beep,Doorbell,77892,cc0
alarm_beep,Doorbell,371782,cc0
alarm_beep,Doorbell,347216,by
alarm_beep,Doorbell,347217,by
alarm_beep,Doorbell,110165,cc0
alarm_beep,Doorbell,407637,cc0
alarm_beep,Doorbell,275564,by
alarm_beep,Doorbell,275565,by
alarm_beep,Doorbell,275566,by
alarm_beep,Doorbell,87151,by
alarm_beep,Doorbell,275567,by
alarm_beep,Doorbell,275569,by
alarm_beep,Doorbell,275568,by
alarm_beep,Doorbell,275570,by
alarm_beep,Doorbell,275571,by
alarm_beep,Doorbell,275068,by
alarm_beep,Doorbell,275069,by
alarm_beep,Doorbell,76925,by
alarm_beep,Doorbell,205949,by
alarm_beep,Doorbell,275072,by
alarm_beep,Doorbell,275070,by
alarm_beep,Doorbell,275071,by
alarm_beep,Doorbell,41629,by
alarm_beep,Doorbell,212127,by
alarm_beep,Doorbell,212128,by
alarm_beep,Doorbell,212129,by
alarm_beep,Doorbell,203943,cc0
alarm_beep,Doorbell,203944,cc0
alarm_beep,Doorbell,203946,cc0
alarm_beep,Doorbell,203948,cc0
alarm_beep,Doorbell,81072,by
alarm_beep,Doorbell,88243,cc0
alarm_beep,Doorbell,218317,cc0
alarm_beep,Doorbell,177875,by
alarm_beep,Doorbell,370919,by
alarm_beep,Doorbell,171755,cc0
alarm_beep,Doorbell,422668,cc0
alarm_beep,Doorbell,196368,by
alarm_beep,Doorbell,196370,by
alarm_beep,Doorbell,196371,by
alarm_beep,Doorbell,196372,by
alarm_beep,Doorbell,196373,by
alarm_beep,Doorbell,196374,by
alarm_beep,Doorbell,196375,by
alarm_beep,Doorbell,196376,by
alarm_beep,Doorbell,196377,by
alarm_beep,Doorbell,418074,cc0
alarm_beep,Doorbell,268074,by
alarm_beep,Doorbell,268076,by
alarm_beep,Doorbell,331569,cc0
alarm_beep,Doorbell,106803,by-nc
alarm_beep,Doorbell,273719,by
alarm_beep,Doorbell,20285,by-nc
alarm_beep,Doorbell,242494,cc0
alarm_beep,Doorbell,79180,sampling+
alarm_beep,Doorbell,151893,cc0
alarm_beep,Doorbell,399205,cc0
alarm_beep,Doorbell,335224,by
alarm_beep,Doorbell,411515,by
alarm_beep,Doorbell,411517,by
alarm_beep,Doorbell,411519,by
alarm_beep,Doorbell,411521,by
alarm_beep,Doorbell,163730,by
alarm_beep,Doorbell,31133,cc0
alarm_beep,Doorbell,223671,cc0
alarm_beep,Doorbell,223673,cc0
alarm_beep,Doorbell,415164,cc0
alarm_beep,Doorbell,93646,by
alarm_beep,Doorbell,249303,by
alarm_beep,Doorbell,123350,cc0
alarm_beep,Doorbell,21985,by
alarm_beep,Doorbell,383976,cc0
alarm_beep,Doorbell,403439,by
alarm_beep,Doorbell,31775,by
alarm_beep,Doorbell,330400,cc0
alarm_beep,Doorbell,332563,cc0
alarm_beep,Doorbell,131560,by
alarm_beep,Doorbell,403213,by
alarm_beep,Doorbell,69384,cc0
alarm_beep,Doorbell,397919,cc0
alarm_beep,Doorbell,345275,cc0
alarm_beep,Doorbell,397621,cc0
alarm_beep,Doorbell,2539,cc0
alarm_beep,Doorbell,57771,by
alarm_beep,Doorbell,342654,by
alarm_beep,Doorbell,118101,by
alarm_beep,Doorbell,131989,by-nc
alarm_beep,Doorbell,400695,cc0
alarm_beep,Doorbell,399092,cc0
alarm_beep,Doorbell,365575,by-nc
alarm_beep,Doorbell,347400,by-nc
alarm_beep,Doorbell,69385,cc0
alarm_beep,Doorbell,69386,cc0
alarm_beep,Doorbell,410384,by-nc
alarm_beep,Doorbell,317330,by
alarm_beep,Doorbell,53268,by
alarm_beep,Doorbell,119958,by-nc
alarm_beep,Doorbell,106270,by-nc
alarm_beep,Doorbell,331680,cc0
alarm_beep,Doorbell,348322,cc0
alarm_beep,Doorbell,81065,by-nc
alarm_beep,Doorbell,131641,by-nc
alarm_beep,Doorbell,131642,by-nc
alarm_beep,Doorbell,131643,by-nc
alarm_beep,Doorbell,168028,by
alarm_beep,Doorbell,168029,by
alarm_beep,Doorbell,426594,cc0
alarm_beep,Doorbell,393333,cc0
alarm_beep,Siren,159745,cc0
alarm_beep,Siren,159750,cc0
alarm_beep,Siren,159753,cc0
alarm_beep,Siren,268809,cc0
alarm_beep,Siren,159754,cc0
alarm_beep,Siren,159755,cc0
alarm_beep,Siren,338973,cc0
alarm_beep,Siren,88121,sampling+
alarm_beep,Siren,223824,cc0
alarm_beep,Siren,89682,by
alarm_beep,Siren,89683,by
alarm_beep,Siren,392801,by
alarm_beep,Siren,421017,cc0
alarm_beep,Siren,65152,by
alarm_beep,Siren,34952,by-nc
alarm_beep,Siren,322205,cc0
alarm_beep,Siren,108192,by
alarm_beep,Siren,168621,by
alarm_beep,Siren,156868,cc0
alarm_beep,Siren,23750,by
alarm_beep,Siren,98536,sampling+
alarm_beep,Siren,31482,by
alarm_beep,Siren,320767,by
alarm_beep,Siren,319751,by
alarm_beep,Siren,28426,by
alarm_beep,Siren,165166,cc0
alarm_beep,Siren,184623,cc0
alarm_beep,Siren,181601,by
alarm_beep,Siren,388972,by
alarm_beep,Siren,315758,cc0
alarm_beep,Siren,364911,by
alarm_beep,Siren,159743,cc0
alarm_beep,Siren,65929,by
alarm_beep,Siren,62878,by-nc
alarm_beep,Siren,162719,by
alarm_beep,Siren,116664,by
alarm_beep,Siren,268221,cc0
alarm_beep,Siren,393662,cc0
alarm_beep,Siren,393665,cc0
alarm_beep,Siren,393666,cc0
alarm_beep,Siren,393667,cc0
alarm_beep,Siren,203720,cc0
alarm_beep,Siren,128459,by
alarm_beep,Siren,256469,by-nc
alarm_beep,Siren,34280,cc0
alarm_beep,Siren,93676,by-nc
alarm_beep,Siren,353265,cc0
alarm_beep,Siren,277508,by
alarm_beep,Siren,93643,by-nc
alarm_beep,Siren,168258,cc0
alarm_beep,Siren,381957,cc0
alarm_beep,Siren,46092,by
alarm_beep,Siren,372251,cc0
alarm_beep,Siren,332918,cc0
alarm_beep,Siren,258169,by
alarm_beep,Siren,262278,cc0
alarm_beep,Siren,382620,by-nc
alarm_beep,Siren,353956,by
alarm_beep,Siren,202418,by-nc
alarm_beep,Siren,324275,cc0
alarm_beep,Siren,410825,by
alarm_beep,Siren,201945,cc0
alarm_beep,Siren,208652,cc0
alarm_beep,Siren,67358,by
alarm_beep,Siren,67359,by
alarm_beep,Siren,377125,by
alarm_beep,Siren,377126,by
alarm_beep,Siren,273750,cc0
alarm_beep,Siren,87393,by
alarm_beep,Siren,201611,cc0
alarm_beep,Siren,34733,cc0
alarm_beep,Siren,326074,cc0
alarm_beep,Siren,93639,by
alarm_beep,Siren,261593,by
alarm_beep,Siren,324579,by
alarm_beep,Siren,336894,by
alarm_beep,Siren,58368,by
alarm_beep,Siren,117120,cc0
alarm_beep,Siren,117121,cc0
alarm_beep,Siren,58371,by
alarm_beep,Siren,58369,by
alarm_beep,Siren,378257,cc0
alarm_beep,Siren,238228,cc0
alarm_beep,Siren,70936,cc0
alarm_beep,Siren,70938,cc0
alarm_beep,Siren,70939,cc0
alarm_beep,Siren,43806,by
alarm_beep,Siren,58014,cc0
alarm_beep,Siren,58015,cc0
alarm_beep,Siren,431651,cc0
alarm_beep,Siren,70052,by-nc
alarm_beep,Siren,348325,cc0
alarm_beep,Siren,392881,cc0
alarm_beep,Siren,242101,by
alarm_beep,Siren,117181,cc0
alarm_beep,Siren,123085,by
alarm_beep,Siren,133473,cc0
alarm_beep,Siren,188004,by
alarm_beep,Siren,30823,cc0
alarm_beep,Siren,405358,by-nc
alarm_beep,Siren,380664,cc0
alarm_beep,Siren,405585,cc0
alarm_beep,Siren,405590,cc0
alarm_beep,Siren,405592,cc0
alarm_beep,Siren,53448,cc0
alarm_beep,Siren,361333,by
alarm_beep,Siren,26217,cc0
alarm_beep,Siren,119634,by
alarm_beep,Siren,119633,by
alarm_beep,Siren,389518,cc0
alarm_beep,Siren,198297,by-nc
alarm_beep,Siren,414494,cc0
alarm_beep,Siren,253605,by
alarm_beep,Siren,369202,cc0
alarm_beep,Siren,119635,by
alarm_beep,Siren,345813,cc0
alarm_beep,Siren,104293,by-nc
alarm_beep,Siren,371179,cc0
background,Conversation,216565,by
background,Conversation,258371,by
background,Conversation,76645,sampling+
background,Conversation,368525,by-nc
background,Conversation,324783,cc0
background,Conversation,380803,cc0
background,Conversation,377547,by
background,Conversation,411542,cc0
background,Conversation,372608,cc0
background,Conversation,418989,cc0
background,Conversation,236786,by-nc
background,Conversation,233766,cc0
background,Conversation,71600,by
background,Conversation,69869,by
background,Conversation,215999,cc0
background,Conversation,115523,by
background,Conversation,353769,cc0
background,Conversation,353770,cc0
background,Conversation,376200,by
background,Conversation,260121,cc0
background,Conversation,260123,cc0
background,Conversation,333395,cc0
background,Conversation,376698,by
background,Conversation,363712,cc0
background,Conversation,244947,cc0
background,Conversation,267250,cc0
background,Conversation,76596,sampling+
background,Conversation,348837,cc0
background,Conversation,410758,by
background,Conversation,242571,by-nc
background,Conversation,369164,by-nc
background,Conversation,242572,by-nc
background,Conversation,242573,by-nc
background,Conversation,242574,by-nc
background,Conversation,41489,by
background,Conversation,21137,by
background,Conversation,242576,by-nc
background,Conversation,22519,by
background,Conversation,260124,cc0
background,Conversation,33700,by
background,Conversation,102821,by
background,Conversation,79669,cc0
background,Conversation,23735,by
background,Conversation,22588,by
background,Conversation,76613,sampling+
background,Conversation,16198,by-nc
background,Conversation,72006,by
background,Conversation,16197,by-nc
background,Conversation,72009,by
background,Conversation,324435,by
background,Conversation,255317,by
background,Conversation,103382,by
background,Conversation,103385,by
background,Conversation,104922,by
background,Conversation,103390,by
background,Conversation,45923,by
background,Conversation,252005,by
background,Conversation,169959,by-nc
background,Conversation,165236,by
background,Conversation,165238,by
background,Conversation,165239,by
background,Conversation,63352,by
background,Conversation,165242,by
background,Conversation,101807,sampling+
background,Conversation,401539,by-nc
background,Conversation,153108,cc0
background,Conversation,83521,cc0
background,Conversation,382575,cc0
background,Conversation,84391,sampling+
background,Conversation,266184,cc0
background,Conversation,60164,by
background,Conversation,101811,sampling+
background,Conversation,233261,cc0
background,Conversation,257868,by-nc
background,Conversation,161686,by
background,Conversation,166416,by
background,Conversation,62479,cc0
background,Conversation,64557,by
background,Conversation,339990,by
background,Conversation,348324,cc0
background,Conversation,209965,cc0
background,Conversation,62333,cc0
background,Conversation,62457,cc0
background,Conversation,67307,by
background,Conversation,62478,cc0
background,Conversation,26285,cc0
background,Conversation,346960,cc0
background,Conversation,90422,by
background,Conversation,125717,by
background,Conversation,257864,by-nc
background,Conversation,389993,cc0
background,Conversation,330846,by
background,Conversation,233514,cc0
background,Conversation,49520,by
background,Conversation,330847,by
background,Conversation,67308,by
background,Conversation,257865,by-nc
background,Conversation,251765,by-nc
background,Conversation,238204,by
background,Conversation,340038,by
background,Conversation,220458,by
background,Conversation,340048,by
background,Conversation,250383,by
background,Conversation,90421,by
background,Conversation,334980,cc0
background,Conversation,188058,by
background,Conversation,257862,by-nc
background,Conversation,238211,by
background,Conversation,82322,by
background,Conversation,238223,by
background,Conversation,115085,by-nc
background,Conversation,338329,cc0
background,Conversation,9199,cc0
background,Conversation,162043,by
background,Conversation,197341,by
background,Conversation,132902,cc0
background,Dishes_and_pots_and_pans,353298,by
background,Dishes_and_pots_and_pans,46059,by
background,Dishes_and_pots_and_pans,319939,by
background,Dishes_and_pots_and_pans,88833,by
background,Dishes_and_pots_and_pans,12892,by
background,Dishes_and_pots_and_pans,329555,by
background,Dishes_and_pots_and_pans,81736,by
background,Dishes_and_pots_and_pans,65903,by-nc
background,Dishes_and_pots_and_pans,12868,by
background,Dishes_and_pots_and_pans,80398,by
background,Dishes_and_pots_and_pans,189626,cc0
background,Dishes_and_pots_and_pans,382709,cc0
background,Dishes_and_pots_and_pans,208921,by
background,Dishes_and_pots_and_pans,68679,by
background,Dishes_and_pots_and_pans,71781,by
background,Dishes_and_pots_and_pans,234607,by
background,Dishes_and_pots_and_pans,71810,by
background,Dishes_and_pots_and_pans,71811,by
background,Dishes_and_pots_and_pans,71812,by
background,Dishes_and_pots_and_pans,379142,cc0
background,Dishes_and_pots_and_pans,11592,cc0
background,Dishes_and_pots_and_pans,395745,cc0
background,Dishes_and_pots_and_pans,12825,by
background,Dishes_and_pots_and_pans,12864,by
background,Dishes_and_pots_and_pans,12865,by
background,Dishes_and_pots_and_pans,12870,by
background,Dishes_and_pots_and_pans,20093,by
background,Dishes_and_pots_and_pans,417449,by
background,Dishes_and_pots_and_pans,418520,cc0
background,Dishes_and_pots_and_pans,266990,by
background,Dishes_and_pots_and_pans,266991,by
background,Dishes_and_pots_and_pans,266998,by
background,Dishes_and_pots_and_pans,267003,by
background,Dishes_and_pots_and_pans,267004,by
background,Dishes_and_pots_and_pans,214847,cc0
background,Dishes_and_pots_and_pans,214848,cc0
background,Dishes_and_pots_and_pans,214850,cc0
background,Dishes_and_pots_and_pans,406437,cc0
background,Dishes_and_pots_and_pans,406438,cc0
background,Dishes_and_pots_and_pans,406443,cc0
background,Dishes_and_pots_and_pans,365505,cc0
background,Dishes_and_pots_and_pans,377500,cc0
background,Dishes_and_pots_and_pans,88851,by
background,Dishes_and_pots_and_pans,435557,by
background,Dishes_and_pots_and_pans,16384,sampling+
background,Dishes_and_pots_and_pans,16385,sampling+
background,Dishes_and_pots_and_pans,16390,sampling+
background,Dishes_and_pots_and_pans,16391,sampling+
background,Dishes_and_pots_and_pans,16392,sampling+
background,Dishes_and_pots_and_pans,208903,by
background,Dishes_and_pots_and_pans,208912,by
background,Dishes_and_pots_and_pans,208919,by
background,Dishes_and_pots_and_pans,208920,by
background,Dishes_and_pots_and_pans,208932,by
background,Dishes_and_pots_and_pans,208933,by
background,Dishes_and_pots_and_pans,208938,by
background,Dishes_and_pots_and_pans,80945,sampling+
background,Dishes_and_pots_and_pans,80947,sampling+
background,Dishes_and_pots_and_pans,80949,sampling+
background,Dishes_and_pots_and_pans,80950,sampling+
background,Dishes_and_pots_and_pans,94267,sampling+
background,Dishes_and_pots_and_pans,94269,sampling+
background,Dishes_and_pots_and_pans,68674,by
background,Dishes_and_pots_and_pans,234579,by
background,Dishes_and_pots_and_pans,234582,by
background,Dishes_and_pots_and_pans,234588,by
background,Dishes_and_pots_and_pans,234589,by
background,Dishes_and_pots_and_pans,234590,by
background,Dishes_and_pots_and_pans,209002,by
background,Dishes_and_pots_and_pans,234602,by
background,Dishes_and_pots_and_pans,209004,by
background,Dishes_and_pots_and_pans,68715,by
background,Dishes_and_pots_and_pans,209006,by
background,Dishes_and_pots_and_pans,71796,by
background,Dishes_and_pots_and_pans,209013,by
background,Dishes_and_pots_and_pans,209014,by
background,Dishes_and_pots_and_pans,71798,by
background,Dishes_and_pots_and_pans,71799,by
background,Dishes_and_pots_and_pans,71801,by
background,Dishes_and_pots_and_pans,71802,by
background,Dishes_and_pots_and_pans,71803,by
background,Dishes_and_pots_and_pans,71797,by
background,Dishes_and_pots_and_pans,71805,by
background,Dishes_and_pots_and_pans,71806,by
background,Dishes_and_pots_and_pans,33919,cc0
background,Dishes_and_pots_and_pans,71808,by
background,Dishes_and_pots_and_pans,71809,by
background,Dishes_and_pots_and_pans,68736,by
background,Dishes_and_pots_and_pans,33921,cc0
background,Dishes_and_pots_and_pans,33922,cc0
background,Dishes_and_pots_and_pans,33923,cc0
background,Dishes_and_pots_and_pans,125065,cc0
background,Dishes_and_pots_and_pans,33925,cc0
background,Dishes_and_pots_and_pans,33926,cc0
background,Dishes_and_pots_and_pans,33930,cc0
background,Dishes_and_pots_and_pans,125069,cc0
background,Dishes_and_pots_and_pans,33931,cc0
background,Dishes_and_pots_and_pans,33932,cc0
background,Dishes_and_pots_and_pans,33933,cc0
background,Dishes_and_pots_and_pans,33934,cc0
background,Dishes_and_pots_and_pans,33935,cc0
background,Dishes_and_pots_and_pans,377044,cc0
background,Dishes_and_pots_and_pans,51423,by
background,Dishes_and_pots_and_pans,97508,cc0
background,Dishes_and_pots_and_pans,97509,cc0
background,Dishes_and_pots_and_pans,97512,cc0
background,Dishes_and_pots_and_pans,329961,cc0
background,Dishes_and_pots_and_pans,329962,cc0
background,Dishes_and_pots_and_pans,329963,cc0
background,Dishes_and_pots_and_pans,97513,cc0
background,Dishes_and_pots_and_pans,97517,cc0
background,Dishes_and_pots_and_pans,97518,cc0
background,Dishes_and_pots_and_pans,80110,by
background,Dishes_and_pots_and_pans,80111,by
background,Dishes_and_pots_and_pans,80113,by
background,Dishes_and_pots_and_pans,80114,by
background,Dishes_and_pots_and_pans,80115,by
background,Dishes_and_pots_and_pans,80112,by
background,Dishes_and_pots_and_pans,97521,cc0
background,Dishes_and_pots_and_pans,80118,by
background,Dishes_and_pots_and_pans,80119,by
background,Dishes_and_pots_and_pans,97522,cc0
background,Dishes_and_pots_and_pans,97523,cc0
background,Dishes_and_pots_and_pans,97525,cc0
background,Dishes_and_pots_and_pans,97527,cc0
background,Dishes_and_pots_and_pans,97530,cc0
background,Dishes_and_pots_and_pans,97533,cc0
background,Dishes_and_pots_and_pans,80125,by
background,Dishes_and_pots_and_pans,97535,cc0
background,Dishes_and_pots_and_pans,97536,cc0
background,Dishes_and_pots_and_pans,97532,cc0
background,Dishes_and_pots_and_pans,80128,by
background,Dishes_and_pots_and_pans,80129,by
background,Dishes_and_pots_and_pans,80130,by
background,Dishes_and_pots_and_pans,80131,by
background,Dishes_and_pots_and_pans,80132,by
background,Dishes_and_pots_and_pans,405761,cc0
background,Dishes_and_pots_and_pans,80135,by
background,Dishes_and_pots_and_pans,80136,by
background,Dishes_and_pots_and_pans,80137,by
background,Dishes_and_pots_and_pans,97537,cc0
background,Dishes_and_pots_and_pans,21765,by-nc
background,Dishes_and_pots_and_pans,21766,by-nc
background,Dishes_and_pots_and_pans,261383,by
background,Dishes_and_pots_and_pans,97546,cc0
background,Dishes_and_pots_and_pans,21770,by-nc
background,Dishes_and_pots_and_pans,97549,cc0
background,Dishes_and_pots_and_pans,201998,cc0
background,Dishes_and_pots_and_pans,97551,cc0
background,Dishes_and_pots_and_pans,97554,cc0
background,Dishes_and_pots_and_pans,97556,cc0
background,Dishes_and_pots_and_pans,97559,cc0
background,Dishes_and_pots_and_pans,97560,cc0
background,Dishes_and_pots_and_pans,97561,cc0
background,Dishes_and_pots_and_pans,202010,cc0
background,Dishes_and_pots_and_pans,97562,cc0
background,Dishes_and_pots_and_pans,202009,cc0
background,Dishes_and_pots_and_pans,97538,cc0
background,Dishes_and_pots_and_pans,202015,cc0
background,Dishes_and_pots_and_pans,202016,cc0
background,Dishes_and_pots_and_pans,11593,cc0
background,Dishes_and_pots_and_pans,381261,by
background,Dishes_and_pots_and_pans,20840,by
background,Dishes_and_pots_and_pans,69003,by-nc
background,Dishes_and_pots_and_pans,320909,by
background,Dishes_and_pots_and_pans,394648,by-nc
background,Dishes_and_pots_and_pans,219550,by
background,Dishes_and_pots_and_pans,92600,by
background,Dishes_and_pots_and_pans,92601,by
background,Dishes_and_pots_and_pans,341432,cc0
background,Dishes_and_pots_and_pans,92604,by
background,Dishes_and_pots_and_pans,341436,cc0
background,Dishes_and_pots_and_pans,92606,by
background,Dishes_and_pots_and_pans,341451,cc0
background,Dishes_and_pots_and_pans,341466,cc0
background,Dishes_and_pots_and_pans,341474,cc0
background,Dishes_and_pots_and_pans,12827,by
background,Dishes_and_pots_and_pans,12832,by
background,Dishes_and_pots_and_pans,12833,cc0
background,Dishes_and_pots_and_pans,366112,cc0
background,Dishes_and_pots_and_pans,12839,by
background,Dishes_and_pots_and_pans,12845,by
background,Dishes_and_pots_and_pans,12847,by
background,Dishes_and_pots_and_pans,389685,cc0
background,Dishes_and_pots_and_pans,105023,by-nc
background,Dishes_and_pots_and_pans,12874,by
background,Dishes_and_pots_and_pans,12887,by
background,Dishes_and_pots_and_pans,20094,by
background,Dishes_and_pots_and_pans,212627,by
background,Dishes_and_pots_and_pans,272022,cc0
background,Dishes_and_pots_and_pans,212634,by
background,Dishes_and_pots_and_pans,212638,by
background,Dishes_and_pots_and_pans,134816,cc0
background,Dishes_and_pots_and_pans,417448,by
background,Dishes_and_pots_and_pans,334506,by
background,Dishes_and_pots_and_pans,417450,by
background,Dishes_and_pots_and_pans,334517,by
background,Dishes_and_pots_and_pans,97514,cc0
background,Dishes_and_pots_and_pans,21197,by
background,Dishes_and_pots_and_pans,418513,cc0
background,Dishes_and_pots_and_pans,418523,cc0
background,Dishes_and_pots_and_pans,97515,cc0
background,Dishes_and_pots_and_pans,164573,cc0
background,Dishes_and_pots_and_pans,164574,cc0
background,Dishes_and_pots_and_pans,412382,by
background,Dishes_and_pots_and_pans,361185,cc0
background,Dishes_and_pots_and_pans,164578,cc0
background,Dishes_and_pots_and_pans,164579,cc0
background,Dishes_and_pots_and_pans,361186,cc0
background,Dishes_and_pots_and_pans,164581,cc0
background,Dishes_and_pots_and_pans,145124,by
background,Dishes_and_pots_and_pans,145125,by
background,Dishes_and_pots_and_pans,361193,cc0
background,Dishes_and_pots_and_pans,361194,cc0
background,Dishes_and_pots_and_pans,180980,by
background,Dishes_and_pots_and_pans,88832,by
background,Dishes_and_pots_and_pans,88834,by
background,Dishes_and_pots_and_pans,88836,by
background,Dishes_and_pots_and_pans,88840,by
background,Dishes_and_pots_and_pans,94988,cc0
background,Dishes_and_pots_and_pans,88845,by
background,Dishes_and_pots_and_pans,88853,by
background,Dishes_and_pots_and_pans,254754,by
background,Dishes_and_pots_and_pans,254761,by
background,Dishes_and_pots_and_pans,85806,by
background,Dishes_and_pots_and_pans,85808,by
background,Dishes_and_pots_and_pans,81737,by
background,Dishes_and_pots_and_pans,81738,by
background,Dishes_and_pots_and_pans,81740,by
background,Dishes_and_pots_and_pans,322393,cc0
background,Dishes_and_pots_and_pans,93035,by
background,Dishes_and_pots_and_pans,50048,cc0
background,Dishes_and_pots_and_pans,257937,cc0
background,Dishes_and_pots_and_pans,257938,cc0
background,Dishes_and_pots_and_pans,257947,cc0
background,Dishes_and_pots_and_pans,51105,cc0
background,Dishes_and_pots_and_pans,249768,by
background,Dishes_and_pots_and_pans,417724,cc0
background,Dishes_and_pots_and_pans,50112,by
background,Dishes_and_pots_and_pans,50114,by
background,Dishes_and_pots_and_pans,50113,by
background,Dishes_and_pots_and_pans,50117,by
background,Dishes_and_pots_and_pans,50118,by
background,Dishes_and_pots_and_pans,51161,cc0
background,Dishes_and_pots_and_pans,215017,by
background,Dishes_and_pots_and_pans,179179,by
background,Dishes_and_pots_and_pans,16373,sampling+
background,Dishes_and_pots_and_pans,16376,sampling+
background,Dishes_and_pots_and_pans,16377,sampling+
background,Dishes_and_pots_and_pans,16379,sampling+
background,Dishes_and_pots_and_pans,16381,sampling+
background,Dishes_and_pots_and_pans,70893,by
background,Dishes_and_pots_and_pans,94198,by
background,Dishes_and_pots_and_pans,94205,by
background,Dishes_and_pots_and_pans,94206,by
background,Dishes_and_pots_and_pans,172495,by
background,Dishes_and_pots_and_pans,394911,cc0
background,Dishes_and_pots_and_pans,190031,cc0
background,Dishes_and_pots_and_pans,369701,cc0
background,Dishes_and_pots_and_pans,369707,cc0
background,Dishes_and_pots_and_pans,369702,cc0
background,Dishes_and_pots_and_pans,210276,cc0
background,Dishes_and_pots_and_pans,325451,by
background,Dishes_and_pots_and_pans,326687,by-nc
background,Dishes_and_pots_and_pans,82044,sampling+
background,Dishes_and_pots_and_pans,36268,cc0
background,Dishes_and_pots_and_pans,378687,cc0
background,Dishes_and_pots_and_pans,165189,by
background,Dishes_and_pots_and_pans,36267,cc0
background,Dishes_and_pots_and_pans,167750,by
background,Dishes_and_pots_and_pans,238223,by
background,Dishes_and_pots_and_pans,128017,cc0
background,Dishes_and_pots_and_pans,185627,cc0
background,Dishes_and_pots_and_pans,72840,by
background,Dishes_and_pots_and_pans,332561,cc0
background,Dishes_and_pots_and_pans,118616,cc0
background,Dishes_and_pots_and_pans,428863,by
background,Dishes_and_pots_and_pans,325366,cc0
background,Dishes_and_pots_and_pans,413757,cc0
background,Dishes_and_pots_and_pans,360648,cc0
background,Dishes_and_pots_and_pans,142329,cc0
background,Dishes_and_pots_and_pans,82090,cc0
background,Dishes_and_pots_and_pans,156127,cc0
background,Dishes_and_pots_and_pans,238936,by
background,Dishes_and_pots_and_pans,347708,by
background,Dishes_and_pots_and_pans,94756,sampling+
background,Dishes_and_pots_and_pans,408719,by-nc
background,Dishes_and_pots_and_pans,165431,cc0
background,Dishes_and_pots_and_pans,238234,cc0
background,Dishes_and_pots_and_pans,180690,by
background,Dishes_and_pots_and_pans,364835,cc0
background,Dishes_and_pots_and_pans,144191,cc0
background,Dishes_and_pots_and_pans,288930,cc0
background,Dishes_and_pots_and_pans,345181,by
background,Dishes_and_pots_and_pans,127200,cc0
background,Dishes_and_pots_and_pans,85706,sampling+
background,Dishes_and_pots_and_pans,106240,cc0
background,Dishes_and_pots_and_pans,370298,cc0
background,Dishes_and_pots_and_pans,82443,cc0
background,Dishes_and_pots_and_pans,200341,cc0
background,Dishes_and_pots_and_pans,85705,sampling+
background,Dishes_and_pots_and_pans,26478,cc0
background,Dishes_and_pots_and_pans,207488,cc0
background,Dishes_and_pots_and_pans,275585,cc0
background,Dishes_and_pots_and_pans,118568,cc0
background,Dishes_and_pots_and_pans,408310,by-nc
background,Dishes_and_pots_and_pans,252858,by
background,Dishes_and_pots_and_pans,272237,cc0
background,Dishes_and_pots_and_pans,94761,sampling+
background,Dishes_and_pots_and_pans,427812,by
background,Dishes_and_pots_and_pans,85731,sampling+
background,Dishes_and_pots_and_pans,328126,by-nc
background,Dishes_and_pots_and_pans,67304,by
background,Dishes_and_pots_and_pans,395308,by
background,Dishes_and_pots_and_pans,339675,cc0
background,Dishes_and_pots_and_pans,157156,cc0
background,Dishes_and_pots_and_pans,157153,cc0
background,Dishes_and_pots_and_pans,221791,by
background,Dishes_and_pots_and_pans,96027,by
background,Dishes_and_pots_and_pans,221788,by
background,Dishes_and_pots_and_pans,13511,by
background,Dishes_and_pots_and_pans,172758,by
background,Dishes_and_pots_and_pans,221785,by
background,Dishes_and_pots_and_pans,82262,by-nc
background,Dishes_and_pots_and_pans,169928,cc0
background,Dishes_and_pots_and_pans,205016,by
background,Dishes_and_pots_and_pans,427008,cc0
background,Dishes_and_pots_and_pans,321203,cc0
background,Dishes_and_pots_and_pans,161657,cc0
background,Dishes_and_pots_and_pans,33853,by
background,Dishes_and_pots_and_pans,331646,cc0
background,Dishes_and_pots_and_pans,266950,cc0
background,Dishes_and_pots_and_pans,33854,by
background,Dishes_and_pots_and_pans,181261,cc0
background,Dishes_and_pots_and_pans,115534,by
background,Dishes_and_pots_and_pans,269337,cc0
background,Dishes_and_pots_and_pans,35837,cc0
background,Dishes_and_pots_and_pans,221786,by
background,Dishes_and_pots_and_pans,353793,cc0
background,Dishes_and_pots_and_pans,157157,cc0
background,Dishes_and_pots_and_pans,90656,sampling+
background,Dishes_and_pots_and_pans,370876,cc0
background,Dishes_and_pots_and_pans,157152,cc0
background,Dishes_and_pots_and_pans,256579,by
background,Dishes_and_pots_and_pans,386748,cc0
background,Dishes_and_pots_and_pans,347537,cc0
background,Dishes_and_pots_and_pans,338392,by
background,Dishes_and_pots_and_pans,157150,cc0
background,Dishes_and_pots_and_pans,221787,by
background,Dishes_and_pots_and_pans,267486,cc0
background,Dishes_and_pots_and_pans,96025,by
background,Dishes_and_pots_and_pans,90381,by-nc
background,Dishes_and_pots_and_pans,413202,cc0
background,Dishes_and_pots_and_pans,105380,by
background,Dishes_and_pots_and_pans,41308,by
background,Dishes_and_pots_and_pans,266949,cc0
background,Dishes_and_pots_and_pans,33852,by
background,Dishes_and_pots_and_pans,82043,sampling+
background,Dishes_and_pots_and_pans,205040,by
background,Dishes_and_pots_and_pans,365569,cc0
background,Dishes_and_pots_and_pans,321198,cc0
background,Dishes_and_pots_and_pans,35835,cc0
background,Dishes_and_pots_and_pans,105381,by
background,Dishes_and_pots_and_pans,268128,by
background,Dishes_and_pots_and_pans,144184,cc0
background,Dishes_and_pots_and_pans,207485,cc0
background,Dishes_and_pots_and_pans,321200,cc0
background,Dishes_and_pots_and_pans,427140,cc0
background,Dishes_and_pots_and_pans,35836,cc0
background,Frying_(food),16121,sampling+
background,Frying_(food),322048,cc0
background,Frying_(food),383107,by
background,Frying_(food),3203,by
background,Frying_(food),166021,by
background,Frying_(food),166022,by
background,Frying_(food),65930,by
background,Frying_(food),65931,by
background,Frying_(food),65932,by
background,Frying_(food),65933,by
background,Frying_(food),65934,by
background,Frying_(food),371082,cc0
background,Frying_(food),350992,cc0
background,Frying_(food),350993,cc0
background,Frying_(food),353939,by
background,Frying_(food),239639,cc0
background,Frying_(food),174871,by
background,Frying_(food),111132,by
background,Frying_(food),240540,by
background,Frying_(food),245027,by
background,Frying_(food),137258,cc0
background,Frying_(food),77482,by
background,Frying_(food),77483,by
background,Frying_(food),156973,cc0
background,Frying_(food),351406,cc0
background,Frying_(food),65583,sampling+
background,Frying_(food),94256,sampling+
background,Frying_(food),341937,cc0
background,Frying_(food),341938,cc0
background,Frying_(food),398771,cc0
background,Frying_(food),433717,by
background,Frying_(food),189626,cc0
background,Frying_(food),109244,by
background,Frying_(food),24253,by
background,Frying_(food),24254,by
background,Frying_(food),15292,by
background,Frying_(food),344898,by
background,Frying_(food),344899,by
background,Frying_(food),65348,by
background,Frying_(food),133448,cc0
background,Frying_(food),188234,cc0
background,Frying_(food),417995,cc0
background,Frying_(food),233296,cc0
background,Frying_(food),360796,cc0
background,Frying_(food),360797,cc0
background,Frying_(food),77922,by
background,Frying_(food),77923,by
background,Frying_(food),77924,by
background,Frying_(food),234469,cc0
background,Frying_(food),71784,by
background,Frying_(food),208746,by
background,Frying_(food),208747,by
background,Frying_(food),208748,by
background,Frying_(food),169073,by
background,Frying_(food),169074,by
background,Frying_(food),169075,by
background,Frying_(food),232691,cc0
background,Frying_(food),152822,by
background,Frying_(food),152823,by
background,Frying_(food),232696,cc0
background,Frying_(food),49147,by
background,Frying_(food),388092,by
background,Frying_(food),322047,cc0
background,Frying_(food),382709,cc0
background,Frying_(food),424727,by
background,Frying_(food),35872,by-nc
background,Frying_(food),344917,cc0
background,Frying_(food),417913,cc0
background,Frying_(food),366219,by-nc
background,Frying_(food),408807,by-nc
background,Frying_(food),332561,cc0
background,Frying_(food),118616,cc0
background,Frying_(food),94227,cc0
background,Frying_(food),417736,cc0
background,Frying_(food),396168,by
background,Frying_(food),179675,by
background,Frying_(food),16363,sampling+
background,Frying_(food),62109,sampling+
background,Frying_(food),274499,cc0
background,Frying_(food),428863,by
background,Frying_(food),140454,by
background,Frying_(food),325366,cc0
background,Frying_(food),33844,by
background,Frying_(food),121582,by
background,Frying_(food),210023,by
background,Frying_(food),393444,cc0
background,Frying_(food),413757,cc0
background,Frying_(food),427134,cc0
background,Frying_(food),360648,cc0
background,Frying_(food),142329,cc0
background,Frying_(food),82090,cc0
background,Frying_(food),235511,by
background,Frying_(food),156127,cc0
background,Frying_(food),238936,by
background,Frying_(food),366068,cc0
background,Frying_(food),16754,by
background,Frying_(food),119116,cc0
background,Frying_(food),378702,cc0
background,Frying_(food),351277,cc0
background,Frying_(food),347708,by
background,Frying_(food),25302,cc0
background,Frying_(food),174467,by
background,Frying_(food),185446,by
background,Frying_(food),403531,cc0
background,Frying_(food),201936,cc0
background,Frying_(food),366586,by-nc
background,Frying_(food),411933,cc0
background,Frying_(food),319017,cc0
background,Frying_(food),235537,cc0
background,Frying_(food),353124,cc0
background,Frying_(food),94756,sampling+
background,Frying_(food),132472,cc0
background,Frying_(food),320772,cc0
background,Frying_(food),194806,cc0
background,Frying_(food),167505,by
background,Frying_(food),408719,by-nc
background,Frying_(food),118436,sampling+
background,Frying_(food),330834,by-nc
background,Frying_(food),424872,cc0
background,Frying_(food),165431,cc0
background,Frying_(food),238234,cc0
background,Speech,216565,by
background,Speech,236544,by
background,Speech,429037,cc0
background,Speech,40964,by
background,Speech,236553,by
background,Speech,236555,by
background,Speech,236556,by
background,Speech,236557,by
background,Speech,236558,by
background,Speech,236559,by
background,Speech,236560,by
background,Speech,236561,by
background,Speech,236562,by
background,Speech,316436,by
background,Speech,316438,by
background,Speech,316440,by
background,Speech,316443,by
background,Speech,236576,by
background,Speech,236579,by
background,Speech,236580,by
background,Speech,236584,by
background,Speech,67627,cc0
background,Speech,67628,cc0
background,Speech,67629,cc0
background,Speech,236589,by
background,Speech,236590,by
background,Speech,67634,cc0
background,Speech,67635,cc0
background,Speech,67639,cc0
background,Speech,45112,by
background,Speech,67641,cc0
background,Speech,45115,by
background,Speech,67644,cc0
background,Speech,67647,cc0
background,Speech,45119,by
background,Speech,45120,by
background,Speech,67650,cc0
background,Speech,67651,cc0
background,Speech,181311,cc0
background,Speech,181316,cc0
background,Speech,67655,cc0
background,Speech,67656,cc0
background,Speech,67660,cc0
background,Speech,67662,cc0
background,Speech,67663,cc0
background,Speech,67665,cc0
background,Speech,254034,by-nc
background,Speech,67666,cc0
background,Speech,67669,cc0
background,Speech,262233,by
background,Speech,236634,by
background,Speech,236637,by
background,Speech,236639,by
background,Speech,236641,by
background,Speech,236642,by
background,Speech,236646,by
background,Speech,236647,by
background,Speech,236648,by
background,Speech,236650,by
background,Speech,236651,by
background,Speech,272492,cc0
background,Speech,236653,by
background,Speech,184432,by
background,Speech,236658,by
background,Speech,243827,by
background,Speech,236679,by
background,Speech,236682,by
background,Speech,236683,by
background,Speech,47286,by
background,Speech,236540,by
background,Speech,402642,by
background,Speech,402643,by
background,Speech,402644,by
background,Speech,17643,by
background,Speech,247,by-nc
background,Speech,223521,cc0
background,Speech,223527,by
background,Speech,244012,by
background,Speech,329016,cc0
background,Speech,177468,by
background,Speech,258367,by
background,Speech,258371,by
background,Speech,345423,cc0
background,Speech,345424,cc0
background,Speech,249168,by
background,Speech,249170,by
background,Speech,400726,cc0
background,Speech,400727,cc0
background,Speech,122204,by
background,Speech,400733,cc0
background,Speech,400734,cc0
background,Speech,400736,cc0
background,Speech,400742,cc0
background,Speech,400744,cc0
background,Speech,400753,cc0
background,Speech,345463,cc0
background,Speech,345465,cc0
background,Speech,345466,cc0
background,Speech,316802,by
background,Speech,117127,by-nc
background,Speech,95662,by
background,Speech,377264,by
background,Speech,95665,by
background,Speech,377265,by
background,Speech,254386,by-nc
background,Speech,95668,by
background,Speech,377266,by
background,Speech,377268,by
background,Speech,254389,by-nc
background,Speech,254390,by-nc
background,Speech,254391,by-nc
background,Speech,274872,by
background,Speech,274871,by
background,Speech,254394,by-nc
background,Speech,254395,by-nc
background,Speech,254393,by-nc
background,Speech,377270,by
background,Speech,95672,by
background,Speech,95675,by
background,Speech,95676,by
background,Speech,95677,by
background,Speech,95679,by
background,Speech,95680,by
background,Speech,274889,by
background,Speech,274890,by
background,Speech,274891,by
background,Speech,274892,by
background,Speech,261588,by
background,Speech,101857,by
background,Speech,216567,by
background,Speech,101889,by-nc
background,Speech,341507,by
background,Speech,209413,by
background,Speech,274866,by
background,Speech,372236,by
background,Speech,274869,by
background,Speech,239136,by
background,Speech,274978,by
background,Speech,274980,by
background,Speech,433700,by
background,Speech,433701,by
background,Speech,433702,by
background,Speech,433703,by
background,Speech,433704,by
background,Speech,239141,by
background,Speech,433706,by
background,Speech,168494,by
background,Speech,343613,cc0
background,Speech,343614,cc0
background,Speech,275008,by
background,Speech,275009,by
background,Speech,168514,by
background,Speech,275012,by
background,Speech,87631,sampling+
background,Speech,260688,by
background,Speech,87632,sampling+
background,Speech,87633,sampling+
background,Speech,367187,by
background,Speech,87635,sampling+
background,Speech,367189,by
background,Speech,402020,by
background,Speech,402021,by
background,Speech,402022,by
background,Speech,168560,by
background,Speech,168561,by
background,Speech,102003,by-nc
background,Speech,87680,cc0
background,Speech,87681,cc0
background,Speech,215682,by
background,Speech,87682,cc0
background,Speech,87683,cc0
background,Speech,73348,by
background,Speech,170641,by
background,Speech,87703,by
background,Speech,87704,by
background,Speech,87705,by
background,Speech,93850,by
background,Speech,87709,by
background,Speech,93854,by
background,Speech,93853,by
background,Speech,93856,by
background,Speech,93863,by
background,Speech,93865,by
background,Speech,253611,by
background,Speech,93868,by
background,Speech,93869,by
background,Speech,93870,by
background,Speech,93872,by
background,Speech,93873,by
background,Speech,93874,by
background,Speech,93876,by
background,Speech,93877,by
background,Speech,371382,by
background,Speech,93878,by
background,Speech,371384,by
background,Speech,371385,by
background,Speech,93879,by
background,Speech,93880,by
background,Speech,93882,by
background,Speech,93883,by
background,Speech,181948,by
background,Speech,93886,by
background,Speech,33472,cc0
background,Speech,93885,by
background,Speech,33474,cc0
background,Speech,195267,by
background,Speech,93889,by
background,Speech,93894,by
background,Speech,93895,by
background,Speech,76491,sampling+
background,Speech,93899,by
background,Speech,76497,sampling+
background,Speech,341756,cc0
background,Speech,189433,by
background,Speech,256771,by
background,Speech,256777,by
background,Speech,256778,by
background,Speech,256779,by
background,Speech,63246,sampling+
background,Speech,76592,sampling+
background,Speech,236339,by
background,Speech,236340,by
background,Speech,236343,by
background,Speech,236345,by
background,Speech,150330,by
background,Speech,236348,by
background,Speech,422718,cc0
background,Speech,236350,by
background,Speech,236352,by
background,Speech,236353,by
background,Speech,236355,by
background,Speech,422724,cc0
background,Speech,236363,by
background,Speech,236364,by
background,Speech,76621,sampling+
background,Speech,236365,by
background,Speech,236368,by
background,Speech,236369,by
background,Speech,236370,by
background,Speech,236371,by
background,Speech,236372,by
background,Speech,256860,cc0
background,Speech,160606,by
background,Speech,371551,by
background,Speech,371554,by
background,Speech,76645,sampling+
background,Speech,76648,sampling+
background,Speech,236394,by
background,Speech,236395,by
background,Speech,236397,by
background,Speech,236398,by
background,Speech,236399,by
background,Speech,256880,by
background,Speech,236401,by
background,Speech,236402,by
background,Speech,236400,by
background,Speech,256884,by
background,Speech,256886,by
background,Speech,256889,by
background,Speech,249721,by-nc
background,Speech,249722,by-nc
background,Speech,249723,by-nc
background,Speech,371581,by
background,Speech,371582,by
background,Speech,254384,by-nc
background,Speech,236417,by
background,Speech,236419,by
background,Speech,236420,by
background,Speech,236421,by
background,Speech,236423,by
background,Speech,124810,by
background,Speech,124812,by
background,Speech,368525,by-nc
background,Speech,124818,by
background,Speech,236437,by
background,Speech,236441,by
background,Speech,426906,by
background,Speech,236443,by
background,Speech,426908,by
background,Speech,426909,by
background,Speech,426907,by
background,Speech,124829,by
background,Speech,124831,by
background,Speech,236449,by
background,Speech,124834,by
background,Speech,236452,by
background,Speech,124838,by
background,Speech,236455,by
background,Speech,236456,by
background,Speech,236457,by
background,Speech,236458,by
background,Speech,236460,by
background,Speech,189358,by
background,Speech,189359,by
background,Speech,189360,by
background,Speech,189361,by
background,Speech,189363,by
background,Speech,189365,by
background,Speech,189366,by
background,Speech,124855,by
background,Speech,189369,by
background,Speech,124857,by
background,Speech,124858,by
background,Speech,236476,by
background,Speech,236477,by
background,Speech,236478,by
background,Speech,189375,by
background,Speech,189376,by
background,Speech,236481,by
background,Speech,189377,by
background,Speech,189379,by
background,Speech,189373,by
background,Speech,189381,by
background,Speech,236486,by
background,Speech,236487,by
background,Speech,189382,by
background,Speech,236489,by
background,Speech,189386,by
background,Speech,124873,by
background,Speech,189389,by
background,Speech,124878,by
background,Speech,189392,by
background,Speech,124883,by
background,Speech,124886,by
background,Speech,189402,by
background,Speech,189405,by
background,Speech,189407,by
background,Speech,189410,by
background,Speech,189413,by
background,Speech,189415,by
background,Speech,189416,by
background,Speech,189419,by
background,Speech,189420,by
background,Speech,236523,by
background,Speech,189421,by
background,Speech,236525,by
background,Speech,236527,by
background,Speech,189422,by
background,Speech,189425,by
background,Speech,236528,by
background,Speech,429038,cc0
background,Speech,189423,by
background,Speech,189426,by
background,Speech,189431,by
background,Speech,236536,by
background,Speech,236537,by
background,Speech,236531,by
background,Speech,189428,by
background,Speech,397299,by
background,Speech,398341,by
background,Speech,193784,cc0
background,Speech,184833,cc0
background,Speech,191487,cc0
background,Speech,46731,cc0
background,Speech,164057,by
background,Speech,369247,by
background,Speech,420464,cc0
background,Speech,232274,by
background,Speech,269584,by
background,Speech,246318,cc0
background,Speech,324783,cc0
background,Speech,349401,cc0
background,Speech,347033,cc0
background,Speech,347034,cc0
background,Speech,380803,cc0
background,Speech,249158,cc0
background,Speech,377547,by
background,Speech,411542,cc0
background,Speech,372608,cc0
background,Speech,189481,by
background,Speech,189482,by
background,Speech,189486,by
background,Speech,189488,by
background,Speech,189490,by
background,Speech,189493,by
background,Speech,189496,by
background,Speech,189740,by
background,Speech,189743,by
background,Speech,189745,by
background,Speech,418989,cc0
background,Speech,236786,by-nc
background,Speech,233766,cc0
background,Speech,71600,by
background,Speech,259674,cc0
background,Speech,259675,cc0
background,Speech,422098,cc0
background,Speech,122892,cc0
background,Speech,122893,cc0
background,Speech,122894,cc0
background,Speech,411662,by
background,Speech,188433,by
background,Speech,122898,cc0
background,Speech,122901,cc0
background,Speech,122903,cc0
background,Speech,122905,cc0
background,Speech,122906,cc0
background,Speech,122907,cc0
background,Speech,71707,by
background,Speech,122908,cc0
background,Speech,122910,cc0
background,Speech,122912,cc0
background,Speech,122916,cc0
background,Speech,122919,cc0
background,Speech,122923,cc0
background,Speech,415794,by
background,Speech,415796,by
background,Speech,415798,by
background,Speech,407606,by
background,Speech,405596,by
background,Speech,430179,cc0
background,Speech,243819,by
background,Speech,4204,by
background,Speech,243820,by
background,Speech,430215,cc0
background,Speech,102537,by
background,Speech,102539,by
background,Speech,34960,sampling+
background,Speech,174270,cc0
background,Speech,174273,cc0
background,Speech,342244,by
background,Speech,196844,by-nc
background,Speech,248047,by
background,Speech,196848,by-nc
background,Speech,196849,by-nc
background,Speech,342258,cc0
background,Speech,248048,by
background,Speech,196853,by-nc
background,Speech,342262,cc0
background,Speech,426233,by-nc
background,Speech,196857,by-nc
background,Speech,196865,by-nc
background,Speech,196866,by-nc
background,Speech,196871,by-nc
background,Speech,196873,by-nc
background,Speech,196875,by-nc
background,Speech,196876,by-nc
background,Speech,399630,cc0
background,Speech,196880,by-nc
background,Speech,196884,by-nc
background,Speech,399638,cc0
background,Speech,196887,by-nc
background,Speech,196889,by-nc
background,Speech,20762,by
background,Speech,196895,by-nc
background,Speech,196898,by-nc
background,Speech,196899,by-nc
background,Speech,203048,cc0
background,Speech,196905,by-nc
background,Speech,203054,cc0
background,Speech,203055,cc0
background,Speech,203056,cc0
background,Speech,203060,cc0
background,Speech,203063,cc0
background,Speech,203065,cc0
background,Speech,203067,cc0
background,Speech,80190,by
background,Speech,80194,by
background,Speech,239946,cc0
background,Speech,80207,by
background,Speech,256337,by
background,Speech,416085,cc0
background,Speech,18784,by
background,Speech,377237,cc0
background,Speech,377238,cc0
background,Speech,242077,cc0
background,Speech,334245,by
background,Speech,65963,sampling+
background,Speech,86455,by
background,Speech,86456,by
background,Speech,219593,by
background,Speech,254414,by-nc
background,Speech,254416,by-nc
background,Speech,254423,by-nc
background,Speech,84464,by
background,Speech,401907,cc0
background,Speech,254454,by
background,Speech,254455,by
background,Speech,254456,by
background,Speech,254457,by
background,Speech,254458,by
background,Speech,254459,by
background,Speech,254460,by
background,Speech,254461,by
background,Speech,254463,by
background,Speech,254465,by
background,Speech,74243,sampling+
background,Speech,242182,by-nc
background,Speech,254471,by
background,Speech,254472,by
background,Speech,412202,by
background,Speech,100912,cc0
background,Speech,100914,cc0
background,Speech,100915,cc0
background,Speech,100916,cc0
background,Speech,100923,cc0
background,Speech,49724,by
background,Speech,49725,by
background,Speech,100926,cc0
background,Speech,100930,cc0
background,Speech,113220,by
background,Speech,45637,by
background,Speech,100934,cc0
background,Speech,100935,cc0
background,Speech,113221,by
background,Speech,113223,by
background,Speech,113224,by
background,Speech,113225,by
background,Speech,100940,cc0
background,Speech,113226,by
background,Speech,113229,by
background,Speech,100943,cc0
background,Speech,100944,cc0
background,Speech,100945,cc0
background,Speech,412242,by
background,Speech,100946,cc0
background,Speech,113236,by
background,Speech,100949,cc0
background,Speech,113237,by
background,Speech,113238,by
background,Speech,100952,cc0
background,Speech,113239,by
background,Speech,113240,by
background,Speech,113241,by
background,Speech,100956,cc0
background,Speech,113242,by
background,Speech,113243,by
background,Speech,246369,by-nc
background,Speech,113249,by
background,Speech,100963,cc0
background,Speech,100966,cc0
background,Speech,100965,cc0
background,Speech,113253,by
background,Speech,100969,cc0
background,Speech,113255,by
background,Speech,100971,cc0
background,Speech,113256,by
background,Speech,100973,cc0
background,Speech,113257,by
background,Speech,31345,by
background,Speech,100978,cc0
background,Speech,100984,cc0
background,Speech,100985,cc0
background,Speech,100986,cc0
background,Speech,100989,cc0
background,Speech,100990,cc0
background,Speech,101000,cc0
background,Speech,101001,cc0
background,Speech,101004,cc0
background,Speech,101006,cc0
background,Speech,101009,cc0
background,Speech,256659,cc0
background,Speech,101015,cc0
background,Speech,178849,by
background,Speech,101027,cc0
background,Speech,101032,cc0
background,Speech,137896,by-nc
background,Speech,137901,by-nc
background,Speech,101041,cc0
background,Speech,137907,by-nc
background,Speech,137909,by-nc
background,Speech,21175,by
background,Speech,137912,by-nc
background,Speech,137911,by-nc
background,Speech,137914,by-nc
background,Speech,137915,by-nc
background,Speech,137916,by-nc
background,Speech,137917,by-nc
background,Speech,101048,cc0
background,Speech,137921,by-nc
background,Speech,137924,by-nc
background,Speech,101061,cc0
background,Speech,101062,cc0
background,Speech,137927,by-nc
background,Speech,137928,by-nc
background,Speech,137929,by-nc
background,Speech,137931,by-nc
background,Speech,137933,by-nc
background,Speech,137934,by-nc
background,Speech,111310,by
background,Speech,101072,cc0
background,Speech,137936,by-nc
background,Speech,137938,by-nc
background,Speech,137939,by-nc
background,Speech,111312,by
background,Speech,101077,cc0
background,Speech,111315,by
background,Speech,137944,by-nc
background,Speech,137946,by-nc
background,Speech,137949,by-nc
background,Speech,101095,cc0
background,Speech,428777,by
background,Speech,400106,by
background,Speech,101100,cc0
background,Speech,101106,cc0
background,Speech,80633,by
background,Speech,316170,by
background,Speech,80663,by
background,Speech,316184,by
background,Speech,219941,by
background,Speech,273192,cc0
background,Speech,334636,cc0
background,Speech,166737,cc0
background,Speech,72540,by-nc
background,Speech,174944,by
background,Speech,174948,by
background,Speech,174952,by
background,Speech,174955,by
background,Speech,174958,by
background,Speech,174960,by
background,Speech,43889,by-nc
background,Speech,416635,cc0
background,Speech,416636,cc0
background,Speech,416637,cc0
background,Speech,416638,cc0
background,Speech,365439,cc0
background,Speech,416640,cc0
background,Speech,416641,cc0
background,Speech,416642,cc0
background,Speech,416643,cc0
background,Speech,416639,cc0
background,Speech,416645,cc0
background,Speech,416644,cc0
background,Speech,416646,cc0
background,Speech,416648,cc0
background,Speech,416647,cc0
background,Speech,416649,cc0
background,Speech,416650,cc0
background,Speech,416651,cc0
background,Speech,416652,cc0
background,Speech,416653,cc0
background,Speech,416654,cc0
background,Speech,416656,cc0
background,Speech,416655,cc0
background,Speech,416657,cc0
background,Speech,416659,cc0
background,Speech,416660,cc0
background,Speech,416661,cc0
background,Speech,416662,cc0
background,Speech,416663,cc0
background,Speech,416664,cc0
background,Speech,416665,cc0
background,Speech,416666,cc0
background,Speech,416667,cc0
background,Speech,31644,by
background,Speech,416668,cc0
background,Speech,416669,cc0
background,Speech,107416,by
background,Speech,416670,cc0
background,Speech,416671,cc0
background,Speech,416674,cc0
background,Speech,107424,by
background,Speech,416673,cc0
background,Speech,416677,cc0
background,Speech,416675,cc0
background,Speech,416676,cc0
background,Speech,416672,cc0
background,Speech,416678,cc0
background,Speech,416682,cc0
background,Speech,416679,cc0
background,Speech,416684,cc0
background,Speech,187308,cc0
background,Speech,416680,cc0
background,Speech,416681,cc0
background,Speech,416688,cc0
background,Speech,416689,cc0
background,Speech,48050,by
background,Speech,416691,cc0
background,Speech,416699,cc0
background,Speech,91081,by
background,Speech,236496,by
background,Speech,33754,cc0
background,Speech,148443,by-nc
background,Speech,242661,cc0
background,Speech,422902,cc0
background,Speech,422909,cc0
background,Speech,422910,cc0
background,Speech,422919,cc0
background,Speech,422920,cc0
background,Speech,422922,cc0
background,Speech,422932,cc0
background,Speech,422937,cc0
background,Speech,429082,by-nc
background,Speech,236572,by
background,Speech,422941,cc0
background,Speech,422942,cc0
background,Speech,422949,cc0
background,Speech,95279,by
background,Speech,97346,by
background,Speech,97351,by
background,Speech,316501,by
background,Speech,316504,by
background,Speech,97371,by
background,Speech,181347,by
background,Speech,416876,by
background,Speech,236654,by
background,Speech,175231,cc0
background,Speech,175232,cc0
background,Speech,175233,cc0
background,Speech,175234,cc0
background,Speech,318595,by-nc
background,Speech,265359,by
background,Speech,349331,cc0
background,Speech,371864,cc0
background,Speech,177315,by
background,Speech,44198,by-nc
background,Speech,416936,by
background,Speech,72875,by
background,Speech,93374,by
background,Speech,93384,by
background,Speech,406729,by
background,Speech,50423,by-nc
background,Speech,195846,cc0
background,Speech,29961,sampling+
background,Speech,109836,by
background,Speech,60689,by
background,Speech,388383,by
background,Speech,109883,by
background,Speech,27963,cc0
background,Speech,27965,cc0
background,Speech,27964,cc0
background,Speech,27967,cc0
background,Speech,257344,cc0
background,Speech,27969,cc0
background,Speech,27970,cc0
background,Speech,429380,by-nc
background,Speech,11599,by
background,Speech,3411,by
background,Speech,341347,cc0
background,Speech,42347,by
background,Speech,400747,cc0
background,Speech,42349,by
background,Speech,109934,by
background,Speech,400748,cc0
background,Speech,42355,by
background,Speech,406955,by
background,Speech,167340,cc0
background,Speech,245174,by-nc
background,Speech,404919,by
background,Speech,60859,by
background,Speech,13778,by
background,Speech,234974,cc0
background,Speech,234975,cc0
background,Speech,128479,by
background,Speech,128484,by
background,Speech,234994,cc0
background,Speech,161274,cc0
background,Speech,34310,by
background,Speech,93704,by
background,Speech,34317,by
background,Speech,34318,by
background,Speech,394772,cc0
background,Speech,34326,by
background,Speech,167448,by
background,Speech,26137,by
background,Speech,259609,by
background,Speech,235044,cc0
background,Speech,233028,by
background,Speech,233029,by
background,Speech,233032,by
background,Speech,233034,by
background,Speech,161355,by
background,Speech,353869,by-nc
background,Speech,161359,by
background,Speech,161365,by
background,Speech,87644,cc0
background,Speech,61036,by-nc
background,Speech,61037,by-nc
background,Speech,61038,by-nc
background,Speech,61039,by-nc
background,Speech,44655,by-nc
background,Speech,34420,by
background,Speech,77428,by-nc
background,Speech,77429,by-nc
background,Speech,77430,by-nc
background,Speech,77431,by-nc
background,Speech,77432,by-nc
background,Speech,77433,by-nc
background,Speech,343675,by
background,Speech,77434,by-nc
background,Speech,77435,by-nc
background,Speech,77436,by-nc
background,Speech,77437,by-nc
background,Speech,77438,by-nc
background,Speech,77439,by-nc
background,Speech,56965,by
background,Speech,77445,by-nc
background,Speech,77446,by-nc
background,Speech,77447,by-nc
background,Speech,235145,cc0
background,Speech,77448,by-nc
background,Speech,77449,by-nc
background,Speech,77450,by-nc
background,Speech,235149,cc0
background,Speech,77451,by-nc
background,Speech,77452,by-nc
background,Speech,77453,by-nc
background,Speech,77454,by-nc
background,Speech,77455,by-nc
background,Speech,77456,by-nc
background,Speech,44700,by
background,Speech,235169,cc0
background,Speech,339630,cc0
background,Speech,343751,by
background,Speech,343752,by
background,Speech,343753,by
background,Speech,343754,by
background,Speech,75509,cc0
background,Speech,335606,cc0
background,Speech,16118,sampling+
background,Speech,198407,by
background,Speech,79634,sampling+
background,Speech,108313,by
background,Speech,257818,by
background,Speech,61214,sampling+
background,Speech,139041,by
background,Speech,32546,by-nc
background,Speech,139043,by
background,Speech,139045,by
background,Speech,139046,by
background,Speech,139047,by
background,Speech,139048,by
background,Speech,139049,by
background,Speech,237355,by
background,Speech,73523,by
background,Speech,241477,cc0
background,Speech,249684,cc0
background,Speech,18274,by
background,Speech,18277,by
background,Speech,18278,by
background,Speech,18279,by
background,Speech,18280,by
background,Speech,34667,by
background,Speech,18285,by
background,Speech,18286,by
background,Speech,18288,by
background,Speech,18289,by
background,Speech,241524,cc0
background,Speech,18292,by
background,Speech,30622,by
background,Speech,30623,by
background,Speech,106402,by
background,Speech,30627,by
background,Speech,69543,by
background,Speech,69544,by
background,Speech,427963,cc0
background,Speech,405443,by
background,Speech,10180,cc0
background,Speech,10181,cc0
background,Speech,10183,cc0
background,Speech,10186,cc0
background,Speech,10188,cc0
background,Speech,10191,cc0
background,Speech,10199,cc0
background,Speech,322314,cc0
background,Speech,412039,cc0
background,Speech,171101,cc0
background,Speech,345325,by
background,Speech,242688,cc0
background,Speech,242689,cc0
background,Speech,95238,by
background,Speech,242697,cc0
background,Speech,87051,by
background,Speech,81936,by
background,Speech,107538,by
background,Speech,107539,by
background,Speech,236565,by
background,Speech,81942,by
background,Speech,107542,by
background,Speech,107543,by
background,Speech,236571,by
background,Speech,81948,by
background,Speech,73757,by
background,Speech,107551,by
background,Speech,107553,by
background,Speech,249893,by
background,Speech,85032,by
background,Speech,82988,by
background,Speech,95277,by
background,Speech,95281,by
background,Speech,76850,by
background,Speech,95284,by
background,Speech,95286,by
background,Speech,236598,by
background,Speech,236605,by
background,Speech,236606,by
background,Speech,97344,by
background,Speech,236612,by
background,Speech,97349,by
background,Speech,97350,by
background,Speech,236615,by
background,Speech,236614,by
background,Speech,97355,by
background,Speech,236622,by
background,Speech,236624,by
background,Speech,236626,by
background,Speech,277593,by
background,Speech,277594,by
background,Speech,277595,by
background,Speech,262237,by
background,Speech,277596,by
background,Speech,277598,by
background,Speech,262240,by
background,Speech,94314,by
background,Speech,94315,by
background,Speech,236657,by
background,Speech,236660,by
background,Speech,236663,by
background,Speech,74883,by
background,Speech,99459,by
background,Speech,74885,by
background,Speech,99464,by
background,Speech,99467,by
background,Speech,99469,by
background,Speech,65687,by
background,Speech,99479,by
background,Speech,67739,by
background,Speech,67740,by
background,Speech,83100,by
background,Speech,72860,by
background,Speech,67744,by
background,Speech,67750,by
background,Speech,67756,by
background,Speech,93363,by
background,Speech,93364,by
background,Speech,99510,by
background,Speech,93368,by
background,Speech,94393,by
background,Speech,242873,cc0
background,Speech,94395,by
background,Speech,93370,by
background,Speech,93371,by
background,Speech,93375,by
background,Speech,93376,by
background,Speech,107715,by
background,Speech,93379,by
background,Speech,107720,by
background,Speech,368841,by
background,Speech,93388,by
background,Speech,107724,by
background,Speech,93391,by
background,Speech,89296,by
background,Speech,107730,by
background,Speech,89300,by
background,Speech,93396,by
background,Speech,93400,by
background,Speech,107736,by
background,Speech,93404,by
background,Speech,107740,by
background,Speech,93406,by
background,Speech,93407,by
background,Speech,89312,by
background,Speech,107748,by
background,Speech,89318,by
background,Speech,89320,by
background,Speech,93417,by
background,Speech,89324,by
background,Speech,69869,by
background,Speech,89326,by
background,Speech,89331,by
background,Speech,89337,by
background,Speech,89338,by
background,Speech,104707,by
background,Speech,72963,by
background,Speech,104714,by
background,Speech,104718,by
background,Speech,271630,cc0
background,Speech,109839,by
background,Speech,271631,cc0
background,Speech,109838,by
background,Speech,109843,by
background,Speech,109845,by
background,Speech,96534,by
background,Speech,96536,by
background,Speech,104728,by
background,Speech,96543,by
background,Speech,104736,by
background,Speech,96545,by
background,Speech,174368,by
background,Speech,109856,by
background,Speech,107808,by
background,Speech,106789,by
background,Speech,174373,by
background,Speech,109859,by
background,Speech,96553,by
background,Speech,109865,by
background,Speech,109866,by
background,Speech,109871,by
background,Speech,109872,by
background,Speech,108857,by
background,Speech,80188,by
background,Speech,109884,by
background,Speech,339268,by
background,Speech,108870,by
background,Speech,109897,by
background,Speech,108875,by
background,Speech,80203,by
background,Speech,108877,by
background,Speech,109900,by
background,Speech,108879,by
background,Speech,108880,by
background,Speech,80210,by
background,Speech,109901,by
background,Speech,109902,by
background,Speech,108885,by
background,Speech,109903,by
background,Speech,109907,by
background,Speech,109910,by
background,Speech,108889,by
background,Speech,109911,by
background,Speech,109913,by
background,Speech,108892,by
background,Speech,108894,by
background,Speech,109918,by
background,Speech,86383,by
background,Speech,86385,by
background,Speech,86388,by
background,Speech,86398,by
background,Speech,86401,by
background,Speech,86402,by
background,Speech,106885,by
background,Speech,86407,by
background,Speech,83339,by
background,Speech,83340,by
background,Speech,86418,by
background,Speech,86421,by
background,Speech,86424,by
background,Speech,86427,by
background,Speech,86429,by
background,Speech,104863,by
background,Speech,86436,by
background,Speech,80297,by
background,Speech,86444,by
background,Speech,80303,by
background,Speech,86450,by
background,Speech,80307,by
background,Speech,86451,by
background,Speech,86453,by
background,Speech,86461,by
background,Speech,86472,by
background,Speech,234987,cc0
background,Speech,84462,by
background,Speech,106991,by
background,Speech,234996,cc0
background,Speech,235009,cc0
background,Speech,93700,by
background,Speech,93703,by
background,Speech,235016,cc0
background,Speech,235019,cc0
background,Speech,235020,cc0
background,Speech,235030,cc0
background,Speech,235031,cc0
background,Speech,94748,by
background,Speech,99870,by
background,Speech,95775,by
background,Speech,95776,by
background,Speech,95774,by
background,Speech,235042,cc0
background,Speech,97827,by
background,Speech,99875,by
background,Speech,97828,by
background,Speech,95780,by
background,Speech,235048,cc0
background,Speech,95786,by
background,Speech,97834,by
background,Speech,235053,cc0
background,Speech,99886,by
background,Speech,234034,by
background,Speech,234035,by
background,Speech,99891,by
background,Speech,95797,by
background,Speech,95799,by
background,Speech,95800,by
background,Speech,234041,by
background,Speech,72251,by
background,Speech,72255,by
background,Speech,246356,by-nc
background,Speech,93785,by
background,Speech,246363,by-nc
background,Speech,107100,by
background,Speech,107099,by
background,Speech,93787,by
background,Speech,246368,by-nc
background,Speech,235105,cc0
background,Speech,246374,by-nc
background,Speech,235110,cc0
background,Speech,235114,cc0
background,Speech,235123,cc0
background,Speech,219766,cc0
background,Speech,235126,cc0
background,Speech,235128,cc0
background,Speech,219772,cc0
background,Speech,76466,sampling+
background,Speech,112342,cc0
background,Speech,93920,by
background,Speech,93921,by
background,Speech,93923,by
background,Speech,80613,by
background,Speech,93925,by
background,Speech,80621,by
background,Speech,76531,sampling+
background,Speech,80630,by
background,Speech,80632,by
background,Speech,368380,cc0
background,Speech,80638,by
background,Speech,80641,by
background,Speech,67330,by
background,Speech,67331,by
background,Speech,2821,by
background,Speech,80646,by
background,Speech,67333,by
background,Speech,67334,by
background,Speech,80649,by
background,Speech,67335,by
background,Speech,80651,by
background,Speech,67336,by
background,Speech,67337,by
background,Speech,67339,by
background,Speech,67340,by
background,Speech,67341,by
background,Speech,67345,by
background,Speech,80658,by
background,Speech,108310,by
background,Speech,80671,by
background,Speech,80672,by
background,Speech,80678,by
background,Speech,80683,by
background,Speech,73521,by
background,Speech,241476,cc0
background,Speech,72523,by
background,Speech,241484,cc0
background,Speech,236374,by
background,Speech,241495,cc0
background,Speech,241502,cc0
background,Speech,236383,by
background,Speech,236385,by
background,Speech,236386,by
background,Speech,82788,by
background,Speech,236391,by
background,Speech,241517,cc0
background,Speech,33649,by
background,Speech,33651,by
background,Speech,33652,by
background,Speech,33654,by
background,Speech,33655,by
background,Speech,33656,by
background,Speech,76673,sampling+
background,Speech,255879,by
background,Speech,236428,by
background,Speech,236429,by
background,Speech,236430,by
background,Speech,91020,by
background,Speech,241552,cc0
background,Speech,91028,by
background,Speech,33686,by
background,Speech,33687,by
background,Speech,33689,by
background,Speech,33692,by
background,Speech,33694,by
background,Speech,241571,cc0
background,Speech,86952,by
background,Speech,241577,cc0
background,Speech,241578,cc0
background,Speech,241579,cc0
background,Speech,241581,cc0
background,Speech,236463,by
background,Speech,241583,cc0
background,Speech,236468,by
background,Speech,106428,by
background,Speech,242624,cc0
background,Speech,242626,cc0
background,Speech,106435,by
background,Speech,242628,cc0
background,Speech,242629,cc0
background,Speech,91076,by
background,Speech,106436,by
background,Speech,106437,by
background,Speech,91082,by
background,Speech,236492,by
background,Speech,106445,by
background,Speech,236493,by
background,Speech,236494,by
background,Speech,242636,cc0
background,Speech,106441,by
background,Speech,106449,by
background,Speech,236500,by
background,Speech,242645,cc0
background,Speech,106450,by
background,Speech,242647,cc0
background,Speech,106454,by
background,Speech,236505,by
background,Speech,106460,by
background,Speech,242653,cc0
background,Speech,106438,by
background,Speech,236511,by
background,Speech,106439,by
background,Speech,106467,by
background,Speech,106468,by
background,Speech,106440,by
background,Speech,242663,cc0
background,Speech,236519,by
background,Speech,236522,by
background,Speech,242683,cc0
background,Speech,379757,by
background,Speech,64369,by-nc
background,Speech,215990,cc0
background,Speech,215999,cc0
background,Speech,50357,by
background,Speech,412041,cc0
background,Speech,170786,cc0
background,Speech,115523,by
background,Speech,411018,cc0
background,Speech,408911,by-nc
background,Speech,71558,cc0
background,Speech,71560,cc0
background,Speech,351241,by
background,Speech,353769,cc0
background,Speech,353770,cc0
background,Speech,361400,cc0
background,Speech,18291,by
background,Speech,80398,by
background,Speech,242184,cc0
background,Speech,349317,cc0
background,Speech,2824,by
background,Speech,2826,by
background,Speech,2830,by
background,Speech,130703,by
background,Speech,121230,by
background,Speech,121233,by
background,Speech,121234,by
background,Speech,130707,by
background,Speech,121235,by
background,Speech,121237,by
background,Speech,130709,by
background,Speech,130711,by
background,Speech,2832,by
background,Speech,130713,by
background,Speech,130715,by
background,Speech,130717,by
background,Speech,186916,by
background,Speech,130727,by
background,Speech,130729,by
background,Speech,130731,by
background,Speech,130733,by
background,Speech,256338,by
background,Speech,256339,by
background,Speech,220372,by-nc
background,Speech,256341,by
background,Speech,256342,by
background,Speech,256343,by
background,Speech,256344,by
background,Speech,256345,by
background,Speech,256346,by
background,Speech,256347,by
background,Speech,256340,by
background,Speech,256349,by
background,Speech,256348,by
background,Speech,256351,by
background,Speech,256352,by
background,Speech,256353,by
background,Speech,256354,by
background,Speech,256355,by
background,Speech,256356,by
background,Speech,256350,by
background,Speech,256358,by
background,Speech,256359,by
background,Speech,256360,by
background,Speech,256361,by
background,Speech,256362,by
background,Speech,256363,by
background,Speech,256364,by
background,Speech,256367,by
background,Speech,256368,by
background,Speech,256369,by
background,Speech,256370,by
background,Speech,379393,cc0
background,Speech,379394,cc0
background,Speech,379395,cc0
background,Speech,376200,by
background,Speech,260121,cc0
background,Speech,260123,cc0
background,Speech,333395,cc0
background,Speech,376698,by
background,Speech,388733,cc0
background,Speech,363712,cc0
background,Speech,244947,cc0
background,Speech,267250,cc0
background,Speech,76596,sampling+
background,Speech,348837,cc0
background,Speech,63342,by
background,Speech,256190,by
background,Speech,256194,by
background,Speech,45125,by-nc
background,Speech,63276,by
background,Speech,350733,by
background,Speech,31783,by-nc
background,Speech,92927,by-nc
background,Speech,77406,by-nc
background,Speech,77407,by-nc
background,Speech,77409,by-nc
background,Speech,77412,by-nc
background,Speech,77413,by-nc
background,Speech,77414,by-nc
background,Speech,77415,by-nc
background,Speech,77416,by-nc
background,Speech,77417,by-nc
background,Speech,77418,by-nc
background,Speech,77419,by-nc
background,Speech,77420,by-nc
background,Speech,77421,by-nc
background,Speech,77422,by-nc
background,Speech,77423,by-nc
background,Speech,77424,by-nc
background,Speech,77426,by-nc
background,Speech,44702,by
background,Speech,44704,by
background,Speech,92950,by-nc
background,Speech,160996,cc0
background,Speech,156910,by
background,Speech,92915,by-nc
background,Speech,92916,by-nc
background,Speech,92917,by-nc
background,Speech,92918,by-nc
background,Speech,92919,by-nc
background,Speech,92920,by-nc
background,Speech,92921,by-nc
background,Speech,92922,by-nc
background,Speech,92923,by-nc
background,Speech,92924,by-nc
background,Speech,92925,by-nc
background,Speech,92926,by-nc
background,Speech,92928,by-nc
background,Speech,92929,by-nc
background,Speech,92930,by-nc
background,Speech,92931,by-nc
background,Speech,92932,by-nc
background,Speech,92933,by-nc
background,Speech,92934,by-nc
background,Speech,92935,by-nc
background,Speech,92936,by-nc
background,Speech,92937,by-nc
background,Speech,92938,by-nc
background,Speech,92939,by-nc
background,Speech,92940,by-nc
background,Speech,92941,by-nc
background,Speech,92942,by-nc
background,Speech,92943,by-nc
background,Speech,92944,by-nc
background,Speech,92945,by-nc
background,Speech,92946,by-nc
background,Speech,92947,by-nc
background,Speech,92948,by-nc
background,Speech,92949,by-nc
background,Speech,82710,by-nc
background,Speech,92951,by-nc
background,Speech,92952,by-nc
background,Speech,92953,by-nc
background,Speech,92954,by-nc
background,Speech,92955,by-nc
background,Speech,92956,by-nc
background,Speech,92957,by-nc
background,Speech,92958,by-nc
background,Speech,92959,by-nc
background,Speech,92960,by-nc
background,Speech,92961,by-nc
background,Speech,92962,by-nc
background,Speech,92963,by-nc
background,Speech,92964,by-nc
background,Speech,92965,by-nc
background,Speech,92966,by-nc
background,Speech,67879,by-nc
background,Speech,92968,by-nc
background,Speech,92967,by-nc
background,Speech,92970,by-nc
background,Speech,92971,by-nc
background,Speech,92972,by-nc
background,Speech,92969,by-nc
background,Speech,50497,by
background,Speech,63331,by
background,Speech,63332,by
background,Speech,63333,by
background,Speech,63334,by
background,Speech,63335,by
background,Speech,63336,by
background,Speech,63339,by
background,Speech,63340,by
background,Speech,63338,by
background,Speech,63341,by
background,Speech,63337,by
background,Speech,18287,by
background,Speech,18290,by
background,Speech,368516,by-nc
background,Speech,351109,by
background,Speech,351110,by
background,Speech,351111,by
background,Speech,351112,by
background,Speech,30597,by-nc
background,Speech,278944,cc0
background,Speech,32168,by
background,Speech,416683,cc0
background,Speech,416686,cc0
background,Speech,194481,by
background,Speech,194483,by
background,Speech,416692,cc0
background,Speech,194485,by
background,Speech,194484,by
background,Speech,416695,cc0
background,Speech,416694,cc0
background,Speech,416698,cc0
background,Speech,416700,cc0
background,Speech,416701,cc0
background,Speech,189192,by
background,Speech,189195,by
background,Speech,189202,by
background,Speech,394408,by
background,Speech,53979,by-nc
background,Speech,53978,by-nc
background,Speech,53984,by-nc
background,Speech,59040,by-nc
background,Speech,59041,by-nc
background,Speech,410758,by
background,Speech,242571,by-nc
background,Speech,369164,by-nc
background,Speech,242572,by-nc
background,Speech,242573,by-nc
background,Speech,242574,by-nc
background,Speech,41489,by
background,Speech,21137,by
background,Speech,242576,by-nc
background,Speech,22519,by
background,Speech,260124,cc0
background,Speech,33700,by
background,Speech,102821,by
background,Speech,79669,cc0
background,Speech,23735,by
background,Speech,22588,by
background,Speech,76613,sampling+
background,Speech,16198,by-nc
background,Speech,72006,by
background,Speech,16197,by-nc
background,Speech,72009,by
background,Speech,324435,by
background,Speech,255317,by
background,Speech,103382,by
background,Speech,103385,by
background,Speech,104922,by
background,Speech,103390,by
background,Speech,45923,by
background,Speech,252005,by
background,Speech,169959,by-nc
background,Speech,165236,by
background,Speech,165238,by
background,Speech,165239,by
background,Speech,63352,by
background,Speech,165242,by
background,Speech,101807,sampling+
background,Speech,328049,by
background,Speech,401539,by-nc
background,Speech,215935,by
background,Speech,190033,cc0
background,Speech,339935,by
background,Speech,114430,by
background,Speech,90738,by
background,Speech,400869,cc0
background,Speech,368456,cc0
background,Speech,366335,by-nc
background,Speech,31569,cc0
background,Speech,338167,cc0
background,Speech,174924,by
background,Speech,153108,cc0
background,Speech,57770,by
background,Speech,62327,cc0
background,Speech,249490,by
background,Speech,62966,by
background,Speech,244292,by-nc
background,Speech,397034,cc0
background,Speech,327139,by
background,Speech,174627,cc0
background,Speech,106972,by-nc
background,Speech,83521,cc0
background,Speech,263053,cc0
background,Speech,223280,by
background,Speech,107331,cc0
background,Speech,205734,by
background,Speech,242538,cc0
background,Speech,110006,by
background,Speech,251898,by
background,Speech,412557,cc0
background,Speech,366152,by-nc
background,Speech,382575,cc0
background,Speech,128896,by
background,Speech,367826,cc0
background,Speech,131236,cc0
background,Speech,407454,cc0
background,Speech,192647,cc0
background,Speech,210602,cc0
background,Speech,60898,by
background,Speech,263052,cc0
background,Speech,112519,cc0
background,Speech,157919,cc0
background,Speech,351479,by
background,Speech,84391,sampling+
background,Speech,266184,cc0
background,Speech,127243,by-nc
background,Speech,336769,by
background,Speech,401794,cc0
background,Speech,194460,cc0
background,Speech,153185,cc0
background,Speech,256091,by
background,Speech,60164,by
background,Speech,367142,by
background,Speech,240674,cc0
background,Speech,192171,cc0
background,Speech,101811,sampling+
background,Speech,423119,by
background,Speech,336786,by
background,Speech,260983,cc0
background,Speech,217740,by
background,Speech,62594,cc0
background,Speech,69307,cc0
background,Speech,101843,sampling+
background,Speech,76750,by-nc
background,Speech,340049,by
background,Speech,221599,cc0
background,Speech,233261,cc0
background,Speech,101797,cc0
background,Speech,391290,cc0
background,Speech,62460,cc0
background,Speech,201914,by
background,Speech,17611,cc0
background,Speech,82716,cc0
background,Speech,152802,cc0
background,Speech,81774,by-nc
background,Speech,131266,by
background,Speech,17486,sampling+
background,Speech,112337,by
background,Speech,78382,by
background,Speech,62515,cc0
background,Speech,331467,cc0
background,Speech,328842,cc0
background,Speech,331024,by
background,Speech,399833,cc0
background,Speech,402711,cc0
background,Speech,112984,by-nc
background,Speech,398001,cc0
background,Speech,128612,cc0
background,Speech,257868,by-nc
background,Speech,25824,cc0
background,Speech,31571,cc0
background,Speech,251915,by
background,Speech,77119,by-nc
background,Speech,114407,by
background,Speech,161686,by
background,Speech,251907,by
background,Speech,162112,by
background,Speech,361091,by
background,Speech,197947,by
background,Speech,137411,cc0
background,Speech,397010,cc0
background,Speech,128005,cc0
background,Speech,112632,by
background,Speech,49772,by
background,Speech,25822,cc0
background,Speech,328816,cc0
background,Speech,411737,cc0
background,Speech,250378,by
background,Speech,365746,by
background,Speech,34545,by
background,Speech,166416,by
background,Speech,156641,by
background,Speech,189696,by
background,Speech,362569,cc0
background,Speech,277264,by
background,Speech,198463,by
background,Speech,62479,cc0
background,Speech,34544,by
background,Speech,217735,by
background,Speech,163050,by
background,Speech,391214,by
background,Speech,207129,cc0
background,Speech,170667,by-nc
background,Speech,276897,by
background,Speech,260802,by
background,Speech,108922,sampling+
background,Speech,96832,by
background,Speech,64557,by
background,Speech,400589,cc0
background,Speech,252712,cc0
background,Speech,334991,cc0
background,Speech,336785,by
background,Speech,339990,by
background,Speech,86880,by-nc
background,Speech,200381,cc0
background,Speech,338170,cc0
background,Speech,41854,cc0
background,Speech,114427,by
background,Speech,34942,sampling+
background,Speech,84718,by
background,Speech,242861,cc0
background,Speech,257858,cc0
background,Speech,316797,cc0
background,Speech,260992,by
background,Speech,24220,by
background,Speech,261325,by
background,Speech,425929,cc0
background,Speech,340053,by
background,Speech,101846,sampling+
background,Speech,348324,cc0
background,Speech,147680,by-nc
background,Speech,210314,cc0
background,Speech,316869,by
background,Speech,13594,by
background,Speech,210276,cc0
background,Speech,210048,cc0
background,Speech,145362,cc0
background,Speech,49932,cc0
background,Speech,209989,by
background,Speech,62458,cc0
background,Speech,367824,cc0
background,Speech,336788,by
background,Speech,275788,cc0
background,Speech,244452,cc0
background,Speech,185050,cc0
background,Speech,209965,cc0
background,Speech,62333,cc0
background,Speech,81853,by
background,Speech,245522,by-nc
background,Speech,349657,cc0
background,Speech,209657,cc0
background,Speech,43865,by
background,Speech,334990,cc0
background,Speech,263048,cc0
background,Speech,369961,cc0
background,Speech,364972,by
background,Speech,367823,cc0
background,Speech,114429,by
background,Speech,128611,cc0
background,Speech,369913,cc0
background,Speech,67305,by
background,Speech,338169,cc0
background,Speech,121801,cc0
background,Speech,141684,by
background,Speech,87379,cc0
background,Speech,90042,by-nc
background,Speech,268870,cc0
background,Speech,346869,cc0
background,Speech,55082,by
background,Speech,265224,cc0
background,Speech,62457,cc0
background,Speech,41296,by
background,Speech,76220,sampling+
background,Speech,131239,cc0
background,Speech,336784,by
background,Speech,147692,cc0
background,Speech,378365,cc0
background,Speech,67307,by
background,Speech,367836,cc0
background,Speech,275798,cc0
background,Speech,78520,by
background,Speech,62478,cc0
background,Speech,192646,cc0
background,Speech,26285,cc0
background,Speech,408804,by-nc
background,Speech,25314,cc0
background,Speech,275791,cc0
background,Speech,141188,by
background,Speech,199340,cc0
background,Speech,410995,cc0
background,Speech,155467,by-nc
background,Speech,209990,by
background,Speech,205735,by
background,Speech,200386,cc0
background,Speech,367081,cc0
background,Speech,8380,by
background,Speech,34943,sampling+
background,Speech,341568,cc0
background,Speech,346960,cc0
background,Speech,265110,by
background,Speech,112630,by
background,Speech,328087,by
background,Speech,342983,cc0
background,Speech,187291,by
background,Speech,156946,cc0
background,Speech,186147,cc0
background,Speech,233208,cc0
background,Speech,17093,cc0
background,Speech,252653,by
background,Speech,256557,cc0
background,Speech,222597,cc0
background,Speech,62329,cc0
background,Speech,71300,by-nc
background,Speech,59599,by
background,Speech,328039,by
background,Speech,251914,by
background,Speech,49331,by-nc
background,Speech,87687,sampling+
background,Speech,191731,by-nc
background,Speech,147543,by
background,Speech,26456,by
background,Speech,153056,by
background,Speech,345836,by
background,Speech,400092,cc0
background,Speech,368174,cc0
background,Speech,251904,by
background,Speech,189762,by
background,Speech,367819,cc0
background,Speech,191732,by-nc
background,Speech,266185,cc0
background,Speech,201562,by-nc
background,Speech,90422,by
background,Speech,156098,cc0
background,Speech,115234,by
background,Speech,74485,by-nc
background,Speech,60167,by
background,Speech,361089,by
background,Speech,114504,by-nc
background,Speech,136991,by
background,Speech,275795,cc0
background,Speech,114425,by
background,Speech,416241,cc0
background,Speech,336029,by
background,Speech,156638,by
background,Speech,273450,cc0
background,Speech,97756,cc0
background,Speech,360462,cc0
background,Speech,122058,by
background,Speech,114419,by
background,Speech,339989,by
background,Speech,352612,cc0
background,Speech,321671,cc0
background,Speech,164805,cc0
background,Speech,339932,by
background,Speech,271957,by
background,Speech,125717,by
background,Speech,183456,cc0
background,Speech,116163,by
background,Speech,211191,by-nc
background,Speech,114413,by
background,Speech,145364,cc0
background,Speech,31683,sampling+
background,Speech,102308,by
background,Speech,131265,by
background,Speech,254058,by-nc
background,Speech,257864,by-nc
background,Speech,235620,cc0
background,Speech,410274,cc0
background,Speech,77026,cc0
background,Speech,205732,by
background,Speech,328052,by
background,Speech,89446,cc0
background,Speech,325451,by
background,Speech,79598,by
background,Speech,349396,cc0
background,Speech,166438,by
background,Speech,389993,cc0
background,Speech,152991,cc0
background,Speech,275154,cc0
background,Speech,15555,sampling+
background,Speech,166436,by
background,Speech,331327,cc0
background,Speech,86853,by-nc
background,Speech,330564,cc0
background,Speech,118565,cc0
background,Speech,44476,by
background,Speech,181187,cc0
background,Speech,50152,cc0
background,Speech,337723,cc0
background,Speech,64426,by
background,Speech,330846,by
background,Speech,217737,by
background,Speech,172081,cc0
background,Speech,244457,cc0
background,Speech,197450,by
background,Speech,74486,by-nc
background,Speech,62522,cc0
background,Speech,186431,cc0
background,Speech,116166,by
background,Speech,176132,by
background,Speech,171464,by-nc
background,Speech,336783,by
background,Speech,233514,cc0
background,Speech,266192,cc0
background,Speech,425662,cc0
background,Speech,86938,cc0
background,Speech,141191,by
background,Speech,49520,by
background,Speech,266186,by
background,Speech,327002,by-nc
background,Speech,328046,by
background,Speech,186475,by
background,Speech,244435,cc0
background,Speech,424791,cc0
background,Speech,330847,by
background,Speech,121949,cc0
background,Speech,369908,cc0
background,Speech,340165,by
background,Speech,67308,by
background,Speech,529,cc0
background,Speech,192172,cc0
background,Speech,137708,cc0
background,Speech,263042,cc0
background,Speech,362503,by
background,Speech,257865,by-nc
background,Speech,13647,cc0
background,Speech,268795,by-nc
background,Speech,251765,by-nc
background,Speech,27071,cc0
background,Speech,153268,by
background,Speech,336771,by
background,Speech,218055,by-nc
background,Speech,62516,cc0
background,Speech,346875,cc0
background,Speech,328635,by
background,Speech,388360,by-nc
background,Speech,362333,by
background,Speech,421591,cc0
background,Speech,402142,cc0
background,Speech,43858,by
background,Speech,336787,by
background,Speech,131199,by
background,Speech,238204,by
background,Speech,349387,cc0
background,Speech,161267,by
background,Speech,60162,by
background,Speech,115537,by
background,Speech,352638,cc0
background,Speech,74794,by-nc
background,Speech,172550,by
background,Speech,163443,cc0
background,Speech,113648,by
background,Speech,118607,cc0
background,Speech,137394,cc0
background,Speech,340481,cc0
background,Speech,401341,by
background,Speech,392839,cc0
background,Speech,152418,by
background,Speech,30550,by
background,Speech,172080,cc0
background,Speech,338147,by
background,Speech,148008,by-nc
background,Speech,17609,cc0
background,Speech,388857,by
background,Speech,107932,sampling+
background,Speech,60905,by
background,Speech,58996,by
background,Speech,340038,by
background,Speech,26219,cc0
background,Speech,217736,by
background,Speech,220458,by
background,Speech,276894,by
background,Speech,120952,by-nc
background,Speech,380759,by
background,Speech,340048,by
background,Speech,209801,cc0
background,Speech,408447,by-nc
background,Speech,198889,by
background,Speech,121295,by-nc
background,Speech,338171,cc0
background,Speech,398979,cc0
background,Speech,245523,by-nc
background,Speech,68382,by
background,Speech,251901,by
background,Speech,114428,by
background,Speech,75720,sampling+
background,Speech,73752,by
background,Speech,241924,by
background,Speech,58323,by
background,Speech,184606,by-nc
background,Speech,250983,cc0
background,Speech,241925,by
background,Speech,27072,cc0
background,Speech,266499,cc0
background,Speech,345861,by
background,Speech,167688,cc0
background,Speech,392852,cc0
background,Speech,73373,by
background,Speech,273309,cc0
background,Speech,393504,by
background,Speech,328098,cc0
background,Speech,22693,by
background,Speech,366893,cc0
background,Speech,317359,by
background,Speech,425904,cc0
background,Speech,396977,cc0
background,Speech,115378,by
background,Speech,105276,by
background,Speech,166209,by-nc
background,Speech,253636,by
background,Speech,159429,by
background,Speech,362954,cc0
background,Speech,115536,by
background,Speech,163289,by
background,Speech,412769,by
background,Speech,200810,by
background,Speech,127722,by
background,Speech,257649,by
background,Speech,396530,cc0
background,Speech,276469,cc0
background,Speech,58393,by-nc
background,Speech,117606,cc0
background,Speech,223002,cc0
background,Speech,250383,by
background,Speech,255166,cc0
background,Speech,257867,by-nc
background,Speech,191411,cc0
background,Speech,86568,by
background,Speech,405262,cc0
background,Speech,327996,by
background,Speech,424786,by
background,Speech,223272,by
background,Speech,120833,cc0
background,Speech,184490,cc0
background,Speech,136276,cc0
background,Speech,421690,cc0
background,Speech,197122,cc0
background,Speech,263534,cc0
background,Speech,398057,by
background,Speech,332129,cc0
background,Speech,328846,cc0
background,Speech,393469,cc0
background,Speech,238207,by
background,Speech,405267,cc0
background,Speech,78237,by-nc
background,Speech,339159,cc0
background,Speech,115084,by-nc
background,Speech,90421,by
background,Speech,258114,by
background,Speech,371224,cc0
background,Speech,398885,cc0
background,Speech,393380,by
background,Speech,371153,cc0
background,Speech,331948,cc0
background,Speech,431604,by
background,Speech,273050,by
background,Speech,379302,cc0
background,Speech,196382,cc0
background,Speech,21412,cc0
background,Speech,328712,by
background,Speech,415343,by
background,Speech,393359,by
background,Speech,320658,by
background,Speech,413758,cc0
background,Speech,93800,by-nc
background,Speech,101744,by-nc
background,Speech,329649,cc0
background,Speech,346213,cc0
background,Speech,207325,cc0
background,Speech,334980,cc0
background,Speech,343165,cc0
background,Speech,377738,cc0
background,Speech,332047,cc0
background,Speech,328659,by
background,Speech,30152,cc0
background,Speech,108417,by-nc
background,Speech,405261,cc0
background,Speech,179352,cc0
background,Speech,329651,by
background,Speech,328699,by-nc
background,Speech,277382,by
background,Speech,328660,by
background,Speech,365495,by-nc
background,Speech,167750,by
background,Speech,125125,by
background,Speech,425905,cc0
background,Speech,336756,by
background,Speech,195041,by-nc
background,Speech,146432,cc0
background,Speech,105277,by
background,Speech,62947,cc0
background,Speech,367078,cc0
background,Speech,393376,by
background,Speech,100426,cc0
background,Speech,398058,by
background,Speech,17123,cc0
background,Speech,213286,by
background,Speech,231957,by
background,Speech,360851,by
background,Speech,382758,by
background,Speech,422146,cc0
background,Speech,337632,by
background,Speech,331907,cc0
background,Speech,128648,cc0
background,Speech,188058,by
background,Speech,393379,by
background,Speech,257862,by-nc
background,Speech,51228,by
background,Speech,51227,by
background,Speech,136427,by
background,Speech,271557,cc0
background,Speech,382756,by
background,Speech,203164,by
background,Speech,78396,by
background,Speech,405210,by
background,Speech,238211,by
background,Speech,252043,by
background,Speech,393358,by
background,Speech,250098,by
background,Speech,263079,cc0
background,Speech,211528,cc0
background,Speech,82322,by
background,Speech,333161,by
background,Speech,268011,by
background,Speech,415341,by
background,Speech,334978,cc0
background,Speech,382762,by
background,Speech,62951,cc0
background,Speech,215937,by
background,Speech,108924,sampling+
background,Speech,273929,by
background,Speech,328711,by
background,Speech,386902,by
background,Speech,434132,by
background,Speech,413462,cc0
background,Speech,376999,cc0
background,Speech,328894,by-nc
background,Speech,47338,by
background,Speech,172552,by
background,Speech,70053,by-nc
background,Speech,28396,by
background,Speech,352609,cc0
background,Speech,377065,cc0
background,Speech,240324,cc0
background,Speech,260933,by
background,Speech,220835,by
background,Speech,238223,by
background,Speech,93790,by-nc
background,Speech,215946,by
background,Speech,320660,by
background,Speech,223294,by
background,Speech,131264,by
background,Speech,263076,cc0
background,Speech,201706,cc0
background,Speech,320070,cc0
background,Speech,370994,by
background,Speech,404802,by
background,Speech,209661,cc0
background,Speech,215943,by
background,Speech,86976,by-nc
background,Speech,264611,by
background,Speech,395241,cc0
background,Speech,191392,cc0
background,Speech,59619,by
background,Speech,155640,cc0
background,Speech,131267,by
background,Speech,146926,cc0
background,Speech,418281,cc0
background,Speech,258102,by
background,Speech,271947,by
background,Speech,332516,by
background,Speech,430993,cc0
background,Speech,321456,by
background,Speech,395626,cc0
background,Speech,271605,by
background,Speech,398059,by
background,Speech,390313,cc0
background,Speech,162091,by
background,Speech,18443,cc0
background,Speech,393356,by
background,Speech,115085,by-nc
background,Speech,257006,by-nc
background,Speech,257007,by-nc
background,Speech,257005,by-nc
background,Speech,257009,by-nc
background,Speech,352969,cc0
background,Speech,352970,cc0
background,Speech,338329,cc0
background,Speech,9199,cc0
background,Speech,60878,sampling+
background,Speech,346220,cc0
background,Speech,382589,cc0
background,Speech,402729,cc0
background,Speech,99635,by
background,Speech,410866,cc0
background,Speech,190696,by
background,Speech,396992,cc0
background,Speech,67304,by
background,Speech,117812,by-nc
background,Speech,431980,cc0
background,Speech,93052,by-nc
background,Speech,19704,by
background,Speech,193747,by-nc
background,Speech,420718,cc0
background,Speech,157770,by-nc
background,Speech,118564,cc0
background,Speech,420715,cc0
background,Speech,203991,by-nc
background,Speech,234044,cc0
background,Speech,140351,by
background,Speech,167218,by-nc
background,Speech,7928,cc0
background,Speech,396983,cc0
background,Speech,396985,cc0
background,Speech,367441,cc0
background,Speech,339916,by
background,Speech,260640,cc0
background,Speech,352643,cc0
background,Speech,99,by
background,Speech,320059,cc0
background,Speech,132900,cc0
background,Speech,257206,by-nc
background,Speech,60877,sampling+
background,Speech,179672,cc0
background,Speech,164221,by-nc
background,Speech,162043,by
background,Speech,197341,by
background,Speech,250389,by
background,Speech,330852,by
background,Speech,365634,cc0
background,Speech,330845,by
background,Speech,35840,cc0
background,Speech,146291,cc0
background,Speech,257204,by-nc
background,Speech,277007,by-nc
background,Speech,132902,cc0
background,Speech,277006,by-nc
background,Speech,277003,by-nc
background,Speech,102965,by
background,Speech,365633,cc0
background,Speech,277009,by-nc
background,Speech,277008,by-nc
background,Speech,108284,by
background,Speech,257205,by-nc
background,Speech,31491,by
background,Speech,31489,by
background,Speech,330844,by
background,Speech,365637,cc0
background,Speech,112064,by-nc
background,Speech,365636,cc0
background,Speech,64556,by
background,Speech,277005,by-nc
background,Speech,277010,by-nc
background,Speech,330850,by
background,Speech,330848,by
background,Speech,257859,by-nc
background,Speech,391300,cc0
background,Speech,393497,by
background,Speech,257866,by-nc
background,Speech,257203,by-nc
background,Speech,330853,by
background,Speech,365635,cc0
background,Speech,277004,by-nc
background,Speech,115611,by
background,Speech,330849,by
impact,Glass,47142,by
impact,Glass,47141,by
impact,Glass,341397,cc0
impact,Glass,341398,cc0
impact,Glass,341399,cc0
impact,Glass,341400,cc0
impact,Glass,341401,cc0
impact,Glass,341402,cc0
impact,Glass,341403,cc0
impact,Glass,341404,cc0
impact,Glass,341405,cc0
impact,Glass,341406,cc0
impact,Glass,341408,cc0
impact,Glass,341409,cc0
impact,Glass,341410,cc0
impact,Glass,341411,cc0
impact,Glass,341412,cc0
impact,Glass,341413,cc0
impact,Glass,341418,cc0
impact,Glass,341407,cc0
impact,Glass,341414,cc0
impact,Glass,341415,cc0
impact,Glass,341416,cc0
impact,Glass,341417,cc0
impact,Glass,341419,cc0
impact,Glass,341420,cc0
impact,Glass,66434,by-nc
impact,Glass,326991,cc0
impact,Glass,195607,by
impact,Glass,14361,by-nc
impact,Glass,14362,by-nc
impact,Glass,14363,by-nc
impact,Glass,267290,by
impact,Glass,15394,by
impact,Glass,179237,by
impact,Glass,68653,by
impact,Glass,162865,cc0
impact,Glass,27701,cc0
impact,Glass,27702,cc0
impact,Glass,179267,by
impact,Glass,68694,by
impact,Glass,418912,cc0
impact,Glass,194657,by
impact,Glass,188518,by
impact,Glass,145513,cc0
impact,Glass,321643,cc0
impact,Glass,188524,by
impact,Glass,119917,cc0
impact,Glass,377987,cc0
impact,Glass,379012,cc0
impact,Glass,396423,cc0
impact,Glass,331913,cc0
impact,Glass,194698,cc0
impact,Glass,32912,cc0
impact,Glass,331922,cc0
impact,Glass,331923,cc0
impact,Glass,331924,cc0
impact,Glass,331925,cc0
impact,Glass,331926,cc0
impact,Glass,331927,cc0
impact,Glass,245910,by
impact,Glass,213155,by-nc
impact,Glass,213166,by-nc
impact,Glass,152753,by
impact,Glass,152754,by
impact,Glass,152758,by
impact,Glass,265403,by
impact,Glass,26832,by
impact,Glass,344272,by
impact,Glass,377046,cc0
impact,Glass,216279,by
impact,Glass,216280,by
impact,Glass,211162,by
impact,Glass,256222,cc0
impact,Glass,396536,cc0
impact,Glass,379130,cc0
impact,Glass,379138,cc0
impact,Glass,434464,by
impact,Glass,268586,cc0
impact,Glass,368943,by
impact,Glass,378161,by
impact,Glass,66876,cc0
impact,Glass,274751,by
impact,Glass,319808,cc0
impact,Glass,319806,cc0
impact,Glass,11585,cc0
impact,Glass,140613,by
impact,Glass,257350,cc0
impact,Glass,39241,by
impact,Glass,39242,by
impact,Glass,140616,by
impact,Glass,39244,by
impact,Glass,140617,by
impact,Glass,204116,by
impact,Glass,204118,by
impact,Glass,204124,by
impact,Glass,204126,by
impact,Glass,204128,by
impact,Glass,204135,by
impact,Glass,380273,cc0
impact,Glass,100733,by
impact,Glass,380285,cc0
impact,Glass,156031,by
impact,Glass,100738,by
impact,Glass,350617,cc0
impact,Glass,219551,by
impact,Glass,245167,by
impact,Glass,72113,by
impact,Glass,427459,cc0
impact,Glass,427461,cc0
impact,Glass,30164,by
impact,Glass,62936,by
impact,Glass,378330,cc0
impact,Glass,62940,by
impact,Glass,62942,by
impact,Glass,62944,by
impact,Glass,244193,by
impact,Glass,188903,by
impact,Glass,75252,by
impact,Glass,88567,by
impact,Glass,176650,by
impact,Glass,114193,by
impact,Glass,135699,cc0
impact,Glass,121366,by
impact,Glass,114203,by
impact,Glass,24103,sampling+
impact,Glass,36392,cc0
impact,Glass,84526,cc0
impact,Glass,390717,by
impact,Glass,89871,by
impact,Glass,89872,by
impact,Glass,242254,by-nc
impact,Glass,89873,by
impact,Glass,94800,sampling+
impact,Glass,242262,by-nc
impact,Glass,369238,by-nc
impact,Glass,89875,by
impact,Glass,242269,by-nc
impact,Glass,242270,by-nc
impact,Glass,89876,by
impact,Glass,242272,by-nc
impact,Glass,397923,by-nc
impact,Glass,366188,by-nc
impact,Glass,275065,by
impact,Glass,255617,cc0
impact,Glass,255619,cc0
impact,Glass,255622,cc0
impact,Glass,255624,cc0
impact,Glass,212633,by
impact,Glass,174749,cc0
impact,Glass,255648,cc0
impact,Glass,408225,by-nc
impact,Glass,242338,by-nc
impact,Glass,242339,by-nc
impact,Glass,242340,by-nc
impact,Glass,242341,by-nc
impact,Glass,255650,cc0
impact,Glass,255651,cc0
impact,Glass,255652,cc0
impact,Glass,242345,by-nc
impact,Glass,255654,cc0
impact,Glass,255658,cc0
impact,Glass,255659,cc0
impact,Glass,255662,cc0
impact,Glass,255668,cc0
impact,Glass,242359,by-nc
impact,Glass,242360,by-nc
impact,Glass,242361,by-nc
impact,Glass,242362,by-nc
impact,Glass,242363,by-nc
impact,Glass,47804,by
impact,Glass,242367,by-nc
impact,Glass,186049,by
impact,Glass,114371,cc0
impact,Glass,114374,cc0
impact,Glass,242376,by-nc
impact,Glass,242377,by-nc
impact,Glass,368330,by
impact,Glass,89805,by
impact,Glass,242384,by-nc
impact,Glass,89809,by
impact,Glass,89811,by
impact,Glass,89812,by
impact,Glass,242389,by-nc
impact,Glass,89813,by
impact,Glass,242391,by-nc
impact,Glass,89815,by
impact,Glass,242394,by-nc
impact,Glass,242395,by-nc
impact,Glass,89821,by
impact,Glass,368352,by
impact,Glass,89825,by
impact,Glass,199400,cc0
impact,Glass,406249,cc0
impact,Glass,89834,by
impact,Glass,88811,by
impact,Glass,406251,cc0
impact,Glass,393965,by-nc
impact,Glass,88820,by
impact,Glass,88821,by
impact,Glass,88822,by
impact,Glass,88826,by
impact,Glass,415482,cc0
impact,Glass,88829,by
impact,Glass,242433,by-nc
impact,Glass,89859,by
impact,Glass,88837,by
impact,Glass,88838,by
impact,Glass,88839,by
impact,Glass,197383,by
impact,Glass,88841,by
impact,Glass,89860,by
impact,Glass,242443,by-nc
impact,Glass,242444,by-nc
impact,Glass,88843,by
impact,Glass,94987,cc0
impact,Glass,89862,by
impact,Glass,151305,by
impact,Glass,89866,by
impact,Glass,88850,by
impact,Glass,89870,by
impact,Glass,242453,by-nc
impact,Glass,242454,by-nc
impact,Glass,88855,by
impact,Glass,88856,by
impact,Glass,88857,by
impact,Glass,88858,by
impact,Glass,88859,by
impact,Glass,242460,by-nc
impact,Glass,242457,by-nc
impact,Glass,88862,by
impact,Glass,242462,by-nc
impact,Glass,89884,by
impact,Glass,89886,by
impact,Glass,88866,by
impact,Glass,88870,by
impact,Glass,88871,by
impact,Glass,88872,by
impact,Glass,88876,by
impact,Glass,88881,by
impact,Glass,89907,by
impact,Glass,88884,by
impact,Glass,89908,by
impact,Glass,88886,by
impact,Glass,89909,by
impact,Glass,88888,by
impact,Glass,132918,by
impact,Glass,89911,by
impact,Glass,88891,by
impact,Glass,88892,by
impact,Glass,88893,by
impact,Glass,89912,by
impact,Glass,88895,by
impact,Glass,89914,by
impact,Glass,89915,by
impact,Glass,88898,by
impact,Glass,89916,by
impact,Glass,88900,by
impact,Glass,89917,by
impact,Glass,89921,by
impact,Glass,88903,by
impact,Glass,89922,by
impact,Glass,89923,by
impact,Glass,89924,by
impact,Glass,166732,cc0
impact,Glass,89925,by
impact,Glass,88910,by
impact,Glass,88912,by
impact,Glass,88914,by
impact,Glass,88915,by
impact,Glass,238418,cc0
impact,Glass,71510,cc0
impact,Glass,51038,cc0
impact,Glass,208740,by
impact,Glass,208741,by
impact,Glass,259949,cc0
impact,Glass,88951,by
impact,Glass,88952,by
impact,Glass,88953,by
impact,Glass,63353,by
impact,Glass,88955,by
impact,Glass,88958,by
impact,Glass,89910,by
impact,Glass,88962,by
impact,Glass,353155,cc0
impact,Glass,88969,by
impact,Glass,65418,by-nc
impact,Glass,88971,by
impact,Glass,88975,by
impact,Glass,88976,by
impact,Glass,112546,cc0
impact,Glass,126889,by
impact,Glass,324555,by
impact,Glass,9164,by-nc
impact,Glass,324557,by
impact,Glass,377805,cc0
impact,Glass,219090,by-nc
impact,Glass,378850,cc0
impact,Glass,179171,by
impact,Glass,179172,by
impact,Glass,179173,by
impact,Glass,179174,by
impact,Glass,179175,by
impact,Glass,235496,cc0
impact,Glass,179177,by
impact,Glass,383978,by
impact,Glass,235497,cc0
impact,Glass,9205,by
impact,Glass,9206,by
impact,Glass,360438,by
impact,Glass,120527,cc0
impact,Glass,120528,cc0
impact,Glass,163731,cc0
impact,Glass,434144,cc0
impact,Glass,327494,by-nc
impact,Glass,109754,by
impact,Glass,367624,cc0
impact,Glass,355340,by
impact,Glass,249873,cc0
impact,Glass,249874,cc0
impact,Glass,254993,by
impact,Glass,179227,by
impact,Glass,179228,by
impact,Glass,179229,by
impact,Glass,179230,by
impact,Glass,179231,by
impact,Glass,179232,by
impact,Glass,179233,by
impact,Glass,179234,by
impact,Glass,179235,by
impact,Glass,179236,by
impact,Glass,324645,by
impact,Glass,179239,by
impact,Glass,179240,by
impact,Glass,179241,by
impact,Glass,179242,by
impact,Glass,322603,by
impact,Glass,322602,by
impact,Glass,195624,by
impact,Glass,68654,by
impact,Glass,179249,by
impact,Glass,179250,by
impact,Glass,179251,by
impact,Glass,349240,by
impact,Glass,179259,by
impact,Glass,179263,by
impact,Glass,179264,by
impact,Glass,179265,by
impact,Glass,371786,cc0
impact,Glass,352331,by
impact,Glass,272489,cc0
impact,Glass,387177,by
impact,Glass,85107,by
impact,Glass,93299,by-nc
impact,Glass,194682,cc0
impact,Glass,194683,cc0
impact,Glass,194684,cc0
impact,Glass,194685,cc0
impact,Glass,124030,by-nc
impact,Glass,233605,cc0
impact,Glass,233606,cc0
impact,Glass,233607,cc0
impact,Glass,379015,cc0
impact,Glass,255114,by
impact,Glass,145558,by
impact,Glass,145559,by
impact,Glass,145562,by
impact,Glass,145563,by
impact,Glass,367770,by
impact,Glass,213153,by-nc
impact,Glass,213154,by-nc
impact,Glass,213156,by-nc
impact,Glass,213158,by-nc
impact,Glass,213159,by-nc
impact,Glass,213160,by-nc
impact,Glass,213161,by-nc
impact,Glass,213162,by-nc
impact,Glass,213163,by-nc
impact,Glass,213164,by-nc
impact,Glass,213165,by-nc
impact,Glass,85168,by
impact,Glass,270515,by
impact,Glass,270516,by
impact,Glass,270517,by
impact,Glass,270518,by
impact,Glass,372919,by
impact,Glass,85184,by
impact,Glass,344265,by
impact,Glass,344266,by
impact,Glass,344267,by
impact,Glass,344268,by
impact,Glass,344269,by
impact,Glass,344270,by
impact,Glass,344271,by
impact,Glass,115916,cc0
impact,Glass,255182,by
impact,Glass,115922,cc0
impact,Glass,71897,by
impact,Glass,216281,by
impact,Glass,216282,by
impact,Glass,426204,by
impact,Glass,426205,by
impact,Glass,216283,by
impact,Glass,216284,by
impact,Glass,216286,by
impact,Glass,216287,by
impact,Glass,216288,by
impact,Glass,216289,by
impact,Glass,199906,cc0
impact,Glass,216291,by
impact,Glass,216290,by
impact,Glass,216293,by
impact,Glass,216292,by
impact,Glass,216294,by
impact,Glass,216296,by
impact,Glass,216298,by
impact,Glass,216299,by
impact,Glass,273647,cc0
impact,Glass,434437,by
impact,Glass,434438,by
impact,Glass,434439,by
impact,Glass,434440,by
impact,Glass,93449,by-nc
impact,Glass,434441,by
impact,Glass,434442,by
impact,Glass,434443,by
impact,Glass,71947,by
impact,Glass,434444,by
impact,Glass,434446,by
impact,Glass,368905,by
impact,Glass,434448,by
impact,Glass,434449,by
impact,Glass,434450,by
impact,Glass,434451,by
impact,Glass,387349,by
impact,Glass,434447,by
impact,Glass,368944,by
impact,Glass,223552,by
impact,Glass,214336,cc0
impact,Glass,260432,by
impact,Glass,260433,by
impact,Glass,260434,by
impact,Glass,204115,by
impact,Glass,204119,by
impact,Glass,221528,by
impact,Glass,204120,by
impact,Glass,204121,by
impact,Glass,221531,by
impact,Glass,221532,by
impact,Glass,221533,by
impact,Glass,204122,by
impact,Glass,204123,by
impact,Glass,204132,by
impact,Glass,204133,by
impact,Glass,204134,by
impact,Glass,347496,by
impact,Glass,204140,by
impact,Glass,204141,by
impact,Glass,65902,by-nc
impact,Glass,204143,by
impact,Glass,204144,by
impact,Glass,204142,by
impact,Glass,162169,by
impact,Glass,65918,by-nc
impact,Glass,376197,cc0
impact,Glass,371091,cc0
impact,Glass,371092,cc0
impact,Glass,371093,cc0
impact,Glass,412054,by
impact,Glass,178582,by
impact,Glass,378285,cc0
impact,Glass,378289,cc0
impact,Glass,118198,cc0
impact,Glass,158140,cc0
impact,Glass,158142,cc0
impact,Glass,378321,cc0
impact,Glass,257496,by
impact,Glass,270811,by
impact,Glass,270815,by
impact,Glass,270816,by
impact,Glass,92642,by
impact,Glass,92643,by
impact,Glass,92644,by
impact,Glass,164328,cc0
impact,Glass,164329,cc0
impact,Glass,164330,cc0
impact,Glass,164332,cc0
impact,Glass,173557,cc0
impact,Glass,173558,cc0
impact,Glass,173559,cc0
impact,Glass,173560,cc0
impact,Glass,246273,by
impact,Glass,126465,cc0
impact,Glass,420356,cc0
impact,Glass,323077,by-nc
impact,Glass,173576,cc0
impact,Glass,173577,cc0
impact,Glass,173579,cc0
impact,Glass,173580,cc0
impact,Glass,173581,cc0
impact,Glass,244238,cc0
impact,Glass,173585,cc0
impact,Glass,173591,cc0
impact,Glass,173592,cc0
impact,Glass,173593,cc0
impact,Glass,173594,cc0
impact,Glass,173595,cc0
impact,Glass,161309,by
impact,Glass,173600,cc0
impact,Glass,173601,cc0
impact,Glass,173602,cc0
impact,Glass,163364,cc0
impact,Glass,173604,cc0
impact,Glass,173605,cc0
impact,Glass,173606,cc0
impact,Glass,173607,cc0
impact,Glass,173608,cc0
impact,Glass,173609,cc0
impact,Glass,173610,cc0
impact,Glass,173611,cc0
impact,Glass,390700,by
impact,Glass,85550,by
impact,Glass,173613,cc0
impact,Glass,173614,cc0
impact,Glass,390702,by
impact,Glass,173618,cc0
impact,Glass,390701,by
impact,Glass,390703,by
impact,Glass,390706,by
impact,Glass,173619,cc0
impact,Glass,127543,cc0
impact,Glass,84536,by
impact,Glass,173623,cc0
impact,Glass,390708,by
impact,Glass,173621,cc0
impact,Glass,173622,cc0
impact,Glass,390709,by
impact,Glass,390714,by
impact,Glass,390716,by
impact,Glass,390715,by
impact,Glass,390718,by
impact,Glass,390719,by
impact,Glass,390720,by
impact,Glass,390721,by
impact,Glass,390722,by
impact,Glass,390723,by
impact,Glass,390725,by
impact,Glass,390726,by
impact,Glass,390727,by
impact,Glass,390728,by
impact,Glass,390729,by
impact,Glass,366179,by-nc
impact,Glass,203368,cc0
impact,Glass,203369,cc0
impact,Glass,148074,by
impact,Glass,148073,by
impact,Glass,203372,cc0
impact,Glass,203373,cc0
impact,Glass,203374,cc0
impact,Glass,430702,cc0
impact,Glass,203375,cc0
impact,Glass,148075,by
impact,Glass,203370,cc0
impact,Glass,203379,cc0
impact,Glass,203380,cc0
impact,Glass,203377,cc0
impact,Glass,321139,cc0
impact,Glass,320128,by
impact,Glass,278152,by
impact,Glass,353928,cc0
impact,Glass,408218,by-nc
impact,Glass,174747,cc0
impact,Glass,174750,cc0
impact,Glass,192060,by
impact,Glass,30368,by
impact,Glass,389793,cc0
impact,Glass,390704,by
impact,Glass,390705,by
impact,Glass,389804,cc0
impact,Glass,216748,by
impact,Glass,390707,by
impact,Glass,164539,cc0
impact,Glass,164540,cc0
impact,Glass,219837,by
impact,Glass,164542,cc0
impact,Glass,164541,cc0
impact,Glass,219838,by
impact,Glass,272065,cc0
impact,Glass,219842,by
impact,Glass,219843,by
impact,Glass,219844,by
impact,Glass,219845,by
impact,Glass,219846,by
impact,Glass,219847,by
impact,Glass,368324,by
impact,Glass,368328,by
impact,Glass,368331,by
impact,Glass,368333,by
impact,Glass,368334,by
impact,Glass,368335,by
impact,Glass,368336,by
impact,Glass,349905,cc0
impact,Glass,368338,by
impact,Glass,368337,by
impact,Glass,368341,by
impact,Glass,359126,by
impact,Glass,368342,by
impact,Glass,368343,by
impact,Glass,368344,by
impact,Glass,212698,cc0
impact,Glass,368345,by
impact,Glass,368347,by
impact,Glass,84702,by
impact,Glass,368350,by
impact,Glass,84704,by
impact,Glass,88800,by
impact,Glass,84705,by
impact,Glass,368354,by
impact,Glass,368355,by
impact,Glass,88806,by
impact,Glass,368356,by
impact,Glass,88808,by
impact,Glass,88809,by
impact,Glass,406256,by
impact,Glass,406257,by
impact,Glass,118515,cc0
impact,Glass,362238,by
impact,Glass,257791,by
impact,Glass,254721,by
impact,Glass,93964,by
impact,Glass,89887,by
impact,Glass,89888,by
impact,Glass,89889,by
impact,Glass,89890,by
impact,Glass,89891,by
impact,Glass,219940,by
impact,Glass,89894,by
impact,Glass,89895,by
impact,Glass,89900,by
impact,Glass,89901,by
impact,Glass,89902,by
impact,Glass,89903,by
impact,Glass,89904,by
impact,Glass,89905,by
impact,Glass,208696,cc0
impact,Glass,145209,cc0
impact,Glass,362310,by
impact,Glass,250709,by
impact,Glass,88917,by
impact,Glass,250710,by
impact,Glass,88920,by
impact,Glass,88921,by
impact,Glass,88922,by
impact,Glass,88923,by
impact,Glass,88924,by
impact,Glass,88925,by
impact,Glass,88926,by
impact,Glass,88927,by
impact,Glass,88928,by
impact,Glass,68449,by
impact,Glass,88931,by
impact,Glass,88932,by
impact,Glass,88933,by
impact,Glass,95078,by
impact,Glass,88935,by
impact,Glass,88936,by
impact,Glass,88937,by
impact,Glass,88941,by
impact,Glass,88942,by
impact,Glass,88944,by
impact,Glass,88945,by
impact,Glass,92019,by
impact,Glass,88948,by
impact,Glass,88949,by
impact,Glass,88950,by
impact,Glass,204685,by
impact,Glass,204686,by
impact,Glass,204687,by
impact,Glass,204688,by
impact,Glass,204692,by
impact,Glass,42900,by
impact,Glass,42902,by
impact,Glass,42901,by
impact,Glass,204694,by
impact,Glass,204695,by
impact,Glass,42904,by
impact,Glass,204697,by
impact,Glass,42906,by
impact,Glass,42907,by
impact,Glass,42903,by
impact,Glass,126877,by
impact,Glass,204698,by
impact,Glass,204699,by
impact,Glass,156578,cc0
impact,Glass,126878,by
impact,Glass,47012,sampling+
impact,Glass,47013,sampling+
impact,Glass,327591,by-nc
impact,Glass,144321,cc0
impact,Glass,348106,by
impact,Glass,66519,by-nc
impact,Glass,66520,by-nc
impact,Glass,360410,by-nc
impact,Glass,256993,by
impact,Glass,383988,by
impact,Glass,160759,by
impact,Glass,41348,by
impact,Glass,328611,cc0
impact,Glass,159197,cc0
impact,Glass,245410,cc0
impact,Glass,401619,cc0
impact,Glass,353626,cc0
impact,Glass,147867,cc0
impact,Glass,380840,cc0
impact,Glass,204777,cc0
impact,Glass,321143,cc0
impact,Glass,202093,cc0
impact,Glass,326422,by-nc
impact,Glass,276938,cc0
impact,Glass,276939,cc0
impact,Glass,244925,cc0
impact,Glass,135039,cc0
impact,Glass,89604,sampling+
impact,Glass,379440,cc0
impact,Glass,210581,by
impact,Glass,344712,cc0
impact,Glass,60475,cc0
impact,Glass,379184,cc0
impact,Glass,181716,cc0
impact,Glass,259553,cc0
impact,Glass,238409,by
impact,Glass,366205,cc0
impact,Glass,100021,by
impact,Glass,220959,cc0
impact,Glass,74754,sampling+
impact,Glass,407434,by-nc
impact,Glass,339017,cc0
impact,Glass,326990,cc0
impact,Glass,379408,cc0
impact,Glass,182510,by
impact,Glass,427389,cc0
impact,Glass,60467,cc0
impact,Glass,60470,cc0
impact,Glass,60471,cc0
impact,Glass,60472,cc0
impact,Glass,60473,cc0
impact,Glass,60477,cc0
impact,Glass,60476,cc0
impact,Glass,60474,cc0
impact,Glass,60469,cc0
impact,Glass,240785,by
impact,Glass,214187,cc0
impact,Glass,214188,cc0
impact,Glass,214189,cc0
impact,Glass,214190,cc0
impact,Glass,214191,cc0
impact,Glass,214192,cc0
impact,Glass,214193,cc0
impact,Glass,389432,cc0
impact,Glass,94681,by
impact,Glass,94686,by
impact,Glass,414217,by-nc
impact,Glass,414218,by-nc
impact,Glass,414219,by-nc
impact,Glass,414220,by-nc
impact,Glass,414221,by-nc
impact,Glass,414222,by-nc
impact,Glass,414223,by-nc
impact,Glass,414225,by-nc
impact,Glass,88661,by
impact,Glass,325253,cc0
impact,Glass,325254,cc0
impact,Glass,322404,cc0
impact,Glass,322406,cc0
impact,Glass,322407,cc0
impact,Glass,255208,by
impact,Glass,365519,cc0
impact,Glass,233381,by-nc
impact,Glass,2139,sampling+
impact,Glass,233586,by
impact,Glass,131879,cc0
impact,Glass,394795,cc0
impact,Glass,380669,cc0
impact,Glass,94202,by
impact,Glass,94203,by
impact,Glass,329557,by
impact,Glass,326669,by-nc
impact,Glass,365734,by-nc
impact,Glass,419471,cc0
impact,Glass,104670,cc0
impact,Glass,95741,cc0
impact,Glass,176227,cc0
impact,Glass,365193,by
impact,Glass,365194,by
impact,Glass,69245,by
impact,Glass,74753,sampling+
impact,Glass,414224,by-nc
impact,Glass,76812,by
impact,Glass,416285,cc0
impact,Glass,416288,cc0
impact,Glass,85549,by
impact,Glass,60468,cc0
impact,Glass,417339,by
impact,Glass,126531,by
impact,Glass,94788,sampling+
impact,Glass,94790,sampling+
impact,Glass,346696,cc0
impact,Glass,346697,cc0
impact,Glass,346698,cc0
impact,Glass,346699,cc0
impact,Glass,382028,cc0
impact,Glass,346701,cc0
impact,Glass,94792,sampling+
impact,Glass,259671,cc0
impact,Glass,54362,by
impact,Glass,272478,cc0
impact,Glass,272480,cc0
impact,Glass,176226,cc0
impact,Glass,178282,cc0
impact,Glass,69246,by
impact,Glass,123008,cc0
impact,Glass,325252,cc0
impact,Glass,377989,cc0
impact,Glass,325255,cc0
impact,Glass,32905,cc0
impact,Glass,336521,cc0
impact,Glass,31373,by
impact,Glass,31374,by
impact,Glass,32918,cc0
impact,Glass,214186,cc0
impact,Glass,419503,by
impact,Glass,339637,cc0
impact,Glass,339638,cc0
impact,Glass,339639,cc0
impact,Glass,339640,cc0
impact,Glass,339641,cc0
impact,Glass,339642,cc0
impact,Glass,339643,cc0
impact,Glass,339644,cc0
impact,Glass,406717,cc0
impact,Glass,406718,cc0
impact,Glass,339645,cc0
impact,Glass,339648,cc0
impact,Glass,339649,cc0
impact,Glass,339650,cc0
impact,Glass,339646,cc0
impact,Glass,339652,cc0
impact,Glass,339653,cc0
impact,Glass,339654,cc0
impact,Glass,339655,cc0
impact,Glass,339656,cc0
impact,Glass,339657,cc0
impact,Glass,94405,by
impact,Glass,339651,cc0
impact,Glass,211156,by
impact,Glass,211157,by
impact,Glass,211159,by
impact,Glass,211160,by
impact,Glass,316643,cc0
impact,Glass,20196,by
impact,Glass,20197,by
impact,Glass,365799,by-nc
impact,Glass,212721,by
impact,Glass,212722,by
impact,Glass,233715,cc0
impact,Glass,212723,by
impact,Glass,118520,cc0
impact,Glass,20731,sampling+
impact,Glass,204045,by
impact,Glass,158991,by
impact,Glass,204047,by
impact,Glass,158993,by
impact,Glass,208658,by
impact,Glass,158995,by
impact,Glass,174863,by
impact,Glass,158997,by
impact,Glass,174865,by
impact,Glass,208664,by
impact,Glass,159002,by
impact,Glass,159003,by
impact,Glass,159004,by
impact,Glass,159005,by
impact,Glass,348958,cc0
impact,Glass,159007,by
impact,Glass,159008,by
impact,Glass,35631,by
impact,Glass,339647,cc0
impact,Glass,379187,cc0
impact,Glass,379189,cc0
impact,Glass,379192,cc0
impact,Glass,379198,cc0
impact,Glass,188224,cc0
impact,Glass,352065,cc0
impact,Glass,188226,cc0
impact,Glass,352066,cc0
impact,Glass,352068,cc0
impact,Glass,250691,by
impact,Glass,188225,cc0
impact,Glass,250695,by
impact,Glass,250696,by
impact,Glass,352071,cc0
impact,Glass,352069,cc0
impact,Glass,250692,by
impact,Glass,337233,cc0
impact,Glass,406716,cc0
impact,Glass,337235,cc0
impact,Glass,337234,cc0
impact,Glass,337236,cc0
impact,Glass,119133,cc0
impact,Glass,406719,cc0
impact,Glass,322405,cc0
impact,Glass,406720,cc0
impact,Glass,141680,cc0
impact,Glass,406722,cc0
impact,Glass,108408,by
impact,Glass,235903,cc0
impact,Glass,253337,cc0
impact,Glass,253338,cc0
impact,Glass,378848,cc0
impact,Glass,378275,cc0
impact,Glass,203172,cc0
impact,Glass,59317,cc0
impact,Glass,59318,cc0
impact,Glass,118199,cc0
impact,Glass,15285,by
impact,Glass,94680,by
impact,Glass,378328,cc0
impact,Glass,94682,by
impact,Glass,94683,by
impact,Glass,378332,cc0
impact,Glass,94687,by
impact,Glass,94684,by
impact,Glass,92638,by
impact,Glass,378847,cc0
impact,Glass,378846,cc0
impact,Glass,94689,by
impact,Glass,378852,cc0
impact,Glass,378853,cc0
impact,Glass,94688,by
impact,Glass,419303,by-nc
impact,Glass,360432,by
impact,Glass,360433,by
impact,Glass,378867,cc0
impact,Glass,89588,by
impact,Glass,378868,cc0
impact,Glass,383926,by-nc
impact,Glass,341068,cc0
impact,Glass,178178,cc0
impact,Glass,355336,cc0
impact,Glass,269483,cc0
impact,Glass,67041,cc0
impact,Glass,110459,by
impact,Glass,113777,cc0
impact,Glass,132634,by
impact,Glass,404477,cc0
impact,Glass,395492,by-nc
impact,Glass,263619,cc0
impact,Glass,191489,cc0
impact,Glass,186531,cc0
impact,Glass,429234,cc0
impact,Glass,368130,by-nc
impact,Glass,401620,cc0
impact,Glass,104815,cc0
impact,Glass,428165,by
impact,Glass,22770,by-nc
impact,Glass,321283,cc0
impact,Glass,321290,cc0
impact,Glass,379407,cc0
impact,Glass,408852,by-nc
impact,Glass,72203,by
impact,Glass,327556,by-nc
impact,Glass,360681,by-nc
impact,Glass,325534,by-nc
impact,Glass,199922,cc0
impact,Glass,25458,sampling+
impact,Glass,328146,cc0
impact,Glass,402935,cc0
impact,Glass,353105,cc0
impact,Glass,144175,cc0
impact,Glass,241880,cc0
impact,Glass,244245,by-nc
impact,Glass,86047,sampling+
impact,Glass,344396,cc0
impact,Glass,94641,sampling+
impact,Glass,186692,by
impact,Glass,406849,by-nc
impact,Glass,339080,cc0
impact,Glass,408708,by-nc
impact,Glass,277530,by
impact,Glass,365562,by-nc
impact,Glass,178398,by
impact,Glass,422263,cc0
impact,Glass,17146,by
impact,Glass,154466,cc0
impact,Glass,198403,cc0
impact,Glass,187463,by
impact,Glass,339082,cc0
impact,Glass,31462,by
impact,Glass,41461,sampling+
impact,Glass,365964,by-nc
impact,Glass,414297,cc0
impact,Glass,369293,cc0
impact,Glass,403578,cc0
impact,Glass,187468,by
impact,Glass,124287,cc0
impact,Glass,336425,cc0
impact,Glass,343756,cc0
impact,Glass,98054,by
impact,Glass,392319,cc0
impact,Glass,315647,by
impact,Glass,144115,by
impact,Glass,356312,cc0
impact,Glass,29712,by
impact,Glass,330800,by
impact,Glass,386906,by
impact,Glass,378568,cc0
impact,Glass,171998,cc0
impact,Glass,78484,cc0
impact,Glass,204185,cc0
impact,Glass,116329,sampling+
impact,Glass,341070,cc0
impact,Glass,172000,cc0
impact,Glass,338691,by-nc
impact,Glass,257642,by
impact,Glass,112213,cc0
impact,Glass,376462,cc0
impact,Glass,86324,by-nc
impact,Glass,366595,by-nc
impact,Glass,177959,cc0
impact,Glass,978,by
impact,Glass,33629,by
impact,Glass,59263,sampling+
impact,Glass,34201,by
impact,Glass,396270,by-nc
impact,Glass,136629,cc0
impact,Glass,77529,by-nc
impact,Glass,406112,cc0
impact,Glass,267889,cc0
impact,Glass,422633,cc0
impact,Glass,414047,by-nc
impact,Glass,20133,by
impact,Glass,155620,cc0
impact,Glass,77534,by-nc
impact,Glass,347648,cc0
impact,Glass,141563,cc0
impact,Glass,171996,cc0
impact,Glass,388526,by-nc
impact,Glass,326565,by-nc
impact,Glass,208656,cc0
impact,Glass,315648,by
impact,Glass,342568,by
impact,Glass,32880,sampling+
impact,Glass,338692,by-nc
impact,Glass,186767,by
impact,Glass,90386,by-nc
impact,Glass,182896,by
impact,Glass,98055,by
impact,Glass,98378,by
impact,Glass,34202,by
impact,Glass,77533,by-nc
impact,Glass,980,by
impact,Glass,77530,by-nc
impact,Glass,361341,by
impact,Glass,106881,by
impact,Glass,409297,by-nc
impact,Glass,385946,by
impact,Glass,404923,cc0
impact,Glass,77531,by-nc
impact,Glass,37789,by
impact,Glass,981,by
impact,Glass,209996,cc0
impact,Glass,382732,cc0
impact,Glass,366738,by-nc
impact,Glass,343391,cc0
impact,Glass,977,by
impact,Glass,346173,cc0
impact,Glass,352746,by-nc
impact,Glass,338694,by-nc
impact,Glass,367448,cc0
impact,Glass,189575,cc0
impact,Glass,77528,by-nc
impact,Glass,171994,cc0
impact,Glass,427788,cc0
impact,Glass,51734,cc0
impact,Glass,422240,cc0
impact,Glass,231297,by
impact,Glass,369070,cc0
impact,Glass,979,by
impact,Glass,391327,by
impact,Glass,97669,by
impact,Glass,197261,by-nc
impact,Glass,159462,by
impact,Glass,141515,by
impact,Glass,315646,by
impact,Glass,407589,by-nc
impact,Glass,407431,cc0
impact,Glass,222763,cc0
impact,Glass,236291,cc0
impact,Glass,347143,cc0
impact,Glass,417998,cc0
impact,Glass,424740,cc0
impact,Glass,122814,by
impact,Glass,343680,by
impact,Glass,345134,by
impact,Glass,210299,cc0
impact,Glass,163419,by
impact,Glass,79599,by
impact,Glass,349691,cc0
impact,Glass,172364,by
impact,Glass,423005,by
impact,Glass,120028,by
impact,Glass,243654,cc0
impact,Glass,235605,cc0
impact,Glass,320733,cc0
impact,Glass,407188,cc0
impact,Glass,424461,by
impact,Glass,198395,cc0
impact,Glass,330300,cc0
impact,Glass,23299,by
impact,Glass,131202,by
impact,Glass,245204,cc0
impact,Glass,275580,cc0
impact,Glass,180694,by
impact,Glass,394057,cc0
impact,Glass,429494,cc0
impact,Glass,35213,cc0
impact,Glass,198396,cc0
impact,Glass,67273,sampling+
impact,Glass,344131,by
impact,Glass,134848,cc0
impact,Glass,198397,cc0
impact,Glass,393140,by
impact,Glass,193060,cc0
impact,Glass,275581,cc0
impact,Glass,118799,cc0
impact,Glass,239006,cc0
impact,Glass,48235,sampling+
impact,Glass,331965,cc0
impact,Glass,255565,by
impact,Glass,96030,by
impact,Glass,369910,cc0
impact,Glass,237230,by-nc
impact,Glass,260721,by
impact,Glass,118796,cc0
impact,Glass,433539,cc0
impact,Glass,206144,cc0
impact,Glass,38957,by
impact,Glass,85704,sampling+
impact,Glass,198394,cc0
impact,Glass,209979,cc0
impact,Glass,206153,cc0
impact,Glass,317012,by
impact,Glass,397270,cc0
impact,Glass,366957,by-nc
impact,Glass,339464,by
impact,Glass,395079,cc0
impact,Glass,206171,cc0
impact,Glass,38542,cc0
impact,Glass,327668,by-nc
impact,Glass,206151,cc0
impact,Glass,391496,cc0
impact,Glass,402166,cc0
impact,Glass,404410,by-nc
impact,Glass,186419,by
impact,Glass,214356,cc0
impact,Glass,390342,cc0
impact,Glass,105385,by
impact,Glass,379506,by
impact,Glass,390340,cc0
impact,Glass,144187,cc0
impact,Glass,39319,by
impact,Glass,388272,by
impact,Glass,326978,by-nc
impact,Glass,365987,by-nc
impact,Glass,404398,by-nc
impact,Glass,139768,cc0
impact,Glass,317664,by
impact,Glass,409825,by-nc
impact,Glass,272216,cc0
impact,Glass,233067,cc0
impact,Glass,360673,by
impact,Glass,407565,by-nc
impact,Glass,369981,cc0
impact,Glass,59301,by
impact,Glass,360680,by-nc
impact,Glass,138961,by
impact,Glass,206154,cc0
impact,Glass,235724,cc0
impact,Glass,339471,by
impact,Glass,269395,cc0
impact,Glass,429028,by
impact,Glass,206157,cc0
impact,Glass,235602,cc0
impact,Glass,376463,cc0
impact,Glass,423104,by
impact,Glass,366035,by-nc
impact,Glass,198402,cc0
impact,Glass,142328,cc0
impact,Glass,96927,by
impact,Glass,210059,cc0
impact,Glass,101246,by
impact,Glass,87433,by
impact,Glass,96833,by
impact,Glass,119844,cc0
impact,Glass,404407,by-nc
impact,Glass,426596,cc0
impact,Glass,136469,cc0
impact,Glass,219307,cc0
impact,Glass,366578,by-nc
impact,Glass,382982,cc0
impact,Glass,64457,by
impact,Glass,48229,sampling+
impact,Glass,210083,cc0
impact,Glass,119839,cc0
impact,Glass,198385,cc0
impact,Glass,186686,by
impact,Glass,168822,by-nc
impact,Glass,145441,by
impact,Glass,389,by
impact,Glass,210241,cc0
impact,Glass,406091,cc0
impact,Glass,340883,by
impact,Glass,271655,cc0
impact,Glass,206150,cc0
impact,Glass,390330,cc0
impact,Glass,245858,cc0
impact,Glass,341579,cc0
impact,Knock,256513,cc0
impact,Knock,336390,cc0
impact,Knock,336391,cc0
impact,Knock,336392,cc0
impact,Knock,76813,by
impact,Knock,233486,by
impact,Knock,342551,cc0
impact,Knock,342552,cc0
impact,Knock,85016,by-nc
impact,Knock,83479,cc0
impact,Knock,360481,cc0
impact,Knock,211496,by
impact,Knock,211497,by
impact,Knock,211498,by
impact,Knock,211499,by
impact,Knock,211501,by
impact,Knock,211502,by
impact,Knock,211503,by
impact,Knock,144943,cc0
impact,Knock,151089,cc0
impact,Knock,144946,cc0
impact,Knock,144947,cc0
impact,Knock,144949,cc0
impact,Knock,103995,cc0
impact,Knock,103998,cc0
impact,Knock,103999,cc0
impact,Knock,190020,by
impact,Knock,190025,by
impact,Knock,190026,by
impact,Knock,138323,by
impact,Knock,413270,cc0
impact,Knock,413271,cc0
impact,Knock,68702,by
impact,Knock,427613,by
impact,Knock,365666,by
impact,Knock,427619,by
impact,Knock,144510,cc0
impact,Knock,364678,by
impact,Knock,364680,by
impact,Knock,389798,cc0
impact,Knock,412855,cc0
impact,Knock,412857,cc0
impact,Knock,412858,cc0
impact,Knock,32296,by
impact,Knock,32298,by
impact,Knock,370899,by
impact,Knock,408788,by-nc
impact,Knock,164566,cc0
impact,Knock,412375,by
impact,Knock,164568,cc0
impact,Knock,164569,cc0
impact,Knock,412376,by
impact,Knock,164571,cc0
impact,Knock,370913,by
impact,Knock,370916,by
impact,Knock,370920,by
impact,Knock,422640,cc0
impact,Knock,426736,cc0
impact,Knock,422639,cc0
impact,Knock,133889,cc0
impact,Knock,85253,by-nc
impact,Knock,182022,by
impact,Knock,182023,by
impact,Knock,182024,by
impact,Knock,182032,by
impact,Knock,182033,by
impact,Knock,182034,by
impact,Knock,182039,by
impact,Knock,182041,by
impact,Knock,182043,by
impact,Knock,399663,cc0
impact,Knock,399664,cc0
impact,Knock,399665,cc0
impact,Knock,178991,cc0
impact,Knock,329018,by
impact,Knock,209220,cc0
impact,Knock,209221,cc0
impact,Knock,209222,cc0
impact,Knock,209223,cc0
impact,Knock,365902,by
impact,Knock,151889,cc0
impact,Knock,151894,cc0
impact,Knock,218981,by
impact,Knock,218985,by
impact,Knock,218987,by
impact,Knock,237937,cc0
impact,Knock,378740,by
impact,Knock,114041,by
impact,Knock,114042,by
impact,Knock,275911,by-nc
impact,Knock,371661,by
impact,Knock,148944,cc0
impact,Knock,148947,cc0
impact,Knock,148951,cc0
impact,Knock,101336,by-nc
impact,Knock,113138,cc0
impact,Knock,274939,by-nc
impact,Knock,274943,by
impact,Knock,52290,cc0
impact,Knock,144951,cc0
impact,Knock,349243,by
impact,Knock,349245,by
impact,Knock,104002,cc0
impact,Knock,190023,by
impact,Knock,190024,by
impact,Knock,190027,by
impact,Knock,349285,cc0
impact,Knock,349287,cc0
impact,Knock,349288,cc0
impact,Knock,349289,cc0
impact,Knock,349291,cc0
impact,Knock,325228,by-nc
impact,Knock,349292,cc0
impact,Knock,325229,by-nc
impact,Knock,349294,cc0
impact,Knock,349296,cc0
impact,Knock,349299,cc0
impact,Knock,349304,cc0
impact,Knock,349305,cc0
impact,Knock,193827,cc0
impact,Knock,193829,cc0
impact,Knock,217388,cc0
impact,Knock,193838,cc0
impact,Knock,193841,cc0
impact,Knock,193848,cc0
impact,Knock,193843,cc0
impact,Knock,193854,cc0
impact,Knock,193856,cc0
impact,Knock,193861,cc0
impact,Knock,193865,cc0
impact,Knock,193867,cc0
impact,Knock,193869,cc0
impact,Knock,218988,by
impact,Knock,148945,cc0
impact,Knock,148946,cc0
impact,Knock,323481,by
impact,Knock,335988,by
impact,Knock,197866,cc0
impact,Knock,402443,cc0
impact,Knock,395282,cc0
impact,Knock,46136,by-nc
impact,Knock,349242,by
impact,Knock,349244,by
impact,Knock,349284,cc0
impact,Knock,349286,cc0
impact,Knock,427111,cc0
impact,Knock,349290,cc0
impact,Knock,349293,cc0
impact,Knock,349295,cc0
impact,Knock,349297,cc0
impact,Knock,349298,cc0
impact,Knock,259181,by-nc
impact,Knock,349301,cc0
impact,Knock,349302,cc0
impact,Knock,349303,cc0
impact,Knock,349306,cc0
impact,Knock,349307,cc0
impact,Knock,349308,cc0
impact,Knock,349309,cc0
impact,Knock,349310,cc0
impact,Knock,171136,by
impact,Knock,362633,cc0
impact,Knock,410763,by
impact,Knock,318614,cc0
impact,Knock,372917,cc0
impact,Knock,412856,cc0
impact,Knock,410827,by
impact,Knock,334043,by-nc
impact,Knock,232668,by
impact,Knock,414942,by
impact,Knock,429312,cc0
impact,Knock,193826,cc0
impact,Knock,193828,cc0
impact,Knock,193830,cc0
impact,Knock,193831,cc0
impact,Knock,193832,cc0
impact,Knock,83241,cc0
impact,Knock,193834,cc0
impact,Knock,193833,cc0
impact,Knock,193835,cc0
impact,Knock,193836,cc0
impact,Knock,193837,cc0
impact,Knock,193839,cc0
impact,Knock,193840,cc0
impact,Knock,193842,cc0
impact,Knock,193844,cc0
impact,Knock,193845,cc0
impact,Knock,193846,cc0
impact,Knock,193847,cc0
impact,Knock,193849,cc0
impact,Knock,193850,cc0
impact,Knock,193855,cc0
impact,Knock,233795,cc0
impact,Knock,193864,cc0
impact,Knock,193857,cc0
impact,Knock,193858,cc0
impact,Knock,193860,cc0
impact,Knock,193870,cc0
impact,Knock,193862,cc0
impact,Knock,193863,cc0
impact,Knock,193866,cc0
impact,Knock,193868,cc0
impact,Knock,193871,cc0
impact,Knock,193872,cc0
impact,Knock,193873,cc0
impact,Knock,365907,by-nc
impact,Knock,136544,cc0
impact,Knock,77165,cc0
impact,Knock,274814,by
impact,Knock,345474,by
impact,Knock,426372,cc0
impact,Knock,208317,cc0
impact,Knock,275912,by-nc
impact,Knock,188878,by
impact,Knock,193851,cc0
impact,Knock,188883,by
impact,Knock,193852,cc0
impact,Knock,148950,cc0
impact,Knock,193853,cc0
impact,Knock,232923,cc0
impact,Knock,113131,cc0
impact,Knock,256512,cc0
impact,Knock,120330,by
impact,Knock,120331,by
impact,Knock,367129,by
impact,Knock,315935,cc0
impact,Knock,251424,cc0
impact,Knock,251426,cc0
impact,Knock,32297,by
impact,Knock,144942,cc0
impact,Knock,151088,cc0
impact,Knock,144950,cc0
impact,Knock,144948,cc0
impact,Knock,104000,cc0
impact,Knock,104001,cc0
impact,Knock,94789,sampling+
impact,Knock,170574,by
impact,Knock,325213,by-nc
impact,Knock,31371,by
impact,Knock,267931,cc0
impact,Knock,377500,cc0
impact,Knock,204491,by-nc
impact,Knock,164567,cc0
impact,Knock,133851,cc0
impact,Knock,412381,by
impact,Knock,265968,by
impact,Knock,222991,by-nc
impact,Knock,223017,by-nc
impact,Knock,265003,cc0
impact,Knock,268126,cc0
impact,Knock,218980,by
impact,Knock,218984,by
impact,Knock,218989,by
impact,Knock,188276,by-nc
impact,Knock,378742,by
impact,Knock,137083,cc0
impact,Knock,82817,by-nc
impact,Knock,85919,sampling+
impact,Knock,180147,cc0
impact,Knock,241644,by
impact,Knock,81001,cc0
impact,Knock,396280,by
impact,Knock,250539,cc0
impact,Knock,428164,by
impact,Knock,175417,cc0
impact,Knock,266600,by
impact,Knock,34859,sampling+
impact,Knock,366329,by-nc
impact,Knock,407349,by-nc
impact,Knock,365908,by
impact,Knock,326922,by-nc
impact,Knock,366346,by-nc
impact,Knock,154780,cc0
impact,Knock,26188,by
impact,Knock,219668,cc0
impact,Knock,119833,cc0
impact,Knock,369710,cc0
impact,Knock,413742,by
impact,Knock,96838,by
impact,Knock,243786,cc0
impact,Knock,260224,cc0
impact,Knock,431745,cc0
impact,Knock,361116,cc0
impact,Knock,329911,cc0
impact,Knock,83640,sampling+
impact,Knock,268500,cc0
impact,Knock,327432,by-nc
impact,Knock,419089,cc0
impact,Knock,347944,cc0
impact,Knock,197979,by
impact,Knock,372573,cc0
impact,Knock,66397,cc0
impact,Knock,416117,cc0
impact,Knock,338299,by
impact,Knock,420735,cc0
impact,Knock,351144,cc0
impact,Knock,34261,by
impact,Knock,34260,by
impact,Knock,202231,cc0
impact,Knock,334988,cc0
impact,Knock,337721,cc0
impact,Knock,364835,cc0
impact,Knock,275581,cc0
impact,Knock,380812,cc0
impact,Knock,170902,by
impact,Knock,372230,by
impact,Knock,410294,by-nc
impact,Knock,238287,cc0
impact,Knock,232848,cc0
impact,Knock,394162,cc0
impact,Knock,328126,by-nc
impact,Knock,254981,cc0
impact,Knock,41862,by-nc
impact,Knock,154378,cc0
impact,Knock,407191,cc0
impact,Knock,329924,by
impact,Knock,347585,cc0
impact,Knock,383761,cc0
impact,Knock,174640,cc0
impact,Knock,65925,by
impact,Knock,347401,by-nc
impact,Knock,94773,cc0
impact,Knock,372231,by
impact,Knock,152614,cc0
impact,Knock,199882,by
impact,Knock,82421,cc0
impact,Knock,83136,by-nc
impact,Knock,152594,by
impact,Knock,23710,by
impact,Knock,346715,by
impact,Knock,430844,cc0
impact,Knock,265044,cc0
impact,Knock,194365,cc0
impact,Knock,181923,cc0
impact,Knock,171973,by
impact,Knock,402612,by
impact,Knock,372232,by
impact,Knock,199879,by
impact,Knock,399811,by-nc
impact,Knock,127800,cc0
impact,Knock,26781,cc0
impact,Knock,53442,by
impact,Knock,85087,cc0
impact,Knock,98851,sampling+
impact,Knock,186517,cc0
impact,Knock,152593,by
impact,Knock,154463,cc0
impact,Knock,345599,cc0
impact,Knock,402452,cc0
impact,Knock,142350,cc0
impact,Knock,403691,by
impact,Knock,135428,cc0
impact,Knock,429964,cc0
impact,Knock,210536,cc0
impact,Knock,399825,cc0
impact,Knock,210535,cc0
impact,Knock,395095,cc0
impact,Knock,353036,by
impact,Knock,347609,cc0
impact,Knock,83910,cc0
impact,Knock,60748,sampling+
impact,Knock,366236,by-nc
impact,Knock,388270,by
impact,Knock,114254,cc0
impact,Knock,187284,by
impact,Knock,352673,cc0
impact,Knock,335393,by-nc
impact,Knock,408590,cc0
impact,Knock,399826,cc0
impact,Shatter,213166,by-nc
impact,Shatter,344272,by
impact,Shatter,216279,by
impact,Shatter,216280,by
impact,Shatter,204116,by
impact,Shatter,204124,by
impact,Shatter,245167,by
impact,Shatter,368330,by
impact,Shatter,368352,by
impact,Shatter,383978,by
impact,Shatter,367624,cc0
impact,Shatter,355340,by
impact,Shatter,249873,cc0
impact,Shatter,249874,cc0
impact,Shatter,254993,by
impact,Shatter,179227,by
impact,Shatter,179228,by
impact,Shatter,179229,by
impact,Shatter,179230,by
impact,Shatter,179231,by
impact,Shatter,179232,by
impact,Shatter,179233,by
impact,Shatter,179234,by
impact,Shatter,179235,by
impact,Shatter,179236,by
impact,Shatter,324645,by
impact,Shatter,179239,by
impact,Shatter,179240,by
impact,Shatter,179241,by
impact,Shatter,179242,by
impact,Shatter,322603,by
impact,Shatter,322602,by
impact,Shatter,195624,by
impact,Shatter,68654,by
impact,Shatter,179249,by
impact,Shatter,179250,by
impact,Shatter,179251,by
impact,Shatter,349240,by
impact,Shatter,179259,by
impact,Shatter,179263,by
impact,Shatter,179264,by
impact,Shatter,179265,by
impact,Shatter,371786,cc0
impact,Shatter,352331,by
impact,Shatter,272489,cc0
impact,Shatter,387177,by
impact,Shatter,85107,by
impact,Shatter,93299,by-nc
impact,Shatter,194682,cc0
impact,Shatter,194683,cc0
impact,Shatter,194684,cc0
impact,Shatter,194685,cc0
impact,Shatter,124030,by-nc
impact,Shatter,233605,cc0
impact,Shatter,233606,cc0
impact,Shatter,233607,cc0
impact,Shatter,379015,cc0
impact,Shatter,255114,by
impact,Shatter,145558,by
impact,Shatter,145559,by
impact,Shatter,145562,by
impact,Shatter,145563,by
impact,Shatter,367770,by
impact,Shatter,213153,by-nc
impact,Shatter,213154,by-nc
impact,Shatter,213156,by-nc
impact,Shatter,213158,by-nc
impact,Shatter,213159,by-nc
impact,Shatter,213160,by-nc
impact,Shatter,213161,by-nc
impact,Shatter,213162,by-nc
impact,Shatter,213163,by-nc
impact,Shatter,213164,by-nc
impact,Shatter,213165,by-nc
impact,Shatter,85168,by
impact,Shatter,270515,by
impact,Shatter,270516,by
impact,Shatter,270517,by
impact,Shatter,270518,by
impact,Shatter,372919,by
impact,Shatter,85184,by
impact,Shatter,344265,by
impact,Shatter,344266,by
impact,Shatter,344267,by
impact,Shatter,344268,by
impact,Shatter,344269,by
impact,Shatter,344270,by
impact,Shatter,344271,by
impact,Shatter,115916,cc0
impact,Shatter,255182,by
impact,Shatter,115922,cc0
impact,Shatter,71897,by
impact,Shatter,216281,by
impact,Shatter,216282,by
impact,Shatter,426204,by
impact,Shatter,426205,by
impact,Shatter,216283,by
impact,Shatter,216284,by
impact,Shatter,216286,by
impact,Shatter,216287,by
impact,Shatter,216288,by
impact,Shatter,216289,by
impact,Shatter,199906,cc0
impact,Shatter,216291,by
impact,Shatter,216290,by
impact,Shatter,216293,by
impact,Shatter,216292,by
impact,Shatter,216294,by
impact,Shatter,216296,by
impact,Shatter,216298,by
impact,Shatter,216299,by
impact,Shatter,273647,cc0
impact,Shatter,434437,by
impact,Shatter,434438,by
impact,Shatter,434439,by
impact,Shatter,434440,by
impact,Shatter,93449,by-nc
impact,Shatter,434441,by
impact,Shatter,434442,by
impact,Shatter,434443,by
impact,Shatter,71947,by
impact,Shatter,434444,by
impact,Shatter,434446,by
impact,Shatter,368905,by
impact,Shatter,434448,by
impact,Shatter,434449,by
impact,Shatter,434450,by
impact,Shatter,434451,by
impact,Shatter,387349,by
impact,Shatter,434447,by
impact,Shatter,368944,by
impact,Shatter,223552,by
impact,Shatter,214336,cc0
impact,Shatter,260432,by
impact,Shatter,260433,by
impact,Shatter,260434,by
impact,Shatter,204115,by
impact,Shatter,204119,by
impact,Shatter,221528,by
impact,Shatter,204120,by
impact,Shatter,204121,by
impact,Shatter,221531,by
impact,Shatter,221532,by
impact,Shatter,221533,by
impact,Shatter,204122,by
impact,Shatter,204123,by
impact,Shatter,204132,by
impact,Shatter,204133,by
impact,Shatter,204134,by
impact,Shatter,347496,by
impact,Shatter,204140,by
impact,Shatter,204141,by
impact,Shatter,65902,by-nc
impact,Shatter,204143,by
impact,Shatter,204144,by
impact,Shatter,204142,by
impact,Shatter,162169,by
impact,Shatter,65918,by-nc
impact,Shatter,376197,cc0
impact,Shatter,371091,cc0
impact,Shatter,371092,cc0
impact,Shatter,371093,cc0
impact,Shatter,412054,by
impact,Shatter,178582,by
impact,Shatter,378285,cc0
impact,Shatter,378289,cc0
impact,Shatter,118198,cc0
impact,Shatter,158140,cc0
impact,Shatter,158142,cc0
impact,Shatter,378321,cc0
impact,Shatter,257496,by
impact,Shatter,270811,by
impact,Shatter,270815,by
impact,Shatter,270816,by
impact,Shatter,92642,by
impact,Shatter,92643,by
impact,Shatter,92644,by
impact,Shatter,164328,cc0
impact,Shatter,164329,cc0
impact,Shatter,164330,cc0
impact,Shatter,164332,cc0
impact,Shatter,173557,cc0
impact,Shatter,173558,cc0
impact,Shatter,173559,cc0
impact,Shatter,173560,cc0
impact,Shatter,246273,by
impact,Shatter,126465,cc0
impact,Shatter,420356,cc0
impact,Shatter,323077,by-nc
impact,Shatter,173576,cc0
impact,Shatter,173577,cc0
impact,Shatter,173579,cc0
impact,Shatter,173580,cc0
impact,Shatter,173581,cc0
impact,Shatter,244238,cc0
impact,Shatter,173585,cc0
impact,Shatter,173591,cc0
impact,Shatter,173592,cc0
impact,Shatter,173593,cc0
impact,Shatter,173594,cc0
impact,Shatter,173595,cc0
impact,Shatter,161309,by
impact,Shatter,173600,cc0
impact,Shatter,173601,cc0
impact,Shatter,173602,cc0
impact,Shatter,163364,cc0
impact,Shatter,173604,cc0
impact,Shatter,173605,cc0
impact,Shatter,173606,cc0
impact,Shatter,173607,cc0
impact,Shatter,173608,cc0
impact,Shatter,173609,cc0
impact,Shatter,173610,cc0
impact,Shatter,173611,cc0
impact,Shatter,390700,by
impact,Shatter,85550,by
impact,Shatter,173613,cc0
impact,Shatter,173614,cc0
impact,Shatter,390702,by
impact,Shatter,173618,cc0
impact,Shatter,390701,by
impact,Shatter,390703,by
impact,Shatter,390706,by
impact,Shatter,173619,cc0
impact,Shatter,127543,cc0
impact,Shatter,84536,by
impact,Shatter,173623,cc0
impact,Shatter,390708,by
impact,Shatter,173621,cc0
impact,Shatter,173622,cc0
impact,Shatter,390709,by
impact,Shatter,390714,by
impact,Shatter,390716,by
impact,Shatter,390715,by
impact,Shatter,390718,by
impact,Shatter,390719,by
impact,Shatter,390720,by
impact,Shatter,390721,by
impact,Shatter,390722,by
impact,Shatter,390723,by
impact,Shatter,390725,by
impact,Shatter,390726,by
impact,Shatter,390727,by
impact,Shatter,390728,by
impact,Shatter,390729,by
impact,Shatter,366179,by-nc
impact,Shatter,203368,cc0
impact,Shatter,203369,cc0
impact,Shatter,148074,by
impact,Shatter,148073,by
impact,Shatter,203372,cc0
impact,Shatter,203373,cc0
impact,Shatter,203374,cc0
impact,Shatter,430702,cc0
impact,Shatter,203375,cc0
impact,Shatter,148075,by
impact,Shatter,203370,cc0
impact,Shatter,203379,cc0
impact,Shatter,203380,cc0
impact,Shatter,203377,cc0
impact,Shatter,321139,cc0
impact,Shatter,320128,by
impact,Shatter,278152,by
impact,Shatter,353928,cc0
impact,Shatter,408218,by-nc
impact,Shatter,174747,cc0
impact,Shatter,174750,cc0
impact,Shatter,192060,by
impact,Shatter,30368,by
impact,Shatter,389793,cc0
impact,Shatter,390704,by
impact,Shatter,390705,by
impact,Shatter,389804,cc0
impact,Shatter,216748,by
impact,Shatter,390707,by
impact,Shatter,164539,cc0
impact,Shatter,164540,cc0
impact,Shatter,219837,by
impact,Shatter,164542,cc0
impact,Shatter,164541,cc0
impact,Shatter,219838,by
impact,Shatter,272065,cc0
impact,Shatter,219842,by
impact,Shatter,219843,by
impact,Shatter,219844,by
impact,Shatter,219845,by
impact,Shatter,219846,by
impact,Shatter,219847,by
impact,Shatter,368324,by
impact,Shatter,368328,by
impact,Shatter,368331,by
impact,Shatter,368333,by
impact,Shatter,368334,by
impact,Shatter,368335,by
impact,Shatter,368336,by
impact,Shatter,349905,cc0
impact,Shatter,368338,by
impact,Shatter,368337,by
impact,Shatter,368341,by
impact,Shatter,359126,by
impact,Shatter,368342,by
impact,Shatter,368343,by
impact,Shatter,368344,by
impact,Shatter,212698,cc0
impact,Shatter,368345,by
impact,Shatter,368347,by
impact,Shatter,84702,by
impact,Shatter,368350,by
impact,Shatter,84704,by
impact,Shatter,88800,by
impact,Shatter,84705,by
impact,Shatter,368354,by
impact,Shatter,368355,by
impact,Shatter,88806,by
impact,Shatter,368356,by
impact,Shatter,88808,by
impact,Shatter,88809,by
impact,Shatter,406256,by
impact,Shatter,406257,by
impact,Shatter,118515,cc0
impact,Shatter,362238,by
impact,Shatter,257791,by
impact,Shatter,254721,by
impact,Shatter,93964,by
impact,Shatter,89887,by
impact,Shatter,89888,by
impact,Shatter,89889,by
impact,Shatter,89890,by
impact,Shatter,89891,by
impact,Shatter,219940,by
impact,Shatter,89894,by
impact,Shatter,89895,by
impact,Shatter,89900,by
impact,Shatter,89901,by
impact,Shatter,89902,by
impact,Shatter,89903,by
impact,Shatter,89904,by
impact,Shatter,89905,by
impact,Shatter,208696,cc0
impact,Shatter,145209,cc0
impact,Shatter,362310,by
impact,Shatter,250709,by
impact,Shatter,88917,by
impact,Shatter,250710,by
impact,Shatter,88920,by
impact,Shatter,88921,by
impact,Shatter,88922,by
impact,Shatter,88923,by
impact,Shatter,88924,by
impact,Shatter,88925,by
impact,Shatter,88926,by
impact,Shatter,88927,by
impact,Shatter,88928,by
impact,Shatter,68449,by
impact,Shatter,88931,by
impact,Shatter,88932,by
impact,Shatter,88933,by
impact,Shatter,95078,by
impact,Shatter,88935,by
impact,Shatter,88936,by
impact,Shatter,88937,by
impact,Shatter,88941,by
impact,Shatter,88942,by
impact,Shatter,88944,by
impact,Shatter,88945,by
impact,Shatter,92019,by
impact,Shatter,88948,by
impact,Shatter,88949,by
impact,Shatter,88950,by
impact,Shatter,204685,by
impact,Shatter,204686,by
impact,Shatter,204687,by
impact,Shatter,204688,by
impact,Shatter,204692,by
impact,Shatter,42900,by
impact,Shatter,42902,by
impact,Shatter,42901,by
impact,Shatter,204694,by
impact,Shatter,204695,by
impact,Shatter,42904,by
impact,Shatter,204697,by
impact,Shatter,42906,by
impact,Shatter,42907,by
impact,Shatter,42903,by
impact,Shatter,126877,by
impact,Shatter,204698,by
impact,Shatter,204699,by
impact,Shatter,156578,cc0
impact,Shatter,126878,by
impact,Shatter,47012,sampling+
impact,Shatter,47013,sampling+
impact,Shatter,327591,by-nc
impact,Shatter,144321,cc0
impact,Shatter,348106,by
impact,Shatter,66519,by-nc
impact,Shatter,66520,by-nc
impact,Shatter,360410,by-nc
impact,Shatter,256993,by
impact,Shatter,383988,by
impact,Shatter,160759,by
impact,Shatter,41348,by
impact,Shatter,328611,cc0
impact,Shatter,159197,cc0
impact,Shatter,245410,cc0
impact,Shatter,401619,cc0
impact,Shatter,353626,cc0
impact,Shatter,147867,cc0
impact,Shatter,380840,cc0
impact,Shatter,204777,cc0
impact,Shatter,321143,cc0
impact,Shatter,202093,cc0
impact,Shatter,326422,by-nc
impact,Shatter,276938,cc0
impact,Shatter,276939,cc0
impact,Shatter,336425,cc0
impact,Shatter,343756,cc0
impact,Shatter,98054,by
impact,Shatter,392319,cc0
impact,Shatter,315647,by
impact,Shatter,144115,by
impact,Shatter,356312,cc0
impact,Shatter,29712,by
impact,Shatter,330800,by
impact,Shatter,386906,by
impact,Shatter,378568,cc0
impact,Shatter,171998,cc0
impact,Shatter,78484,cc0
impact,Shatter,204185,cc0
impact,Shatter,116329,sampling+
impact,Shatter,341070,cc0
impact,Shatter,172000,cc0
impact,Shatter,338691,by-nc
impact,Shatter,257642,by
impact,Shatter,112213,cc0
impact,Shatter,376462,cc0
impact,Shatter,86324,by-nc
impact,Shatter,366595,by-nc
impact,Shatter,177959,cc0
impact,Shatter,978,by
impact,Shatter,33629,by
impact,Shatter,59263,sampling+
impact,Shatter,34201,by
impact,Shatter,396270,by-nc
impact,Shatter,136629,cc0
impact,Shatter,77529,by-nc
impact,Shatter,406112,cc0
impact,Shatter,267889,cc0
impact,Shatter,422633,cc0
impact,Shatter,414047,by-nc
impact,Shatter,20133,by
impact,Shatter,155620,cc0
impact,Shatter,77534,by-nc
impact,Shatter,347648,cc0
impact,Shatter,141563,cc0
impact,Shatter,171996,cc0
impact,Shatter,388526,by-nc
impact,Shatter,326565,by-nc
impact,Shatter,208656,cc0
impact,Shatter,315648,by
impact,Shatter,342568,by
impact,Shatter,32880,sampling+
impact,Shatter,338692,by-nc
impact,Shatter,186767,by
impact,Shatter,90386,by-nc
impact,Shatter,182896,by
impact,Shatter,98055,by
impact,Shatter,98378,by
impact,Shatter,34202,by
impact,Shatter,77533,by-nc
impact,Shatter,980,by
impact,Shatter,77530,by-nc
impact,Shatter,361341,by
impact,Shatter,106881,by
impact,Shatter,409297,by-nc
impact,Shatter,385946,by
impact,Shatter,404923,cc0
impact,Shatter,77531,by-nc
impact,Shatter,37789,by
impact,Shatter,981,by
impact,Shatter,209996,cc0
impact,Shatter,382732,cc0
impact,Shatter,366738,by-nc
impact,Shatter,343391,cc0
impact,Shatter,977,by
impact,Shatter,346173,cc0
impact,Shatter,352746,by-nc
impact,Shatter,338694,by-nc
impact,Shatter,367448,cc0
impact,Shatter,189575,cc0
impact,Shatter,77528,by-nc
impact,Shatter,171994,cc0
impact,Shatter,427788,cc0
impact,Shatter,51734,cc0
impact,Shatter,422240,cc0
impact,Shatter,231297,by
impact,Shatter,369070,cc0
impact,Shatter,979,by
impact,Shatter,391327,by
impact,Shatter,97669,by
impact,Shatter,197261,by-nc
impact,Shatter,159462,by
impact,Shatter,141515,by
impact,Shatter,315646,by
impact,Shatter,407589,by-nc
impact,Shatter,407431,cc0
impact,Thump_and_thud,399449,cc0
impact,Thump_and_thud,32214,sampling+
impact,Thump_and_thud,87291,by-nc
impact,Thump_and_thud,369130,cc0
impact,Thump_and_thud,135508,cc0
impact,Thump_and_thud,172507,by
impact,Thump_and_thud,349196,by
impact,Thump_and_thud,349264,cc0
impact,Thump_and_thud,46136,by-nc
impact,Thump_and_thud,164582,cc0
impact,Thump_and_thud,164583,cc0
impact,Thump_and_thud,164585,cc0
impact,Thump_and_thud,109755,by
impact,Thump_and_thud,320909,by
impact,Thump_and_thud,2833,by-nc
impact,Thump_and_thud,244394,cc0
impact,Thump_and_thud,161398,by-nc
impact,Thump_and_thud,10752,cc0
impact,Thump_and_thud,10754,cc0
impact,Thump_and_thud,114179,by
impact,Thump_and_thud,10755,cc0
impact,Thump_and_thud,10756,cc0
impact,Thump_and_thud,41990,by
impact,Thump_and_thud,114182,by
impact,Thump_and_thud,10757,cc0
impact,Thump_and_thud,349193,by
impact,Thump_and_thud,114184,by
impact,Thump_and_thud,10761,cc0
impact,Thump_and_thud,10762,cc0
impact,Thump_and_thud,10760,cc0
impact,Thump_and_thud,10759,cc0
impact,Thump_and_thud,10765,cc0
impact,Thump_and_thud,10766,cc0
impact,Thump_and_thud,10767,cc0
impact,Thump_and_thud,10768,cc0
impact,Thump_and_thud,10769,cc0
impact,Thump_and_thud,244757,cc0
impact,Thump_and_thud,10770,cc0
impact,Thump_and_thud,326163,by-nc
impact,Thump_and_thud,10773,cc0
impact,Thump_and_thud,10774,cc0
impact,Thump_and_thud,326167,by-nc
impact,Thump_and_thud,10779,cc0
impact,Thump_and_thud,257049,by
impact,Thump_and_thud,13853,cc0
impact,Thump_and_thud,13854,cc0
impact,Thump_and_thud,79391,cc0
impact,Thump_and_thud,13856,cc0
impact,Thump_and_thud,389665,cc0
impact,Thump_and_thud,146977,cc0
impact,Thump_and_thud,13857,cc0
impact,Thump_and_thud,13860,cc0
impact,Thump_and_thud,257052,by
impact,Thump_and_thud,13862,cc0
impact,Thump_and_thud,146982,by
impact,Thump_and_thud,146983,by
impact,Thump_and_thud,13865,cc0
impact,Thump_and_thud,337354,by
impact,Thump_and_thud,13867,cc0
impact,Thump_and_thud,13868,cc0
impact,Thump_and_thud,337356,by
impact,Thump_and_thud,13871,cc0
impact,Thump_and_thud,13873,cc0
impact,Thump_and_thud,125487,sampling+
impact,Thump_and_thud,13874,cc0
impact,Thump_and_thud,13876,cc0
impact,Thump_and_thud,13872,cc0
impact,Thump_and_thud,13878,cc0
impact,Thump_and_thud,13875,cc0
impact,Thump_and_thud,13881,cc0
impact,Thump_and_thud,13880,cc0
impact,Thump_and_thud,13879,cc0
impact,Thump_and_thud,13882,cc0
impact,Thump_and_thud,13883,cc0
impact,Thump_and_thud,13884,cc0
impact,Thump_and_thud,398399,cc0
impact,Thump_and_thud,13885,cc0
impact,Thump_and_thud,13886,cc0
impact,Thump_and_thud,13887,cc0
impact,Thump_and_thud,13888,cc0
impact,Thump_and_thud,13889,cc0
impact,Thump_and_thud,324677,by-nc
impact,Thump_and_thud,13890,cc0
impact,Thump_and_thud,346695,cc0
impact,Thump_and_thud,346692,cc0
impact,Thump_and_thud,346693,cc0
impact,Thump_and_thud,346694,cc0
impact,Thump_and_thud,13891,cc0
impact,Thump_and_thud,169544,by
impact,Thump_and_thud,13893,cc0
impact,Thump_and_thud,13898,cc0
impact,Thump_and_thud,349263,cc0
impact,Thump_and_thud,349265,cc0
impact,Thump_and_thud,349266,cc0
impact,Thump_and_thud,349267,cc0
impact,Thump_and_thud,348243,cc0
impact,Thump_and_thud,349269,cc0
impact,Thump_and_thud,349268,cc0
impact,Thump_and_thud,348244,cc0
impact,Thump_and_thud,349271,cc0
impact,Thump_and_thud,349273,cc0
impact,Thump_and_thud,349270,cc0
impact,Thump_and_thud,349272,cc0
impact,Thump_and_thud,254554,by
impact,Thump_and_thud,337365,by
impact,Thump_and_thud,218718,by-nc
impact,Thump_and_thud,52319,sampling+
impact,Thump_and_thud,337366,by
impact,Thump_and_thud,336482,cc0
impact,Thump_and_thud,336483,cc0
impact,Thump_and_thud,106596,by
impact,Thump_and_thud,400997,cc0
impact,Thump_and_thud,337367,by
impact,Thump_and_thud,336487,cc0
impact,Thump_and_thud,336488,cc0
impact,Thump_and_thud,209514,cc0
impact,Thump_and_thud,71274,cc0
impact,Thump_and_thud,336492,cc0
impact,Thump_and_thud,336493,cc0
impact,Thump_and_thud,336494,cc0
impact,Thump_and_thud,337359,by
impact,Thump_and_thud,429169,by
impact,Thump_and_thud,337370,by
impact,Thump_and_thud,353396,cc0
impact,Thump_and_thud,353397,cc0
impact,Thump_and_thud,209012,by
impact,Thump_and_thud,337371,by
impact,Thump_and_thud,337372,by
impact,Thump_and_thud,125564,sampling+
impact,Thump_and_thud,414848,cc0
impact,Thump_and_thud,118401,sampling+
impact,Thump_and_thud,255106,cc0
impact,Thump_and_thud,337360,by
impact,Thump_and_thud,51851,by
impact,Thump_and_thud,267916,cc0
impact,Thump_and_thud,396940,by
impact,Thump_and_thud,267918,cc0
impact,Thump_and_thud,35470,by
impact,Thump_and_thud,323725,cc0
impact,Thump_and_thud,267921,cc0
impact,Thump_and_thud,401041,cc0
impact,Thump_and_thud,51862,by
impact,Thump_and_thud,109122,cc0
impact,Thump_and_thud,133282,cc0
impact,Thump_and_thud,51882,by
impact,Thump_and_thud,51883,by
impact,Thump_and_thud,363181,cc0
impact,Thump_and_thud,333999,by
impact,Thump_and_thud,363186,cc0
impact,Thump_and_thud,337362,by
impact,Thump_and_thud,378558,cc0
impact,Thump_and_thud,342724,by
impact,Thump_and_thud,405705,cc0
impact,Thump_and_thud,262863,cc0
impact,Thump_and_thud,337363,by
impact,Thump_and_thud,164561,cc0
impact,Thump_and_thud,164562,cc0
impact,Thump_and_thud,261331,cc0
impact,Thump_and_thud,277205,by
impact,Thump_and_thud,365790,by-nc
impact,Thump_and_thud,345312,cc0
impact,Thump_and_thud,60643,by
impact,Thump_and_thud,401126,cc0
impact,Thump_and_thud,39655,by
impact,Thump_and_thud,164584,cc0
impact,Thump_and_thud,164587,cc0
impact,Thump_and_thud,337364,by
impact,Thump_and_thud,273650,cc0
impact,Thump_and_thud,364789,cc0
impact,Thump_and_thud,364790,cc0
impact,Thump_and_thud,87293,by-nc
impact,Thump_and_thud,187136,cc0
impact,Thump_and_thud,87300,by-nc
impact,Thump_and_thud,338181,cc0
impact,Thump_and_thud,87301,by-nc
impact,Thump_and_thud,93959,by
impact,Thump_and_thud,195849,cc0
impact,Thump_and_thud,386007,cc0
impact,Thump_and_thud,13895,cc0
impact,Thump_and_thud,382238,by
impact,Thump_and_thud,397601,by
impact,Thump_and_thud,338211,cc0
impact,Thump_and_thud,245033,by
impact,Thump_and_thud,337357,by
impact,Thump_and_thud,401198,cc0
impact,Thump_and_thud,13900,cc0
impact,Thump_and_thud,73010,cc0
impact,Thump_and_thud,183602,by
impact,Thump_and_thud,13901,cc0
impact,Thump_and_thud,20791,by
impact,Thump_and_thud,13902,cc0
impact,Thump_and_thud,183610,by
impact,Thump_and_thud,337353,by
impact,Thump_and_thud,400188,cc0
impact,Thump_and_thud,377157,by
impact,Thump_and_thud,121678,by
impact,Thump_and_thud,121684,by
impact,Thump_and_thud,121685,by
impact,Thump_and_thud,345440,cc0
impact,Thump_and_thud,114019,by
impact,Thump_and_thud,20327,by
impact,Thump_and_thud,245104,by
impact,Thump_and_thud,82801,cc0
impact,Thump_and_thud,403313,by
impact,Thump_and_thud,332661,cc0
impact,Thump_and_thud,332363,cc0
impact,Thump_and_thud,14203,cc0
impact,Thump_and_thud,332667,cc0
impact,Thump_and_thud,332668,cc0
impact,Thump_and_thud,274941,by-nc
impact,Thump_and_thud,323464,cc0
impact,Thump_and_thud,149899,cc0
impact,Thump_and_thud,10764,cc0
impact,Thump_and_thud,14222,cc0
impact,Thump_and_thud,14225,cc0
impact,Thump_and_thud,14226,cc0
impact,Thump_and_thud,14227,cc0
impact,Thump_and_thud,387478,by
impact,Thump_and_thud,387479,by
impact,Thump_and_thud,235929,cc0
impact,Thump_and_thud,83870,sampling+
impact,Thump_and_thud,14240,cc0
impact,Thump_and_thud,167840,by-nc
impact,Thump_and_thud,270240,by
impact,Thump_and_thud,130980,by
impact,Thump_and_thud,232358,by
impact,Thump_and_thud,157609,cc0
impact,Thump_and_thud,128428,by
impact,Thump_and_thud,215472,cc0
impact,Thump_and_thud,215473,cc0
impact,Thump_and_thud,369073,cc0
impact,Thump_and_thud,369074,cc0
impact,Thump_and_thud,369075,cc0
impact,Thump_and_thud,369076,cc0
impact,Thump_and_thud,215476,cc0
impact,Thump_and_thud,369078,cc0
impact,Thump_and_thud,369079,cc0
impact,Thump_and_thud,369081,cc0
impact,Thump_and_thud,369082,cc0
impact,Thump_and_thud,221626,by-nc
impact,Thump_and_thud,369084,cc0
impact,Thump_and_thud,369085,cc0
impact,Thump_and_thud,369086,cc0
impact,Thump_and_thud,337352,by
impact,Thump_and_thud,400832,by
impact,Thump_and_thud,369089,cc0
impact,Thump_and_thud,369088,cc0
impact,Thump_and_thud,369092,cc0
impact,Thump_and_thud,337349,by
impact,Thump_and_thud,369094,cc0
impact,Thump_and_thud,369095,cc0
impact,Thump_and_thud,369096,cc0
impact,Thump_and_thud,278984,cc0
impact,Thump_and_thud,39473,cc0
impact,Thump_and_thud,369099,cc0
impact,Thump_and_thud,337350,by
impact,Thump_and_thud,337351,by
impact,Thump_and_thud,369102,cc0
impact,Thump_and_thud,369103,cc0
impact,Thump_and_thud,369104,cc0
impact,Thump_and_thud,149966,cc0
impact,Thump_and_thud,369106,cc0
impact,Thump_and_thud,369107,cc0
impact,Thump_and_thud,337355,by
impact,Thump_and_thud,369109,cc0
impact,Thump_and_thud,369110,cc0
impact,Thump_and_thud,369111,cc0
impact,Thump_and_thud,369112,cc0
impact,Thump_and_thud,369114,cc0
impact,Thump_and_thud,369115,cc0
impact,Thump_and_thud,369116,cc0
impact,Thump_and_thud,369117,cc0
impact,Thump_and_thud,412125,by
impact,Thump_and_thud,369119,cc0
impact,Thump_and_thud,369120,cc0
impact,Thump_and_thud,337369,by
impact,Thump_and_thud,400866,cc0
impact,Thump_and_thud,369123,cc0
impact,Thump_and_thud,369122,cc0
impact,Thump_and_thud,257050,by
impact,Thump_and_thud,337373,by
impact,Thump_and_thud,337374,by
impact,Thump_and_thud,337375,by
impact,Thump_and_thud,369132,cc0
impact,Thump_and_thud,369135,cc0
impact,Thump_and_thud,369136,cc0
impact,Thump_and_thud,369138,cc0
impact,Thump_and_thud,125426,sampling+
impact,Thump_and_thud,376308,cc0
impact,Thump_and_thud,125429,sampling+
impact,Thump_and_thud,274934,by-nc
impact,Thump_and_thud,125430,sampling+
impact,Thump_and_thud,101362,cc0
impact,Thump_and_thud,138228,cc0
impact,Thump_and_thud,15874,sampling+
impact,Thump_and_thud,10749,cc0
impact,Thump_and_thud,336425,cc0
impact,Thump_and_thud,78484,cc0
impact,Thump_and_thud,136629,cc0
impact,Thump_and_thud,171996,cc0
impact,Thump_and_thud,388526,by-nc
impact,Thump_and_thud,326565,by-nc
impact,Thump_and_thud,182896,by
impact,Thump_and_thud,367448,cc0
impact,Thump_and_thud,197261,by-nc
impact,Thump_and_thud,407349,by-nc
impact,Thump_and_thud,433537,cc0
impact,Thump_and_thud,257434,cc0
impact,Thump_and_thud,109483,by
impact,Thump_and_thud,406129,cc0
impact,Thump_and_thud,232687,cc0
impact,Thump_and_thud,117090,by
impact,Thump_and_thud,366368,by-nc
impact,Thump_and_thud,244976,cc0
impact,Thump_and_thud,244977,cc0
impact,Thump_and_thud,244979,cc0
impact,Thump_and_thud,348032,cc0
impact,Thump_and_thud,366083,cc0
impact,Thump_and_thud,254982,cc0
impact,Thump_and_thud,149258,by
impact,Thump_and_thud,194994,by
impact,Thump_and_thud,365050,by-nc
impact,Thump_and_thud,319550,by-nc
impact,Thump_and_thud,166934,by
impact,Thump_and_thud,108617,by
impact,Thump_and_thud,330523,cc0
impact,Thump_and_thud,196563,cc0
impact,Thump_and_thud,33563,by
impact,Thump_and_thud,194995,by
impact,Thump_and_thud,424461,by
impact,Thump_and_thud,106240,cc0
impact,Thump_and_thud,140321,by-nc
impact,Thump_and_thud,207488,cc0
impact,Thump_and_thud,411743,cc0
impact,Thump_and_thud,48241,sampling+
impact,Thump_and_thud,344602,cc0
impact,Thump_and_thud,339927,by
impact,Thump_and_thud,85731,sampling+
impact,Thump_and_thud,78483,cc0
impact,Thump_and_thud,32575,by-nc
impact,Thump_and_thud,189971,cc0
impact,Thump_and_thud,395079,cc0
impact,Thump_and_thud,96027,by
impact,Thump_and_thud,13511,by
impact,Thump_and_thud,169928,cc0
impact,Thump_and_thud,402166,cc0
impact,Thump_and_thud,338392,by
impact,Thump_and_thud,338696,by-nc
impact,Thump_and_thud,83742,cc0
impact,Thump_and_thud,59596,by
impact,Thump_and_thud,57584,cc0
impact,Thump_and_thud,159772,by
impact,Thump_and_thud,78959,sampling+
impact,Thump_and_thud,331885,cc0
impact,Thump_and_thud,65923,sampling+
impact,Thump_and_thud,155468,by-nc
impact,Thump_and_thud,137749,cc0
impact,Thump_and_thud,327989,cc0
impact,Thump_and_thud,409125,cc0
impact,Thump_and_thud,409192,cc0
impact,Thump_and_thud,188008,by
impact,Thump_and_thud,361789,cc0
impact,Thump_and_thud,349846,cc0
impact,Thump_and_thud,62630,cc0
impact,Thump_and_thud,198845,by
impact,Thump_and_thud,198847,by
impact,Thump_and_thud,383750,by
impact,Thump_and_thud,35115,cc0
impact,Thump_and_thud,383835,cc0
impact,Thump_and_thud,117089,by
impact,Thump_and_thud,433591,cc0
impact,Thump_and_thud,389997,cc0
impact,Thump_and_thud,396311,cc0
impact,Thump_and_thud,350755,cc0
impact,Thump_and_thud,82403,cc0
impact,Thump_and_thud,241812,cc0
impact,Thump_and_thud,198893,by
impact,Thump_and_thud,196144,cc0
impact,Thump_and_thud,70885,cc0
impact,Thump_and_thud,33847,by
impact,Thump_and_thud,70878,cc0
impact,Thump_and_thud,258265,by
impact,Thump_and_thud,154465,cc0
impact,Thump_and_thud,408467,by-nc
impact,Thump_and_thud,181936,cc0
impact,Thump_and_thud,345092,cc0
impact,Thump_and_thud,363022,by-nc
impact,Thump_and_thud,72208,by
impact,Thump_and_thud,77340,by
impact,Thump_and_thud,262684,by
impact,Thump_and_thud,412191,cc0
impact,Thump_and_thud,243752,by
impact,Thump_and_thud,94760,sampling+
impact,Thump_and_thud,256575,by
impact,Thump_and_thud,328768,cc0
impact,Thump_and_thud,325711,by-nc
impact,Thump_and_thud,344149,cc0
impact,Thump_and_thud,344150,cc0
impact,Thump_and_thud,344151,cc0
impact,Thump_and_thud,344152,cc0
impact,Thump_and_thud,64089,by
impact,Thump_and_thud,344153,cc0
impact,Thump_and_thud,321129,cc0
impact,Thump_and_thud,215160,cc0
impact,Thump_and_thud,31354,cc0
impact,Thump_and_thud,181895,cc0
impact,Thump_and_thud,39560,by
impact,Thump_and_thud,405132,by-nc
impact,Thump_and_thud,155793,cc0
impact,Thump_and_thud,219303,cc0
impact,Thump_and_thud,235689,by
impact,Thump_and_thud,264879,cc0
impact,Thump_and_thud,423106,by
impact,Thump_and_thud,249538,cc0
impact,Thump_and_thud,65734,by
impact,Thump_and_thud,406233,cc0
impact,Thump_and_thud,406240,cc0
impact,Thump_and_thud,391911,cc0
impact,Thump_and_thud,383748,by
impact,Thump_and_thud,321802,by-nc
impact,Thump_and_thud,321805,by-nc
impact,Thump_and_thud,321808,by-nc
impact,Thump_and_thud,321810,cc0
impact,Thump_and_thud,321809,by-nc
impact,Thump_and_thud,134934,by
impact,Thump_and_thud,383778,by
impact,Thump_and_thud,117042,by
impact,Thump_and_thud,117043,by
impact,Thump_and_thud,369981,cc0
impact,Thump_and_thud,407357,by-nc
impact,Thump_and_thud,369988,cc0
impact,Thump_and_thud,197957,by
impact,Thump_and_thud,203086,cc0
impact,Thump_and_thud,238929,by
impact,Thump_and_thud,174940,cc0
impact,Thump_and_thud,218462,by
impact,Thump_and_thud,218463,by
impact,Thump_and_thud,218464,by
impact,Thump_and_thud,397662,by
impact,Thump_and_thud,43885,by
impact,Thump_and_thud,389999,cc0
impact,Thump_and_thud,348033,cc0
impact,Thump_and_thud,96134,cc0
impact,Thump_and_thud,96137,cc0
impact,Thump_and_thud,98191,by-nc
impact,Thump_and_thud,334228,cc0
impact,Thump_and_thud,399272,by
impact,Thump_and_thud,399273,by
impact,Thump_and_thud,404394,by-nc
impact,Thump_and_thud,57785,by
impact,Thump_and_thud,394178,cc0
impact,Thump_and_thud,394180,cc0
impact,Thump_and_thud,394181,cc0
impact,Thump_and_thud,192454,by
impact,Thump_and_thud,394185,cc0
impact,Thump_and_thud,320456,cc0
impact,Thump_and_thud,207824,cc0
impact,Thump_and_thud,196562,cc0
impact,Thump_and_thud,400867,cc0
impact,Thump_and_thud,376817,by
impact,Thump_and_thud,389630,cc0
scream,Crying_and_sobbing,259609,by
scream,Crying_and_sobbing,390658,cc0
scream,Crying_and_sobbing,254473,by
scream,Crying_and_sobbing,254474,by
scream,Crying_and_sobbing,254475,by
scream,Crying_and_sobbing,254476,by
scream,Crying_and_sobbing,391181,cc0
scream,Crying_and_sobbing,254477,by
scream,Crying_and_sobbing,254478,by
scream,Crying_and_sobbing,390156,cc0
scream,Crying_and_sobbing,259606,by
scream,Crying_and_sobbing,259608,by
scream,Crying_and_sobbing,71193,by-nc
scream,Crying_and_sobbing,259610,by
scream,Crying_and_sobbing,102431,by-nc
scream,Crying_and_sobbing,26147,by
scream,Crying_and_sobbing,246309,by
scream,Crying_and_sobbing,346663,cc0
scream,Crying_and_sobbing,151081,cc0
scream,Crying_and_sobbing,393769,cc0
scream,Crying_and_sobbing,319019,cc0
scream,Crying_and_sobbing,425002,by
scream,Crying_and_sobbing,151085,cc0
scream,Crying_and_sobbing,143919,cc0
scream,Crying_and_sobbing,319537,by
scream,Crying_and_sobbing,245300,by-nc
scream,Crying_and_sobbing,34874,sampling+
scream,Crying_and_sobbing,196156,cc0
scream,Crying_and_sobbing,179773,by-nc
scream,Crying_and_sobbing,162880,cc0
scream,Crying_and_sobbing,197718,by
scream,Crying_and_sobbing,180314,by
scream,Crying_and_sobbing,180315,by
scream,Crying_and_sobbing,80477,by
scream,Crying_and_sobbing,80478,by
scream,Crying_and_sobbing,80479,by
scream,Crying_and_sobbing,80480,by
scream,Crying_and_sobbing,80481,by
scream,Crying_and_sobbing,80482,by
scream,Crying_and_sobbing,371303,cc0
scream,Crying_and_sobbing,390256,by-nc
scream,Crying_and_sobbing,389774,by
scream,Crying_and_sobbing,336538,cc0
scream,Crying_and_sobbing,238250,cc0
scream,Crying_and_sobbing,99499,cc0
scream,Crying_and_sobbing,179392,by
scream,Crying_and_sobbing,179393,by
scream,Crying_and_sobbing,179403,by
scream,Crying_and_sobbing,179411,by
scream,Crying_and_sobbing,9428,by
scream,Crying_and_sobbing,9429,by
scream,Crying_and_sobbing,113364,by
scream,Crying_and_sobbing,398548,by-nc
scream,Crying_and_sobbing,242911,cc0
scream,Crying_and_sobbing,86240,by-nc
scream,Crying_and_sobbing,326882,by
scream,Crying_and_sobbing,326883,by
scream,Crying_and_sobbing,240372,cc0
scream,Crying_and_sobbing,368388,cc0
scream,Crying_and_sobbing,263,by-nc
scream,Crying_and_sobbing,168723,by
scream,Crying_and_sobbing,168729,by
scream,Crying_and_sobbing,136480,by
scream,Crying_and_sobbing,393010,by-nc
scream,Crying_and_sobbing,250679,cc0
scream,Crying_and_sobbing,154427,cc0
scream,Crying_and_sobbing,154428,cc0
scream,Crying_and_sobbing,27451,by-nc
scream,Crying_and_sobbing,58178,by-nc
scream,Crying_and_sobbing,23880,by-nc
scream,Crying_and_sobbing,387403,by-nc
scream,Crying_and_sobbing,387405,by-nc
scream,Crying_and_sobbing,107351,by
scream,Crying_and_sobbing,18276,by
scream,Crying_and_sobbing,386923,by-nc
scream,Crying_and_sobbing,386924,by-nc
scream,Crying_and_sobbing,237419,cc0
scream,Crying_and_sobbing,18284,by
scream,Crying_and_sobbing,343411,cc0
scream,Crying_and_sobbing,46963,by
scream,Crying_and_sobbing,18291,by
scream,Crying_and_sobbing,46964,by
scream,Crying_and_sobbing,402814,by
scream,Crying_and_sobbing,335233,by
scream,Crying_and_sobbing,33670,by
scream,Crying_and_sobbing,33671,by
scream,Crying_and_sobbing,33672,by
scream,Crying_and_sobbing,33673,by
scream,Crying_and_sobbing,351629,by-nc
scream,Crying_and_sobbing,351631,by-nc
scream,Crying_and_sobbing,351634,by-nc
scream,Crying_and_sobbing,402835,by
scream,Crying_and_sobbing,254869,by
scream,Crying_and_sobbing,343976,cc0
scream,Crying_and_sobbing,14265,sampling+
scream,Crying_and_sobbing,14268,sampling+
scream,Crying_and_sobbing,14269,sampling+
scream,Crying_and_sobbing,364481,cc0
scream,Crying_and_sobbing,243661,cc0
scream,Crying_and_sobbing,45523,sampling+
scream,Crying_and_sobbing,344030,cc0
scream,Crying_and_sobbing,344039,cc0
scream,Crying_and_sobbing,13800,sampling+
scream,Crying_and_sobbing,202730,cc0
scream,Crying_and_sobbing,157163,cc0
scream,Crying_and_sobbing,13803,sampling+
scream,Crying_and_sobbing,13802,sampling+
scream,Crying_and_sobbing,39920,by-nc
scream,Crying_and_sobbing,207860,by
scream,Crying_and_sobbing,264842,by
scream,Crying_and_sobbing,207451,by-nc
scream,Crying_and_sobbing,156098,cc0
scream,Crying_and_sobbing,79598,by
scream,Crying_and_sobbing,41328,by
scream,Crying_and_sobbing,217172,by
scream,Crying_and_sobbing,22693,by
scream,Crying_and_sobbing,22694,by
scream,Crying_and_sobbing,211528,cc0
scream,Crying_and_sobbing,59586,by
scream,Crying_and_sobbing,146926,cc0
scream,Crying_and_sobbing,251941,by-nc
scream,Crying_and_sobbing,47874,sampling+
scream,Crying_and_sobbing,332162,cc0
scream,Crying_and_sobbing,189843,by
scream,Crying_and_sobbing,351770,cc0
scream,Crying_and_sobbing,407587,by-nc
scream,Crying_and_sobbing,69155,by-nc
scream,Crying_and_sobbing,408740,by-nc
scream,Crying_and_sobbing,402729,cc0
scream,Crying_and_sobbing,408621,cc0
scream,Crying_and_sobbing,404142,cc0
scream,Crying_and_sobbing,257711,cc0
scream,Crying_and_sobbing,425776,cc0
scream,Crying_and_sobbing,59578,by
scream,Crying_and_sobbing,59579,by
scream,Crying_and_sobbing,59453,by
scream,Crying_and_sobbing,59454,by
scream,Crying_and_sobbing,59455,by
scream,Crying_and_sobbing,59457,by
scream,Crying_and_sobbing,172738,cc0
scream,Crying_and_sobbing,154834,cc0
scream,Crying_and_sobbing,180180,cc0
scream,Crying_and_sobbing,272093,by
scream,Crying_and_sobbing,419421,by-nc
scream,Crying_and_sobbing,244456,cc0
scream,Crying_and_sobbing,50665,by
scream,Crying_and_sobbing,50666,by
scream,Crying_and_sobbing,271601,by
scream,Crying_and_sobbing,271602,by
scream,Crying_and_sobbing,359154,cc0
scream,Screaming,180300,by
scream,Screaming,416732,cc0
scream,Screaming,56900,by-nc
scream,Screaming,68038,by-nc
scream,Screaming,68058,by-nc
scream,Screaming,254477,by
scream,Screaming,180315,by
scream,Screaming,9429,by
scream,Screaming,351629,by-nc
scream,Screaming,351631,by-nc
scream,Screaming,351634,by-nc
scream,Screaming,60446,by-nc
scream,Screaming,78490,by-nc
scream,Screaming,403057,cc0
scream,Screaming,180301,by
scream,Screaming,180302,by
scream,Screaming,316409,by
scream,Screaming,316411,by
scream,Screaming,256494,by-nc
scream,Screaming,316416,by
scream,Screaming,223745,by
scream,Screaming,219653,by
scream,Screaming,353285,by
scream,Screaming,353286,by
scream,Screaming,353287,by
scream,Screaming,219657,cc0
scream,Screaming,219658,cc0
scream,Screaming,353288,by
scream,Screaming,219660,cc0
scream,Screaming,219661,cc0
scream,Screaming,219663,cc0
scream,Screaming,353291,by
scream,Screaming,219665,cc0
scream,Screaming,219666,cc0
scream,Screaming,173070,by-nc
scream,Screaming,353295,by
scream,Screaming,353296,by
scream,Screaming,353294,by
scream,Screaming,166943,cc0
scream,Screaming,85538,by
scream,Screaming,68136,cc0
scream,Screaming,394282,by-nc
scream,Screaming,85554,by
scream,Screaming,144435,by
scream,Screaming,184373,by-nc
scream,Screaming,110139,cc0
scream,Screaming,110140,cc0
scream,Screaming,110141,cc0
scream,Screaming,110142,cc0
scream,Screaming,56899,by-nc
scream,Screaming,30276,by
scream,Screaming,30277,by
scream,Screaming,56901,by-nc
scream,Screaming,30279,by
scream,Screaming,180299,by
scream,Screaming,161360,by
scream,Screaming,180305,by
scream,Screaming,180307,by
scream,Screaming,180309,by
scream,Screaming,180310,by
scream,Screaming,50776,by
scream,Screaming,180313,by
scream,Screaming,27225,by
scream,Screaming,104028,cc0
scream,Screaming,104029,cc0
scream,Screaming,104030,cc0
scream,Screaming,104031,cc0
scream,Screaming,104032,cc0
scream,Screaming,104033,cc0
scream,Screaming,104035,cc0
scream,Screaming,351334,by
scream,Screaming,351335,by
scream,Screaming,104038,cc0
scream,Screaming,351337,by
scream,Screaming,351339,by
scream,Screaming,270446,by
scream,Screaming,179313,by
scream,Screaming,179315,by
scream,Screaming,180341,by
scream,Screaming,179317,by
scream,Screaming,135799,cc0
scream,Screaming,180344,by
scream,Screaming,179319,by
scream,Screaming,179321,by
scream,Screaming,180348,by
scream,Screaming,131709,cc0
scream,Screaming,180350,by
scream,Screaming,338049,by
scream,Screaming,220289,by
scream,Screaming,220291,by
scream,Screaming,220292,by
scream,Screaming,220293,by
scream,Screaming,132738,by
scream,Screaming,220295,by
scream,Screaming,270474,by
scream,Screaming,182924,by-nc
scream,Screaming,220302,by
scream,Screaming,220814,cc0
scream,Screaming,63632,by
scream,Screaming,220815,cc0
scream,Screaming,220817,cc0
scream,Screaming,220818,cc0
scream,Screaming,63637,by
scream,Screaming,220822,cc0
scream,Screaming,220823,cc0
scream,Screaming,63641,by
scream,Screaming,336537,cc0
scream,Screaming,29849,by
scream,Screaming,91294,by-nc
scream,Screaming,208034,cc0
scream,Screaming,33443,by
scream,Screaming,219815,cc0
scream,Screaming,250550,by-nc
scream,Screaming,368824,by
scream,Screaming,391358,cc0
scream,Screaming,393918,by-nc
scream,Screaming,391362,cc0
scream,Screaming,125130,by
scream,Screaming,125131,by
scream,Screaming,220365,by
scream,Screaming,220665,by
scream,Screaming,220368,by
scream,Screaming,219858,by
scream,Screaming,384213,cc0
scream,Screaming,402645,by
scream,Screaming,9432,by
scream,Screaming,9433,by
scream,Screaming,9434,by
scream,Screaming,166619,by
scream,Screaming,63708,by
scream,Screaming,219868,by
scream,Screaming,166621,by
scream,Screaming,219871,by
scream,Screaming,166623,by
scream,Screaming,9435,by
scream,Screaming,261853,by
scream,Screaming,178410,by
scream,Screaming,76522,sampling+
scream,Screaming,432875,by
scream,Screaming,219883,by
scream,Screaming,219882,by
scream,Screaming,320247,cc0
scream,Screaming,67324,by-nc
scream,Screaming,427774,by
scream,Screaming,273151,by
scream,Screaming,273153,by
scream,Screaming,166154,cc0
scream,Screaming,209164,by
scream,Screaming,166157,cc0
scream,Screaming,89362,cc0
scream,Screaming,168725,by
scream,Screaming,175385,cc0
scream,Screaming,59163,by-nc
scream,Screaming,175389,cc0
scream,Screaming,239902,by-nc
scream,Screaming,61219,by-nc
scream,Screaming,399675,by
scream,Screaming,219453,cc0
scream,Screaming,241472,cc0
scream,Screaming,149825,cc0
scream,Screaming,222530,by
scream,Screaming,222534,by
scream,Screaming,222535,by
scream,Screaming,343879,cc0
scream,Screaming,168777,by-nc
scream,Screaming,222537,cc0
scream,Screaming,21323,by
scream,Screaming,21324,by
scream,Screaming,253771,cc0
scream,Screaming,139086,cc0
scream,Screaming,139087,cc0
scream,Screaming,387409,by-nc
scream,Screaming,222545,cc0
scream,Screaming,169810,cc0
scream,Screaming,252244,cc0
scream,Screaming,169811,cc0
scream,Screaming,343897,cc0
scream,Screaming,42849,by
scream,Screaming,76644,sampling+
scream,Screaming,381801,by
scream,Screaming,381802,by
scream,Screaming,381803,by
scream,Screaming,345450,cc0
scream,Screaming,381805,by
scream,Screaming,241515,cc0
scream,Screaming,343915,cc0
scream,Screaming,343918,cc0
scream,Screaming,222583,cc0
scream,Screaming,222584,cc0
scream,Screaming,222586,cc0
scream,Screaming,343930,cc0
scream,Screaming,222589,cc0
scream,Screaming,124800,by
scream,Screaming,134021,cc0
scream,Screaming,66949,by-nc
scream,Screaming,124805,by
scream,Screaming,351627,by-nc
scream,Screaming,351628,by-nc
scream,Screaming,351630,by-nc
scream,Screaming,343948,cc0
scream,Screaming,187793,by
scream,Screaming,163728,by
scream,Screaming,163729,by
scream,Screaming,343954,cc0
scream,Screaming,323080,by
scream,Screaming,149919,by-nc
scream,Screaming,343974,cc0
scream,Screaming,323083,by
scream,Screaming,58794,by-nc
scream,Screaming,64940,by-nc
scream,Screaming,58797,by-nc
scream,Screaming,323084,by
scream,Screaming,321971,by
scream,Screaming,315828,cc0
scream,Screaming,58803,by-nc
scream,Screaming,241591,cc0
scream,Screaming,241592,cc0
scream,Screaming,315833,cc0
scream,Screaming,178105,by
scream,Screaming,344000,cc0
scream,Screaming,381893,by
scream,Screaming,381894,by
scream,Screaming,381895,by
scream,Screaming,220617,by
scream,Screaming,220619,by
scream,Screaming,144337,by
scream,Screaming,144338,by
scream,Screaming,395736,cc0
scream,Screaming,344028,cc0
scream,Screaming,344029,cc0
scream,Screaming,221150,by
scream,Screaming,221151,by
scream,Screaming,221152,by
scream,Screaming,221153,by
scream,Screaming,344037,cc0
scream,Screaming,9704,by
scream,Screaming,220649,by
scream,Screaming,34281,cc0
scream,Screaming,9706,by
scream,Screaming,34283,cc0
scream,Screaming,239592,by
scream,Screaming,316398,by
scream,Screaming,220655,by
scream,Screaming,220657,by
scream,Screaming,220658,by
scream,Screaming,220660,by
scream,Screaming,220663,by
scream,Screaming,344056,cc0
scream,Screaming,208893,cc0
scream,Screaming,396799,cc0
scream,Screaming,145801,by
scream,Screaming,169628,cc0
scream,Screaming,350605,cc0
scream,Screaming,355063,by
scream,Screaming,25293,cc0
scream,Screaming,207451,by-nc
scream,Screaming,328813,cc0
scream,Screaming,48052,by
scream,Screaming,395124,by
scream,Screaming,41328,by
scream,Screaming,100904,by
scream,Screaming,217172,by
scream,Screaming,433735,cc0
scream,Screaming,59586,by
scream,Screaming,343771,cc0
scream,Screaming,26720,by
scream,Screaming,338321,by
scream,Screaming,25270,cc0
scream,Screaming,264377,cc0
scream,Screaming,321785,cc0
scream,Screaming,421832,cc0
scream,Screaming,400587,cc0
scream,Screaming,400590,cc0
scream,Screaming,214989,by
scream,Screaming,340940,cc0
scream,Screaming,25713,by
scream,Screaming,168419,cc0
scream,Screaming,132828,cc0
scream,Screaming,264918,by
scream,Screaming,107032,by
scream,Screaming,370136,cc0
scream,Screaming,243376,cc0
scream,Screaming,220646,cc0
scream,Screaming,26728,by
scream,Screaming,203594,cc0
scream,Screaming,95930,by-nc
scream,Screaming,340889,by
scream,Screaming,19345,cc0
scream,Screaming,220045,cc0
scream,Screaming,82418,cc0
scream,Screaming,235595,cc0
scream,Screaming,219856,cc0
scream,Screaming,398007,cc0
scream,Screaming,220049,cc0
scream,Screaming,77148,by
scream,Screaming,400183,cc0
scream,Screaming,202037,by-nc
scream,Screaming,367307,by
scream,Screaming,321230,cc0
scream,Screaming,84353,by
scream,Screaming,32983,cc0
scream,Screaming,50156,cc0
scream,Screaming,13797,sampling+
scream,Screaming,338934,by-nc
scream,Screaming,338939,by-nc
scream,Screaming,159460,by
scream,Screaming,360465,cc0
scream,Screaming,30988,cc0
scream,Screaming,173088,cc0
scream,Screaming,171765,cc0
scream,Screaming,56579,by
scream,Screaming,220306,cc0
scream,Screaming,336841,by
scream,Screaming,219867,cc0
scream,Screaming,382991,by
scream,Screaming,420015,cc0
scream,Screaming,196117,cc0
scream,Screaming,381951,cc0
scream,Screaming,415352,by
scream,Screaming,90790,by
scream,Screaming,219647,cc0
scream,Screaming,338936,by-nc
scream,Screaming,82420,cc0
scream,Screaming,415354,by
scream,Screaming,278108,cc0
scream,Screaming,25312,cc0
scream,Screaming,420018,cc0
scream,Screaming,219685,cc0
scream,Screaming,328003,by
scream,Screaming,406843,by-nc
scream,Screaming,426195,by-nc
scream,Screaming,235591,cc0
scream,Screaming,32984,cc0
scream,Screaming,219693,cc0
scream,Screaming,355741,by
scream,Screaming,382989,cc0
scream,Screaming,210995,by-nc
scream,Screaming,386055,by
scream,Screaming,321783,cc0
scream,Screaming,156901,by-nc
scream,Screaming,220694,by
scream,Screaming,415353,by
scream,Screaming,132106,by-nc
scream,Screaming,328814,cc0
scream,Screaming,416840,cc0
scream,Screaming,381943,by
scream,Screaming,353086,cc0
scream,Screaming,381944,by
scream,Screaming,338938,by-nc
scream,Screaming,118521,by
scream,Screaming,249745,by
scream,Screaming,402861,cc0
scream,Screaming,406504,by
scream,Screaming,345933,cc0
scream,Screaming,243380,cc0
scream,Screaming,71139,by
scream,Screaming,257691,cc0
scream,Screaming,348310,by
scream,Screaming,406088,cc0
scream,Screaming,340366,cc0
scream,Screaming,332451,cc0
scream,Screaming,220307,cc0
scream,Screaming,222674,cc0
scream,Screaming,219724,cc0
scream,Screaming,271242,cc0
scream,Screaming,212710,by-nc
scream,Screaming,222669,cc0
scream,Screaming,49777,by
scream,Screaming,220312,cc0
scream,Screaming,220311,cc0
scream,Screaming,415995,cc0
scream,Screaming,178313,cc0
scream,Screaming,159459,by
scream,Screaming,31635,cc0
scream,Screaming,400182,cc0
shout_help,Shout,40964,by
shout_help,Shout,402642,by
shout_help,Shout,402643,by
shout_help,Shout,402644,by
shout_help,Shout,17643,by
shout_help,Shout,223521,cc0
shout_help,Shout,223527,by
shout_help,Shout,253611,by
shout_help,Shout,422724,cc0
shout_help,Shout,368525,by-nc
shout_help,Shout,397299,by
shout_help,Shout,184833,cc0
shout_help,Shout,349401,cc0
shout_help,Shout,178849,by
shout_help,Shout,187308,cc0
shout_help,Shout,181347,by
shout_help,Shout,368841,by
shout_help,Shout,234034,by
shout_help,Shout,234041,by
shout_help,Shout,219766,cc0
shout_help,Shout,67330,by
shout_help,Shout,67333,by
shout_help,Shout,67334,by
shout_help,Shout,67335,by
shout_help,Shout,67336,by
shout_help,Shout,67337,by
shout_help,Shout,67339,by
shout_help,Shout,67340,by
shout_help,Shout,67341,by
shout_help,Shout,67345,by
shout_help,Shout,33649,by
shout_help,Shout,33651,by
shout_help,Shout,33652,by
shout_help,Shout,33654,by
shout_help,Shout,33655,by
shout_help,Shout,33656,by
shout_help,Shout,33686,by
shout_help,Shout,33687,by
shout_help,Shout,33689,by
shout_help,Shout,33694,by
shout_help,Shout,397317,cc0
shout_help,Shout,341509,cc0
shout_help,Shout,165898,cc0
shout_help,Shout,41008,by-nc
shout_help,Shout,346814,by-nc
shout_help,Shout,17602,by-nc
shout_help,Shout,17603,by-nc
shout_help,Shout,68038,by-nc
shout_help,Shout,243406,by
shout_help,Shout,68058,by-nc
shout_help,Shout,350438,cc0
shout_help,Shout,350439,cc0
shout_help,Shout,350446,cc0
shout_help,Shout,350451,cc0
shout_help,Shout,350452,cc0
shout_help,Shout,361400,cc0
shout_help,Shout,326883,by
shout_help,Shout,207860,by
shout_help,Shout,99966,by
shout_help,Shout,139972,cc0
shout_help,Shout,403057,cc0
shout_help,Shout,180305,by
shout_help,Shout,104029,cc0
shout_help,Shout,104038,cc0
shout_help,Shout,179315,by
shout_help,Shout,180341,by
shout_help,Shout,180344,by
shout_help,Shout,132738,by
shout_help,Shout,220817,cc0
shout_help,Shout,220818,cc0
shout_help,Shout,220822,cc0
shout_help,Shout,220823,cc0
shout_help,Shout,250550,by-nc
shout_help,Shout,402645,by
shout_help,Shout,432875,by
shout_help,Shout,168725,by
shout_help,Shout,169810,cc0
shout_help,Shout,169811,cc0
shout_help,Shout,343918,cc0
shout_help,Shout,343930,cc0
shout_help,Shout,163728,by
shout_help,Shout,343954,cc0
shout_help,Shout,323080,by
shout_help,Shout,323083,by
shout_help,Shout,323084,by
shout_help,Shout,321971,by
shout_help,Shout,344028,cc0
shout_help,Shout,316640,cc0
shout_help,Shout,253587,by-nc
shout_help,Shout,101313,by
shout_help,Shout,108049,by
shout_help,Shout,421872,by
shout_help,Shout,249791,cc0
shout_help,Shout,253603,by-nc
shout_help,Shout,235191,by
shout_help,Shout,221958,by
shout_help,Shout,101309,by
shout_help,Shout,101310,by
shout_help,Shout,101311,by
shout_help,Shout,101312,by
shout_help,Shout,101314,by
shout_help,Shout,101315,by
shout_help,Shout,101318,by
shout_help,Shout,63342,by
shout_help,Shout,40966,by
shout_help,Shout,431628,cc0
shout_help,Shout,195089,by
shout_help,Shout,127004,by
shout_help,Shout,100896,by-nc
shout_help,Shout,382016,by
shout_help,Shout,379969,by
shout_help,Shout,188488,by
shout_help,Shout,188489,by
shout_help,Shout,188490,by
shout_help,Shout,161358,by
shout_help,Shout,161369,by
shout_help,Shout,161370,by
shout_help,Shout,161371,by
shout_help,Shout,39517,by
shout_help,Shout,39518,by
shout_help,Shout,39519,by
shout_help,Shout,39520,by
shout_help,Shout,39521,by
shout_help,Shout,39523,by
shout_help,Shout,259681,by
shout_help,Shout,256635,cc0
shout_help,Shout,179332,by
shout_help,Shout,192133,by
shout_help,Shout,334468,by
shout_help,Shout,112270,by
shout_help,Shout,368276,by
shout_help,Shout,264351,by
shout_help,Shout,362666,by
shout_help,Shout,267451,cc0
shout_help,Shout,267984,cc0
shout_help,Shout,47829,cc0
shout_help,Shout,165596,by
shout_help,Shout,261854,by
shout_help,Shout,316645,cc0
shout_help,Shout,316648,cc0
shout_help,Shout,326889,by
shout_help,Shout,168688,by
shout_help,Shout,350448,cc0
shout_help,Shout,19188,by
shout_help,Shout,387829,by
shout_help,Shout,194813,by
shout_help,Shout,67332,by
shout_help,Shout,77061,by
shout_help,Shout,223526,by
shout_help,Shout,258342,by
shout_help,Shout,210731,by
shout_help,Shout,267569,cc0
shout_help,Shout,167227,by
shout_help,Shout,241471,cc0
shout_help,Shout,343872,cc0
shout_help,Shout,343877,cc0
shout_help,Shout,343887,cc0
shout_help,Shout,343891,cc0
shout_help,Shout,364897,cc0
shout_help,Shout,245604,by
shout_help,Shout,278895,by
shout_help,Shout,33653,by
shout_help,Shout,254334,by-nc
shout_help,Shout,254336,by-nc
shout_help,Shout,254337,by-nc
shout_help,Shout,326539,by
shout_help,Shout,343952,cc0
shout_help,Shout,343955,cc0
shout_help,Shout,343957,cc0
shout_help,Shout,343960,cc0
shout_help,Shout,33691,by
shout_help,Shout,343965,cc0
shout_help,Shout,343966,cc0
shout_help,Shout,343967,cc0
shout_help,Shout,343985,cc0
shout_help,Shout,266716,cc0
shout_help,Shout,187359,by
shout_help,Shout,344047,cc0
shout_help,Shout,344051,cc0
shout_help,Shout,344057,cc0
shout_help,Shout,140342,by
shout_help,Shout,140344,by
shout_help,Shout,323079,by
shout_help,Shout,323081,by
shout_help,Shout,323082,by
shout_help,Shout,246304,by
shout_help,Shout,395810,by
shout_help,Shout,134696,cc0
shout_help,Shout,161340,cc0
shout_help,Shout,334915,by-nc
shout_help,Shout,60521,by-nc
shout_help,Shout,215674,by-nc
shout_help,Shout,362123,by
shout_help,Shout,18593,by
shout_help,Shout,362665,by
shout_help,Shout,161967,cc0
shout_help,Shout,16086,by
shout_help,Shout,36052,by
shout_help,Shout,50924,cc0
shout_help,Shout,432884,by
shout_help,Shout,63754,by
shout_help,Shout,69390,by-nc
shout_help,Shout,195414,by-nc
shout_help,Shout,157018,by
shout_help,Shout,394608,by
shout_help,Shout,76662,sampling+
shout_help,Shout,187294,by
shout_help,Shout,191944,by-nc
shout_help,Shout,216534,by
shout_help,Shout,400356,cc0
shout_help,Shout,160743,by
shout_help,Shout,421873,by
shout_help,Shout,421874,by
shout_help,Shout,419320,by
shout_help,Shout,249807,cc0
shout_help,Shout,63276,by
shout_help,Shout,34865,cc0
shout_help,Shout,71299,by-nc
shout_help,Shout,43806,by
shout_help,Shout,9923,cc0
shout_help,Shout,368456,cc0
shout_help,Shout,205734,by
shout_help,Shout,266184,cc0
shout_help,Shout,328842,cc0
shout_help,Shout,397010,cc0
shout_help,Shout,257858,cc0
shout_help,Shout,209990,by
shout_help,Shout,205735,by
shout_help,Shout,60163,by
shout_help,Shout,341568,cc0
shout_help,Shout,17093,cc0
shout_help,Shout,59599,by
shout_help,Shout,266185,cc0
shout_help,Shout,60167,by
shout_help,Shout,116163,by
shout_help,Shout,205732,by
shout_help,Shout,48052,by
shout_help,Shout,166436,by
shout_help,Shout,266186,by
shout_help,Shout,218055,by-nc
shout_help,Shout,238204,by
shout_help,Shout,100904,by
shout_help,Shout,415026,cc0
shout_help,Shout,273309,cc0
shout_help,Shout,424739,cc0
shout_help,Shout,181597,cc0
shout_help,Shout,91557,cc0
shout_help,Shout,179352,cc0
shout_help,Shout,146432,cc0
shout_help,Shout,360851,by
shout_help,Shout,331907,cc0
shout_help,Shout,415341,by
shout_help,Shout,250380,by
shout_help,Shout,17081,by
shout_help,Shout,350745,cc0
shout_help,Shout,233068,by-nc
shout_help,Shout,39066,cc0
shout_help,Shout,86346,cc0
shout_help,Shout,338321,by
shout_help,Shout,26275,cc0
shout_help,Shout,165748,cc0
shout_help,Shout,61503,cc0
shout_help,Shout,61504,cc0
shout_help,Shout,62025,by
shout_help,Shout,330854,by
shout_help,Shout,330856,by
shout_help,Shout,346220,cc0
shout_help,Shout,191088,by
shout_help,Shout,382589,cc0
shout_help,Shout,264377,cc0
shout_help,Shout,321785,cc0
shout_help,Shout,47874,sampling+
shout_help,Shout,45907,by
shout_help,Shout,57181,by
shout_help,Shout,84359,cc0
shout_help,Shout,353185,cc0
shout_help,Shout,421832,cc0
shout_help,Shout,237022,cc0
shout_help,Shout,84387,sampling+
shout_help,Shout,72840,by
shout_help,Shout,371602,cc0
shout_help,Shout,119025,by
shout_help,Shout,119030,by
shout_help,Shout,33564,by
shout_help,Shout,72836,by
shout_help,Shout,72846,by
shout_help,Shout,105223,by-nc
shout_help,Shout,371339,by-nc
shout_help,Shout,192002,by
shout_help,Shout,410868,cc0
shout_help,Shout,268103,cc0
shout_help,Shout,417554,cc0
shout_help,Shout,429149,cc0
shout_help,Shout,57587,cc0
shout_help,Shout,119024,by
shout_help,Shout,33563,by
shout_help,Shout,414985,cc0
shout_help,Shout,99633,by
shout_help,Shout,326366,by-nc
shout_help,Shout,244500,by-nc
shout_help,Shout,1922,by
shout_help,Shout,340361,cc0
shout_help,Shout,166434,by
shout_help,Shout,412162,cc0
shout_help,Shout,430046,cc0
shout_help,Shout,166433,by
shout_help,Shout,202498,by
shout_help,Shout,99634,by
shout_help,Shout,400590,cc0
shout_help,Shout,199277,cc0
shout_help,Shout,245639,cc0
shout_help,Shout,1925,by
shout_help,Shout,196645,by
shout_help,Shout,195411,by
shout_help,Shout,72838,by
shout_help,Shout,72844,by
shout_help,Shout,400586,cc0
shout_help,Shout,218999,by
shout_help,Shout,242498,by
shout_help,Shout,340889,by
shout_help,Shout,19345,cc0
shout_help,Shout,220049,cc0
shout_help,Shout,386055,by
shout_help,Shout,381944,by
shout_help,Shout,220311,cc0
shout_help,Shout,380400,cc0
shout_help,Shout,49781,by
shout_help,Shout,273710,cc0
shout_help,Shout,72837,by
shout_help,Shout,250853,by
shout_help,Shout,222671,cc0
shout_help,Shout,45915,by
shout_help,Shout,45914,by
shout_help,Shout,213565,by
shout_help,Shout,196128,cc0
shout_help,Shout,44261,by
shout_help,Shout,416545,cc0
shout_help,Shout,222648,cc0
shout_help,Shout,118116,by
shout_help,Shout,52322,sampling+
shout_help,Shout,346898,cc0
shout_help,Shout,353103,cc0
shout_help,Shout,96825,by
shout_help,Shout,88447,cc0
shout_help,Shout,123747,by
shout_help,Shout,123748,by
shout_help,Shout,351598,cc0
shout_help,Shout,416538,cc0
shout_help,Shout,353138,cc0
shout_help,Shout,187762,cc0
shout_help,Shout,353139,cc0
shout_help,Shout,353135,cc0
shout_help,Shout,45604,cc0
shout_help,Shout,416537,cc0
shout_help,Shout,156510,cc0
shout_help,Shout,197417,by-nc
shout_help,Shout,45605,cc0
shout_help,Shout,210734,cc0
shout_help,Shout,222672,cc0
shout_help,Shout,333360,cc0
shout_help,Shout,395828,cc0
shout_help,Shout,72950,sampling+
shout_help,Shout,221670,cc0
shout_help,Shout,337102,by-nc
shout_help,Shout,272410,cc0
shout_help,Shout,205740,by
shout_help,Shout,45603,cc0
shout_help,Shout,195178,cc0
shout_help,Shout,428668,by
shout_help,Shout,49020,by
shout_help,Shout,343169,cc0
shout_help,Shout,391293,cc0
shout_help,Shout,353104,cc0
shout_help,Shout,418786,by
shout_help,Shout,340363,cc0
shout_help,Shout,50178,cc0
shout_help,Shout,50179,cc0
shout_help,Shout,50180,cc0
shout_help,Shout,50181,cc0
shout_help,Shout,102437,by
shout_help,Shout,402555,by-nc
shout_help,Shout,416507,by
shout_help,Shout,31000,cc0
shout_help,Shout,31002,cc0
shout_help,Shout,376638,by
shout_help,Shout,221548,cc0
shout_help,Yell,40964,by
shout_help,Yell,17643,by
shout_help,Yell,223521,cc0
shout_help,Yell,223527,by
shout_help,Yell,253611,by
shout_help,Yell,368525,by-nc
shout_help,Yell,234041,by
shout_help,Yell,219766,cc0
shout_help,Yell,67330,by
shout_help,Yell,67333,by
shout_help,Yell,67334,by
shout_help,Yell,67335,by
shout_help,Yell,67336,by
shout_help,Yell,67337,by
shout_help,Yell,67339,by
shout_help,Yell,67340,by
shout_help,Yell,67341,by
shout_help,Yell,67345,by
shout_help,Yell,33649,by
shout_help,Yell,33651,by
shout_help,Yell,33652,by
shout_help,Yell,33654,by
shout_help,Yell,33655,by
shout_help,Yell,33656,by
shout_help,Yell,33686,by
shout_help,Yell,33687,by
shout_help,Yell,33689,by
shout_help,Yell,33694,by
shout_help,Yell,17603,by-nc
shout_help,Yell,350439,cc0
shout_help,Yell,350446,cc0
shout_help,Yell,350451,cc0
shout_help,Yell,350452,cc0
shout_help,Yell,361400,cc0
shout_help,Yell,326883,by
shout_help,Yell,207860,by
shout_help,Yell,180305,by
shout_help,Yell,104029,cc0
shout_help,Yell,104038,cc0
shout_help,Yell,179315,by
shout_help,Yell,180341,by
shout_help,Yell,180344,by
shout_help,Yell,132738,by
shout_help,Yell,220817,cc0
shout_help,Yell,220818,cc0
shout_help,Yell,220822,cc0
shout_help,Yell,220823,cc0
shout_help,Yell,250550,by-nc
shout_help,Yell,168725,by
shout_help,Yell,169810,cc0
shout_help,Yell,169811,cc0
shout_help,Yell,343918,cc0
shout_help,Yell,343930,cc0
shout_help,Yell,343954,cc0
shout_help,Yell,321971,by
shout_help,Yell,344028,cc0
shout_help,Yell,316640,cc0
shout_help,Yell,253587,by-nc
shout_help,Yell,108049,by
shout_help,Yell,253603,by-nc
shout_help,Yell,235191,by
shout_help,Yell,40966,by
shout_help,Yell,431628,cc0
shout_help,Yell,195089,by
shout_help,Yell,127004,by
shout_help,Yell,100896,by-nc
shout_help,Yell,382016,by
shout_help,Yell,379969,by
shout_help,Yell,188488,by
shout_help,Yell,188489,by
shout_help,Yell,188490,by
shout_help,Yell,161358,by
shout_help,Yell,161369,by
shout_help,Yell,161370,by
shout_help,Yell,161371,by
shout_help,Yell,39517,by
shout_help,Yell,39518,by
shout_help,Yell,39519,by
shout_help,Yell,39520,by
shout_help,Yell,39521,by
shout_help,Yell,39523,by
shout_help,Yell,259681,by
shout_help,Yell,256635,cc0
shout_help,Yell,179332,by
shout_help,Yell,192133,by
shout_help,Yell,334468,by
shout_help,Yell,112270,by
shout_help,Yell,368276,by
shout_help,Yell,264351,by
shout_help,Yell,362666,by
shout_help,Yell,267451,cc0
shout_help,Yell,267984,cc0
shout_help,Yell,47829,cc0
shout_help,Yell,165596,by
shout_help,Yell,261854,by
shout_help,Yell,316645,cc0
shout_help,Yell,316648,cc0
shout_help,Yell,326889,by
shout_help,Yell,168688,by
shout_help,Yell,350448,cc0
shout_help,Yell,19188,by
shout_help,Yell,387829,by
shout_help,Yell,194813,by
shout_help,Yell,67332,by
shout_help,Yell,77061,by
shout_help,Yell,223526,by
shout_help,Yell,258342,by
shout_help,Yell,210731,by
shout_help,Yell,267569,cc0
shout_help,Yell,167227,by
shout_help,Yell,241471,cc0
shout_help,Yell,343872,cc0
shout_help,Yell,343877,cc0
shout_help,Yell,343887,cc0
shout_help,Yell,343891,cc0
shout_help,Yell,364897,cc0
shout_help,Yell,245604,by
shout_help,Yell,278895,by
shout_help,Yell,33653,by
shout_help,Yell,254334,by-nc
shout_help,Yell,254336,by-nc
shout_help,Yell,254337,by-nc
shout_help,Yell,326539,by
shout_help,Yell,343952,cc0
shout_help,Yell,343955,cc0
shout_help,Yell,343957,cc0
shout_help,Yell,343960,cc0
shout_help,Yell,33691,by
shout_help,Yell,343965,cc0
shout_help,Yell,343966,cc0
shout_help,Yell,343967,cc0
shout_help,Yell,343985,cc0
shout_help,Yell,266716,cc0
shout_help,Yell,187359,by
shout_help,Yell,344047,cc0
shout_help,Yell,344051,cc0
shout_help,Yell,344057,cc0
shout_help,Yell,140342,by
shout_help,Yell,140344,by
shout_help,Yell,71299,by-nc
shout_help,Yell,205734,by
shout_help,Yell,328842,cc0
shout_help,Yell,205735,by
shout_help,Yell,60163,by
shout_help,Yell,341568,cc0
shout_help,Yell,59599,by
shout_help,Yell,205732,by
shout_help,Yell,218055,by-nc
shout_help,Yell,238204,by
shout_help,Yell,273309,cc0
shout_help,Yell,181597,cc0
shout_help,Yell,146432,cc0
shout_help,Yell,331907,cc0
shout_help,Yell,415341,by
shout_help,Yell,233068,by-nc
shout_help,Yell,264377,cc0
shout_help,Yell,47874,sampling+
shout_help,Yell,237022,cc0
shout_help,Yell,218999,by
shout_help,Yell,242498,by
shout_help,Yell,386055,by
shout_help,Yell,273710,cc0
shout_help,Yell,222671,cc0
shout_help,Yell,213565,by
shout_help,Yell,353103,cc0
shout_help,Yell,96825,by
shout_help,Yell,88447,cc0
shout_help,Yell,123747,by
shout_help,Yell,123748,by
shout_help,Yell,351598,cc0
shout_help,Yell,416538,cc0
shout_help,Yell,353138,cc0
shout_help,Yell,187762,cc0
shout_help,Yell,353139,cc0
shout_help,Yell,353135,cc0
shout_help,Yell,45604,cc0
shout_help,Yell,416537,cc0
shout_help,Yell,156510,cc0
shout_help,Yell,197417,by-nc
shout_help,Yell,45605,cc0
shout_help,Yell,210734,cc0
shout_help,Yell,222672,cc0
shout_help,Yell,333360,cc0
shout_help,Yell,395828,cc0
shout_help,Yell,72950,sampling+
shout_help,Yell,221670,cc0
shout_help,Yell,337102,by-nc
shout_help,Yell,272410,cc0
shout_help,Yell,205740,by
shout_help,Yell,45603,cc0
shout_help,Yell,195178,cc0
shout_help,Yell,428668,by
shout_help,Yell,49020,by
shout_help,Yell,343169,cc0
shout_help,Yell,391293,cc0
shout_help,Yell,353104,cc0
shout_help,Yell,418786,by
shout_help,Yell,340363,cc0
water_flow,Bathtub_(filling_or_washing),24090,by
water_flow,Bathtub_(filling_or_washing),24091,by
water_flow,Bathtub_(filling_or_washing),104990,by-nc
water_flow,Bathtub_(filling_or_washing),333350,cc0
water_flow,Bathtub_(filling_or_washing),154695,cc0
water_flow,Bathtub_(filling_or_washing),365653,cc0
water_flow,Bathtub_(filling_or_washing),406664,cc0
water_flow,Bathtub_(filling_or_washing),406666,cc0
water_flow,Bathtub_(filling_or_washing),406667,cc0
water_flow,Bathtub_(filling_or_washing),406668,cc0
water_flow,Bathtub_(filling_or_washing),406669,cc0
water_flow,Bathtub_(filling_or_washing),406670,cc0
water_flow,Bathtub_(filling_or_washing),406671,cc0
water_flow,Bathtub_(filling_or_washing),406665,cc0
water_flow,Bathtub_(filling_or_washing),319132,by
water_flow,Bathtub_(filling_or_washing),382649,cc0
water_flow,Bathtub_(filling_or_washing),263899,by
water_flow,Bathtub_(filling_or_washing),63764,by-nc
water_flow,Bathtub_(filling_or_washing),322391,cc0
water_flow,Bathtub_(filling_or_washing),420230,cc0
water_flow,Bathtub_(filling_or_washing),143257,cc0
water_flow,Bathtub_(filling_or_washing),321489,cc0
water_flow,Bathtub_(filling_or_washing),274062,by-nc
water_flow,Bathtub_(filling_or_washing),24089,by
water_flow,Bathtub_(filling_or_washing),431627,cc0
water_flow,Bathtub_(filling_or_washing),86226,cc0
water_flow,Bathtub_(filling_or_washing),232541,cc0
water_flow,Bathtub_(filling_or_washing),346058,cc0
water_flow,Bathtub_(filling_or_washing),404087,cc0
water_flow,Bathtub_(filling_or_washing),421519,cc0
water_flow,Bathtub_(filling_or_washing),417992,cc0
water_flow,Bathtub_(filling_or_washing),219474,cc0
water_flow,Bathtub_(filling_or_washing),389621,cc0
water_flow,Bathtub_(filling_or_washing),418417,cc0
water_flow,Bathtub_(filling_or_washing),416496,cc0
water_flow,Bathtub_(filling_or_washing),274061,by-nc
water_flow,Bathtub_(filling_or_washing),415668,cc0
water_flow,Bathtub_(filling_or_washing),415669,cc0
water_flow,Bathtub_(filling_or_washing),415670,cc0
water_flow,Bathtub_(filling_or_washing),417752,cc0
water_flow,Bathtub_(filling_or_washing),417786,cc0
water_flow,Bathtub_(filling_or_washing),212111,by
water_flow,Bathtub_(filling_or_washing),399584,cc0
water_flow,Bathtub_(filling_or_washing),384181,cc0
water_flow,Bathtub_(filling_or_washing),219473,cc0
water_flow,Bathtub_(filling_or_washing),219475,cc0
water_flow,Bathtub_(filling_or_washing),250785,by-nc
water_flow,Bathtub_(filling_or_washing),114301,sampling+
water_flow,Bathtub_(filling_or_washing),232508,cc0
water_flow,Bathtub_(filling_or_washing),346767,by-nc
water_flow,Bathtub_(filling_or_washing),394377,cc0
water_flow,Bathtub_(filling_or_washing),326201,by-nc
water_flow,Bathtub_(filling_or_washing),344707,cc0
water_flow,Bathtub_(filling_or_washing),126984,by
water_flow,Bathtub_(filling_or_washing),127001,by
water_flow,Bathtub_(filling_or_washing),115738,cc0
water_flow,Bathtub_(filling_or_washing),24092,by
water_flow,Bathtub_(filling_or_washing),34333,cc0
water_flow,Bathtub_(filling_or_washing),151613,by-nc
water_flow,Bathtub_(filling_or_washing),234577,by
water_flow,Bathtub_(filling_or_washing),154706,cc0
water_flow,Bathtub_(filling_or_washing),365655,cc0
water_flow,Bathtub_(filling_or_washing),65625,by
water_flow,Bathtub_(filling_or_washing),365657,cc0
water_flow,Bathtub_(filling_or_washing),67162,cc0
water_flow,Bathtub_(filling_or_washing),223321,cc0
water_flow,Bathtub_(filling_or_washing),67173,cc0
water_flow,Bathtub_(filling_or_washing),67174,cc0
water_flow,Bathtub_(filling_or_washing),371813,cc0
water_flow,Bathtub_(filling_or_washing),371818,cc0
water_flow,Bathtub_(filling_or_washing),265331,by
water_flow,Bathtub_(filling_or_washing),265332,by
water_flow,Bathtub_(filling_or_washing),212088,by
water_flow,Bathtub_(filling_or_washing),212090,by
water_flow,Bathtub_(filling_or_washing),183931,by
water_flow,Bathtub_(filling_or_washing),265339,by
water_flow,Bathtub_(filling_or_washing),199297,cc0
water_flow,Bathtub_(filling_or_washing),132229,cc0
water_flow,Bathtub_(filling_or_washing),132230,cc0
water_flow,Bathtub_(filling_or_washing),132232,cc0
water_flow,Bathtub_(filling_or_washing),212108,by
water_flow,Bathtub_(filling_or_washing),132240,cc0
water_flow,Bathtub_(filling_or_washing),406672,cc0
water_flow,Bathtub_(filling_or_washing),319131,by
water_flow,Bathtub_(filling_or_washing),327844,by-nc
water_flow,Bathtub_(filling_or_washing),327845,by-nc
water_flow,Bathtub_(filling_or_washing),406694,cc0
water_flow,Bathtub_(filling_or_washing),406695,cc0
water_flow,Bathtub_(filling_or_washing),406696,cc0
water_flow,Bathtub_(filling_or_washing),406697,cc0
water_flow,Bathtub_(filling_or_washing),382640,cc0
water_flow,Bathtub_(filling_or_washing),86193,sampling+
water_flow,Bathtub_(filling_or_washing),85170,by
water_flow,Bathtub_(filling_or_washing),86195,sampling+
water_flow,Bathtub_(filling_or_washing),86194,sampling+
water_flow,Bathtub_(filling_or_washing),382646,cc0
water_flow,Bathtub_(filling_or_washing),371919,cc0
water_flow,Bathtub_(filling_or_washing),371920,cc0
water_flow,Bathtub_(filling_or_washing),51414,by
water_flow,Bathtub_(filling_or_washing),51415,by
water_flow,Bathtub_(filling_or_washing),399581,cc0
water_flow,Bathtub_(filling_or_washing),399583,cc0
water_flow,Bathtub_(filling_or_washing),110329,by
water_flow,Bathtub_(filling_or_washing),96507,by-nc
water_flow,Bathtub_(filling_or_washing),96508,by-nc
water_flow,Bathtub_(filling_or_washing),378623,cc0
water_flow,Bathtub_(filling_or_washing),378626,cc0
water_flow,Bathtub_(filling_or_washing),143619,cc0
water_flow,Bathtub_(filling_or_washing),63751,by-nc
water_flow,Bathtub_(filling_or_washing),417545,cc0
water_flow,Bathtub_(filling_or_washing),379156,by
water_flow,Bathtub_(filling_or_washing),327450,by
water_flow,Bathtub_(filling_or_washing),213279,cc0
water_flow,Bathtub_(filling_or_washing),213280,cc0
water_flow,Bathtub_(filling_or_washing),202019,cc0
water_flow,Bathtub_(filling_or_washing),11563,cc0
water_flow,Bathtub_(filling_or_washing),102701,cc0
water_flow,Bathtub_(filling_or_washing),330548,by
water_flow,Bathtub_(filling_or_washing),333110,by
water_flow,Bathtub_(filling_or_washing),238393,cc0
water_flow,Bathtub_(filling_or_washing),7993,by
water_flow,Bathtub_(filling_or_washing),344422,cc0
water_flow,Bathtub_(filling_or_washing),119145,cc0
water_flow,Bathtub_(filling_or_washing),108409,by
water_flow,Bathtub_(filling_or_washing),108411,by
water_flow,Bathtub_(filling_or_washing),85900,sampling+
water_flow,Bathtub_(filling_or_washing),85901,sampling+
water_flow,Bathtub_(filling_or_washing),143246,cc0
water_flow,Bathtub_(filling_or_washing),143247,cc0
water_flow,Bathtub_(filling_or_washing),144272,cc0
water_flow,Bathtub_(filling_or_washing),145298,cc0
water_flow,Bathtub_(filling_or_washing),144275,cc0
water_flow,Bathtub_(filling_or_washing),178080,cc0
water_flow,Bathtub_(filling_or_washing),419233,by-nc
water_flow,Bathtub_(filling_or_washing),119717,by
water_flow,Bathtub_(filling_or_washing),144822,cc0
water_flow,Bathtub_(filling_or_washing),249794,cc0
water_flow,Bathtub_(filling_or_washing),253393,cc0
water_flow,Bathtub_(filling_or_washing),95700,sampling+
water_flow,Bathtub_(filling_or_washing),389620,cc0
water_flow,Bathtub_(filling_or_washing),389622,cc0
water_flow,Bathtub_(filling_or_washing),332279,by
water_flow,Bathtub_(filling_or_washing),332280,by
water_flow,Bathtub_(filling_or_washing),332282,by
water_flow,Bathtub_(filling_or_washing),390652,cc0
water_flow,Bathtub_(filling_or_washing),379263,by
water_flow,Bathtub_(filling_or_washing),222020,by-nc
water_flow,Bathtub_(filling_or_washing),238950,cc0
water_flow,Bathtub_(filling_or_washing),26766,cc0
water_flow,Bathtub_(filling_or_washing),257434,cc0
water_flow,Bathtub_(filling_or_washing),377889,cc0
water_flow,Bathtub_(filling_or_washing),256316,cc0
water_flow,Bathtub_(filling_or_washing),135185,cc0
water_flow,Bathtub_(filling_or_washing),317333,by
water_flow,Bathtub_(filling_or_washing),235775,by
water_flow,Bathtub_(filling_or_washing),19094,sampling+
water_flow,Bathtub_(filling_or_washing),412525,by
water_flow,Bathtub_(filling_or_washing),210390,cc0
water_flow,Bathtub_(filling_or_washing),206167,cc0
water_flow,Bathtub_(filling_or_washing),267495,cc0
water_flow,Bathtub_(filling_or_washing),223050,cc0
water_flow,Bathtub_(filling_or_washing),395080,cc0
water_flow,Bathtub_(filling_or_washing),205088,cc0
water_flow,Bathtub_(filling_or_washing),406237,cc0
water_flow,Bathtub_(filling_or_washing),556,cc0
water_flow,Bathtub_(filling_or_washing),403500,cc0
water_flow,Bathtub_(filling_or_washing),71574,sampling+
water_flow,Bathtub_(filling_or_washing),386746,cc0
water_flow,Bathtub_(filling_or_washing),189669,cc0
water_flow,Bathtub_(filling_or_washing),125173,cc0
water_flow,Bathtub_(filling_or_washing),1037,by
water_flow,Bathtub_(filling_or_washing),121548,cc0
water_flow,Bathtub_(filling_or_washing),62521,cc0
water_flow,Bathtub_(filling_or_washing),340871,by
water_flow,Bathtub_(filling_or_washing),389988,cc0
water_flow,Bathtub_(filling_or_washing),189689,cc0
water_flow,Bathtub_(filling_or_washing),189690,cc0
water_flow,Bathtub_(filling_or_washing),90798,by
water_flow,Bathtub_(filling_or_washing),85756,sampling+
water_flow,Bathtub_(filling_or_washing),409129,cc0
water_flow,Bathtub_(filling_or_washing),184304,cc0
water_flow,Bathtub_(filling_or_washing),431395,by
water_flow,Bathtub_(filling_or_washing),330788,by
water_flow,Bathtub_(filling_or_washing),400346,by
water_flow,Bathtub_(filling_or_washing),234871,cc0
water_flow,Bathtub_(filling_or_washing),235624,cc0
water_flow,Bathtub_(filling_or_washing),345103,cc0
water_flow,Bathtub_(filling_or_washing),389989,cc0
water_flow,Bathtub_(filling_or_washing),35621,by
water_flow,Bathtub_(filling_or_washing),167118,cc0
water_flow,Bathtub_(filling_or_washing),340873,by
water_flow,Bathtub_(filling_or_washing),383204,cc0
water_flow,Bathtub_(filling_or_washing),400345,by
water_flow,Bathtub_(filling_or_washing),19874,by
water_flow,Bathtub_(filling_or_washing),369456,cc0
water_flow,Bathtub_(filling_or_washing),427125,cc0
water_flow,Bathtub_(filling_or_washing),218838,cc0
water_flow,Bathtub_(filling_or_washing),324773,by
water_flow,Bathtub_(filling_or_washing),85755,sampling+
water_flow,Bathtub_(filling_or_washing),67320,by
water_flow,Bathtub_(filling_or_washing),106020,by
water_flow,Bathtub_(filling_or_washing),59237,by
water_flow,Boiling,180935,cc0
water_flow,Boiling,265017,cc0
water_flow,Boiling,19841,by
water_flow,Boiling,212610,by
water_flow,Boiling,212611,by
water_flow,Boiling,212612,by
water_flow,Boiling,260101,by
water_flow,Boiling,68741,by
water_flow,Boiling,19842,by
water_flow,Boiling,19843,by
water_flow,Boiling,371075,cc0
water_flow,Boiling,322945,by
water_flow,Boiling,19845,by
water_flow,Boiling,217991,by
water_flow,Boiling,137229,cc0
water_flow,Boiling,203538,cc0
water_flow,Boiling,415892,cc0
water_flow,Boiling,415893,cc0
water_flow,Boiling,256788,cc0
water_flow,Boiling,408345,by-nc
water_flow,Boiling,329115,cc0
water_flow,Boiling,377505,cc0
water_flow,Boiling,174500,by
water_flow,Boiling,216494,cc0
water_flow,Boiling,167474,cc0
water_flow,Boiling,167475,cc0
water_flow,Boiling,167476,cc0
water_flow,Boiling,167477,cc0
water_flow,Boiling,379829,cc0
water_flow,Boiling,135866,cc0
water_flow,Boiling,390460,cc0
water_flow,Boiling,244797,cc0
water_flow,Boiling,257089,by
water_flow,Boiling,128066,by-nc
water_flow,Boiling,257090,by
water_flow,Boiling,388549,cc0
water_flow,Boiling,16584,cc0
water_flow,Boiling,259657,by
water_flow,Boiling,259658,by
water_flow,Boiling,209611,by
water_flow,Boiling,417996,cc0
water_flow,Boiling,55246,cc0
water_flow,Boiling,334672,cc0
water_flow,Boiling,258389,by
water_flow,Boiling,412374,by
water_flow,Boiling,201303,by-nc
water_flow,Boiling,350551,by
water_flow,Boiling,388697,cc0
water_flow,Boiling,388698,cc0
water_flow,Boiling,412123,by
water_flow,Boiling,184802,cc0
water_flow,Boiling,65254,by
water_flow,Boiling,364903,cc0
water_flow,Boiling,435559,by
water_flow,Boiling,208745,by
water_flow,Boiling,248295,cc0
water_flow,Boiling,71787,by
water_flow,Boiling,248296,cc0
water_flow,Boiling,185711,cc0
water_flow,Boiling,171248,cc0
water_flow,Boiling,426355,cc0
water_flow,Boiling,217206,cc0
water_flow,Boiling,265335,by
water_flow,Boiling,16121,sampling+
water_flow,Boiling,212731,by
water_flow,Boiling,343743,cc0
water_flow,Boiling,218843,cc0
water_flow,Boiling,85475,by
water_flow,Boiling,176126,by
water_flow,Boiling,360717,cc0
water_flow,Boiling,82044,sampling+
water_flow,Boiling,353111,cc0
water_flow,Boiling,376753,cc0
water_flow,Boiling,36268,cc0
water_flow,Boiling,351275,cc0
water_flow,Boiling,117496,by
water_flow,Boiling,344917,cc0
water_flow,Boiling,412186,cc0
water_flow,Boiling,87133,by
water_flow,Boiling,415928,cc0
water_flow,Boiling,261377,by
water_flow,Boiling,378687,cc0
water_flow,Boiling,365102,by
water_flow,Boiling,97333,by
water_flow,Boiling,165189,by
water_flow,Boiling,417913,cc0
water_flow,Boiling,351274,cc0
water_flow,Boiling,101468,by
water_flow,Boiling,110103,by
water_flow,Boiling,118099,sampling+
water_flow,Boiling,406129,cc0
water_flow,Boiling,94210,cc0
water_flow,Boiling,142333,cc0
water_flow,Boiling,1942,by
water_flow,Boiling,423006,cc0
water_flow,Boiling,36267,cc0
water_flow,Boiling,36266,cc0
water_flow,Boiling,370217,cc0
water_flow,Boiling,409010,by-nc
water_flow,Boiling,412556,cc0
water_flow,Boiling,347143,cc0
water_flow,Boiling,317665,by
water_flow,Sink_(filling_or_washing),333349,cc0
water_flow,Sink_(filling_or_washing),333351,cc0
water_flow,Sink_(filling_or_washing),14891,by
water_flow,Sink_(filling_or_washing),94802,sampling+
water_flow,Sink_(filling_or_washing),94808,sampling+
water_flow,Sink_(filling_or_washing),371817,cc0
water_flow,Sink_(filling_or_washing),181355,cc0
water_flow,Sink_(filling_or_washing),212116,by
water_flow,Sink_(filling_or_washing),32920,cc0
water_flow,Sink_(filling_or_washing),371915,cc0
water_flow,Sink_(filling_or_washing),348372,cc0
water_flow,Sink_(filling_or_washing),155898,cc0
water_flow,Sink_(filling_or_washing),201995,cc0
water_flow,Sink_(filling_or_washing),232779,cc0
water_flow,Sink_(filling_or_washing),261460,by
water_flow,Sink_(filling_or_washing),263030,cc0
water_flow,Sink_(filling_or_washing),141702,by
water_flow,Sink_(filling_or_washing),106388,by-nc
water_flow,Sink_(filling_or_washing),195069,by
water_flow,Sink_(filling_or_washing),422873,cc0
water_flow,Sink_(filling_or_washing),96730,cc0
water_flow,Sink_(filling_or_washing),344550,cc0
water_flow,Sink_(filling_or_washing),271334,by
water_flow,Sink_(filling_or_washing),258138,cc0
water_flow,Sink_(filling_or_washing),35024,sampling+
water_flow,Sink_(filling_or_washing),232905,cc0
water_flow,Sink_(filling_or_washing),186484,by
water_flow,Sink_(filling_or_washing),21767,by-nc
water_flow,Sink_(filling_or_washing),34859,sampling+
water_flow,Sink_(filling_or_washing),394910,cc0
water_flow,Sink_(filling_or_washing),21765,by-nc
water_flow,Sink_(filling_or_washing),21766,by-nc
water_flow,Sink_(filling_or_washing),389656,cc0
water_flow,Sink_(filling_or_washing),184886,by-nc
water_flow,Sink_(filling_or_washing),389693,cc0
water_flow,Sink_(filling_or_washing),104015,cc0
water_flow,Sink_(filling_or_washing),274012,by-nc
water_flow,Sink_(filling_or_washing),418009,cc0
water_flow,Sink_(filling_or_washing),418010,cc0
water_flow,Sink_(filling_or_washing),27974,by
water_flow,Sink_(filling_or_washing),21888,by
water_flow,Sink_(filling_or_washing),320394,by
water_flow,Sink_(filling_or_washing),89061,by
water_flow,Sink_(filling_or_washing),353319,by
water_flow,Sink_(filling_or_washing),323003,cc0
water_flow,Sink_(filling_or_washing),70932,sampling+
water_flow,Sink_(filling_or_washing),108423,cc0
water_flow,Sink_(filling_or_washing),262924,cc0
water_flow,Sink_(filling_or_washing),265369,by-nc
water_flow,Sink_(filling_or_washing),433886,cc0
water_flow,Sink_(filling_or_washing),198319,by
water_flow,Sink_(filling_or_washing),322951,by
water_flow,Sink_(filling_or_washing),219474,cc0
water_flow,Sink_(filling_or_washing),202005,cc0
water_flow,Sink_(filling_or_washing),202007,cc0
water_flow,Sink_(filling_or_washing),367499,cc0
water_flow,Sink_(filling_or_washing),202001,cc0
water_flow,Sink_(filling_or_washing),202002,cc0
water_flow,Sink_(filling_or_washing),14880,by-nc
water_flow,Sink_(filling_or_washing),108424,cc0
water_flow,Sink_(filling_or_washing),71246,by
water_flow,Sink_(filling_or_washing),29604,sampling+
water_flow,Sink_(filling_or_washing),17291,by
water_flow,Sink_(filling_or_washing),190914,cc0
water_flow,Sink_(filling_or_washing),367689,cc0
water_flow,Sink_(filling_or_washing),219473,cc0
water_flow,Sink_(filling_or_washing),274032,by-nc
water_flow,Sink_(filling_or_washing),219508,cc0
water_flow,Sink_(filling_or_washing),201549,cc0
water_flow,Sink_(filling_or_washing),222878,cc0
water_flow,Sink_(filling_or_washing),222879,cc0
water_flow,Sink_(filling_or_washing),418464,cc0
water_flow,Sink_(filling_or_washing),366026,cc0
water_flow,Sink_(filling_or_washing),360735,cc0
water_flow,Sink_(filling_or_washing),341922,cc0
water_flow,Sink_(filling_or_washing),382646,cc0
water_flow,Sink_(filling_or_washing),371920,cc0
water_flow,Sink_(filling_or_washing),277506,by
water_flow,Sink_(filling_or_washing),277507,by
water_flow,Sink_(filling_or_washing),40970,by
water_flow,Sink_(filling_or_washing),397331,by
water_flow,Sink_(filling_or_washing),103955,by
water_flow,Sink_(filling_or_washing),87061,by
water_flow,Sink_(filling_or_washing),104472,cc0
water_flow,Sink_(filling_or_washing),79390,cc0
water_flow,Sink_(filling_or_washing),168483,by
water_flow,Sink_(filling_or_washing),168484,by
water_flow,Sink_(filling_or_washing),389669,cc0
water_flow,Sink_(filling_or_washing),168486,by
water_flow,Sink_(filling_or_washing),168485,by
water_flow,Sink_(filling_or_washing),333347,cc0
water_flow,Sink_(filling_or_washing),14890,by
water_flow,Sink_(filling_or_washing),14892,by
water_flow,Sink_(filling_or_washing),14893,by
water_flow,Sink_(filling_or_washing),250923,cc0
water_flow,Sink_(filling_or_washing),14895,by
water_flow,Sink_(filling_or_washing),60461,by
water_flow,Sink_(filling_or_washing),233007,by
water_flow,Sink_(filling_or_washing),406066,cc0
water_flow,Sink_(filling_or_washing),406067,cc0
water_flow,Sink_(filling_or_washing),268340,cc0
water_flow,Sink_(filling_or_washing),50755,cc0
water_flow,Sink_(filling_or_washing),50756,cc0
water_flow,Sink_(filling_or_washing),75333,by
water_flow,Sink_(filling_or_washing),257609,cc0
water_flow,Sink_(filling_or_washing),587,by
water_flow,Sink_(filling_or_washing),589,by
water_flow,Sink_(filling_or_washing),328270,by
water_flow,Sink_(filling_or_washing),104016,cc0
water_flow,Sink_(filling_or_washing),45138,by-nc
water_flow,Sink_(filling_or_washing),363097,cc0
water_flow,Sink_(filling_or_washing),363098,cc0
water_flow,Sink_(filling_or_washing),344667,cc0
water_flow,Sink_(filling_or_washing),363096,cc0
water_flow,Sink_(filling_or_washing),67163,cc0
water_flow,Sink_(filling_or_washing),334944,by
water_flow,Sink_(filling_or_washing),413283,cc0
water_flow,Sink_(filling_or_washing),32870,by-nc
water_flow,Sink_(filling_or_washing),67175,cc0
water_flow,Sink_(filling_or_washing),70762,cc0
water_flow,Sink_(filling_or_washing),393323,cc0
water_flow,Sink_(filling_or_washing),107115,cc0
water_flow,Sink_(filling_or_washing),107116,cc0
water_flow,Sink_(filling_or_washing),413295,cc0
water_flow,Sink_(filling_or_washing),271472,cc0
water_flow,Sink_(filling_or_washing),265330,by
water_flow,Sink_(filling_or_washing),398960,cc0
water_flow,Sink_(filling_or_washing),336513,cc0
water_flow,Sink_(filling_or_washing),336518,cc0
water_flow,Sink_(filling_or_washing),109192,cc0
water_flow,Sink_(filling_or_washing),348809,by
water_flow,Sink_(filling_or_washing),336522,cc0
water_flow,Sink_(filling_or_washing),348808,by
water_flow,Sink_(filling_or_washing),212113,by
water_flow,Sink_(filling_or_washing),419988,cc0
water_flow,Sink_(filling_or_washing),419990,cc0
water_flow,Sink_(filling_or_washing),272020,cc0
water_flow,Sink_(filling_or_washing),272021,cc0
water_flow,Sink_(filling_or_washing),212122,by
water_flow,Sink_(filling_or_washing),84123,sampling+
water_flow,Sink_(filling_or_washing),212123,by
water_flow,Sink_(filling_or_washing),274077,by-nc
water_flow,Sink_(filling_or_washing),377516,cc0
water_flow,Sink_(filling_or_washing),328879,cc0
water_flow,Sink_(filling_or_washing),20148,by
water_flow,Sink_(filling_or_washing),172726,by
water_flow,Sink_(filling_or_washing),172727,by
water_flow,Sink_(filling_or_washing),172728,by
water_flow,Sink_(filling_or_washing),172729,by
water_flow,Sink_(filling_or_washing),46266,by
water_flow,Sink_(filling_or_washing),35012,sampling+
water_flow,Sink_(filling_or_washing),371913,cc0
water_flow,Sink_(filling_or_washing),371914,cc0
water_flow,Sink_(filling_or_washing),35020,sampling+
water_flow,Sink_(filling_or_washing),426189,by
water_flow,Sink_(filling_or_washing),74955,sampling+
water_flow,Sink_(filling_or_washing),371918,cc0
water_flow,Sink_(filling_or_washing),42191,cc0
water_flow,Sink_(filling_or_washing),212177,by
water_flow,Sink_(filling_or_washing),212176,by
water_flow,Sink_(filling_or_washing),382672,cc0
water_flow,Sink_(filling_or_washing),42709,by
water_flow,Sink_(filling_or_washing),110299,by
water_flow,Sink_(filling_or_washing),232159,by
water_flow,Sink_(filling_or_washing),418017,cc0
water_flow,Sink_(filling_or_washing),369892,by-nc
water_flow,Sink_(filling_or_washing),17128,sampling+
water_flow,Sink_(filling_or_washing),408296,by
water_flow,Sink_(filling_or_washing),325878,by-nc
water_flow,Sink_(filling_or_washing),108792,by
water_flow,Sink_(filling_or_washing),155899,cc0
water_flow,Sink_(filling_or_washing),332029,cc0
water_flow,Sink_(filling_or_washing),123646,by
water_flow,Sink_(filling_or_washing),85251,cc0
water_flow,Sink_(filling_or_washing),43788,by
water_flow,Sink_(filling_or_washing),219928,by
water_flow,Sink_(filling_or_washing),202008,cc0
water_flow,Sink_(filling_or_washing),213277,cc0
water_flow,Sink_(filling_or_washing),323357,cc0
water_flow,Sink_(filling_or_washing),123679,by
water_flow,Sink_(filling_or_washing),213281,cc0
water_flow,Sink_(filling_or_washing),175396,by
water_flow,Sink_(filling_or_washing),344358,cc0
water_flow,Sink_(filling_or_washing),102702,cc0
water_flow,Sink_(filling_or_washing),102190,cc0
water_flow,Sink_(filling_or_washing),102704,cc0
water_flow,Sink_(filling_or_washing),102705,cc0
water_flow,Sink_(filling_or_washing),102706,cc0
water_flow,Sink_(filling_or_washing),102707,cc0
water_flow,Sink_(filling_or_washing),102708,cc0
water_flow,Sink_(filling_or_washing),256309,cc0
water_flow,Sink_(filling_or_washing),175408,by
water_flow,Sink_(filling_or_washing),333108,by
water_flow,Sink_(filling_or_washing),188728,cc0
water_flow,Sink_(filling_or_washing),27959,cc0
water_flow,Sink_(filling_or_washing),372545,cc0
water_flow,Sink_(filling_or_washing),372546,cc0
water_flow,Sink_(filling_or_washing),96579,by
water_flow,Sink_(filling_or_washing),96580,by
water_flow,Sink_(filling_or_washing),96581,by
water_flow,Sink_(filling_or_washing),96582,by
water_flow,Sink_(filling_or_washing),151878,by
water_flow,Sink_(filling_or_washing),273222,cc0
water_flow,Sink_(filling_or_washing),273223,cc0
water_flow,Sink_(filling_or_washing),64331,sampling+
water_flow,Sink_(filling_or_washing),61257,by-nc
water_flow,Sink_(filling_or_washing),96597,by
water_flow,Sink_(filling_or_washing),238423,cc0
water_flow,Sink_(filling_or_washing),119130,cc0
water_flow,Sink_(filling_or_washing),119131,cc0
water_flow,Sink_(filling_or_washing),45405,by
water_flow,Sink_(filling_or_washing),251230,cc0
water_flow,Sink_(filling_or_washing),231265,cc0
water_flow,Sink_(filling_or_washing),178531,cc0
water_flow,Sink_(filling_or_washing),89956,by
water_flow,Sink_(filling_or_washing),119146,cc0
water_flow,Sink_(filling_or_washing),67436,by
water_flow,Sink_(filling_or_washing),151918,cc0
water_flow,Sink_(filling_or_washing),67440,by
water_flow,Sink_(filling_or_washing),387954,cc0
water_flow,Sink_(filling_or_washing),387958,cc0
water_flow,Sink_(filling_or_washing),174966,by
water_flow,Sink_(filling_or_washing),380279,cc0
water_flow,Sink_(filling_or_washing),380280,cc0
water_flow,Sink_(filling_or_washing),420219,cc0
water_flow,Sink_(filling_or_washing),337275,cc0
water_flow,Sink_(filling_or_washing),337276,cc0
water_flow,Sink_(filling_or_washing),427387,cc0
water_flow,Sink_(filling_or_washing),141696,by
water_flow,Sink_(filling_or_washing),141697,by
water_flow,Sink_(filling_or_washing),141698,by
water_flow,Sink_(filling_or_washing),141699,by
water_flow,Sink_(filling_or_washing),21889,by
water_flow,Sink_(filling_or_washing),141703,by
water_flow,Sink_(filling_or_washing),177035,by
water_flow,Sink_(filling_or_washing),55181,by
water_flow,Sink_(filling_or_washing),55182,by
water_flow,Sink_(filling_or_washing),259989,by-nc
water_flow,Sink_(filling_or_washing),388506,cc0
water_flow,Sink_(filling_or_washing),411034,cc0
water_flow,Sink_(filling_or_washing),388507,cc0
water_flow,Sink_(filling_or_washing),201631,by
water_flow,Sink_(filling_or_washing),119718,by
water_flow,Sink_(filling_or_washing),365479,cc0
water_flow,Sink_(filling_or_washing),257959,cc0
water_flow,Sink_(filling_or_washing),421800,cc0
water_flow,Sink_(filling_or_washing),119722,by
water_flow,Sink_(filling_or_washing),257960,cc0
water_flow,Sink_(filling_or_washing),72622,cc0
water_flow,Sink_(filling_or_washing),151473,cc0
water_flow,Sink_(filling_or_washing),201659,by-nc
water_flow,Sink_(filling_or_washing),215996,cc0
water_flow,Sink_(filling_or_washing),378306,cc0
water_flow,Sink_(filling_or_washing),190916,cc0
water_flow,Sink_(filling_or_washing),190917,cc0
water_flow,Sink_(filling_or_washing),190918,cc0
water_flow,Sink_(filling_or_washing),371652,by
water_flow,Sink_(filling_or_washing),378310,cc0
water_flow,Sink_(filling_or_washing),397252,cc0
water_flow,Sink_(filling_or_washing),417737,by
water_flow,Sink_(filling_or_washing),114637,cc0
water_flow,Sink_(filling_or_washing),262606,by
water_flow,Sink_(filling_or_washing),179151,cc0
water_flow,Sink_(filling_or_washing),118223,sampling+
water_flow,Sink_(filling_or_washing),262611,by
water_flow,Sink_(filling_or_washing),65504,sampling+
water_flow,Sink_(filling_or_washing),271331,by
water_flow,Sink_(filling_or_washing),72678,cc0
water_flow,Sink_(filling_or_washing),156647,cc0
water_flow,Sink_(filling_or_washing),344557,cc0
water_flow,Sink_(filling_or_washing),344558,cc0
water_flow,Sink_(filling_or_washing),344559,cc0
water_flow,Sink_(filling_or_washing),344560,cc0
water_flow,Sink_(filling_or_washing),402983,by
water_flow,Sink_(filling_or_washing),195067,by
water_flow,Sink_(filling_or_washing),195068,by
water_flow,Sink_(filling_or_washing),379903,cc0
water_flow,Sink_(filling_or_washing),419743,cc0
water_flow,Sink_(filling_or_washing),347915,cc0
water_flow,Sink_(filling_or_washing),219415,by
water_flow,Sink_(filling_or_washing),72200,by
water_flow,Sink_(filling_or_washing),186489,by
water_flow,Sink_(filling_or_washing),379258,by
water_flow,Sink_(filling_or_washing),264866,by
water_flow,Sink_(filling_or_washing),198318,by
water_flow,Sink_(filling_or_washing),198240,by
water_flow,Sink_(filling_or_washing),188510,cc0
water_flow,Sink_(filling_or_washing),137028,cc0
water_flow,Sink_(filling_or_washing),353184,by
water_flow,Sink_(filling_or_washing),34780,sampling+
water_flow,Sink_(filling_or_washing),403512,cc0
water_flow,Sink_(filling_or_washing),52158,cc0
water_flow,Sink_(filling_or_washing),218842,cc0
water_flow,Sink_(filling_or_washing),84941,sampling+
water_flow,Sink_(filling_or_washing),406587,cc0
water_flow,Sink_(filling_or_washing),185057,cc0
water_flow,Sink_(filling_or_washing),317680,by-nc
water_flow,Sink_(filling_or_washing),119112,cc0
water_flow,Sink_(filling_or_washing),366765,by-nc
water_flow,Sink_(filling_or_washing),1001,by
water_flow,Sink_(filling_or_washing),327683,by-nc
water_flow,Sink_(filling_or_washing),82443,cc0
water_flow,Sink_(filling_or_washing),422158,cc0
water_flow,Sink_(filling_or_washing),395079,cc0
water_flow,Sink_(filling_or_washing),402166,cc0
water_flow,Sink_(filling_or_washing),370876,cc0
water_flow,Sink_(filling_or_washing),214344,cc0
water_flow,Sink_(filling_or_washing),395077,cc0
water_flow,Sink_(filling_or_washing),117304,cc0
water_flow,Sink_(filling_or_washing),206142,cc0
water_flow,Sink_(filling_or_washing),82414,cc0
water_flow,Sink_(filling_or_washing),117295,cc0
water_flow,Sink_(filling_or_washing),391489,cc0
water_flow,Sink_(filling_or_washing),395084,cc0
water_flow,Sink_(filling_or_washing),52159,cc0
water_flow,Sink_(filling_or_washing),206168,cc0
water_flow,Sink_(filling_or_washing),386750,cc0
water_flow,Sink_(filling_or_washing),121545,cc0
water_flow,Sink_(filling_or_washing),85684,sampling+
water_flow,Sink_(filling_or_washing),71731,by
water_flow,Sink_(filling_or_washing),317338,by
water_flow,Sink_(filling_or_washing),117303,cc0
water_flow,Sink_(filling_or_washing),214343,cc0
water_flow,Sink_(filling_or_washing),85683,sampling+
water_flow,Sink_(filling_or_washing),118082,cc0
water_flow,Sink_(filling_or_washing),233498,cc0
water_flow,Sink_(filling_or_washing),336369,cc0
water_flow,Sink_(filling_or_washing),257440,cc0
water_flow,Sink_(filling_or_washing),120116,cc0
water_flow,Sink_(filling_or_washing),424502,cc0
water_flow,Sink_(filling_or_washing),64445,by
water_flow,Sink_(filling_or_washing),172753,by
water_flow,Sink_(filling_or_washing),336370,cc0
water_flow,Sink_(filling_or_washing),395393,cc0
water_flow,Sink_(filling_or_washing),154438,cc0
water_flow,Sink_(filling_or_washing),64446,by
water_flow,Sink_(filling_or_washing),218846,cc0
water_flow,Sink_(filling_or_washing),119864,cc0
water_flow,Sink_(filling_or_washing),336368,cc0
water_flow,Sink_(filling_or_washing),52306,cc0
water_flow,Sink_(filling_or_washing),117305,cc0
water_flow,Sink_(filling_or_washing),386749,cc0
water_flow,Sink_(filling_or_washing),155510,by
water_flow,Sink_(filling_or_washing),395392,cc0
water_flow,Sink_(filling_or_washing),366743,by-nc
water_flow,Sink_(filling_or_washing),360650,cc0
water_flow,Sink_(filling_or_washing),265305,cc0
water_flow,Sink_(filling_or_washing),85685,sampling+
water_flow,Sink_(filling_or_washing),85682,sampling+
water_flow,Sink_(filling_or_washing),223048,cc0
water_flow,Sink_(filling_or_washing),210028,by
water_flow,Sink_(filling_or_washing),419112,by
water_flow,Sink_(filling_or_washing),192532,by-nc
water_flow,Sink_(filling_or_washing),108466,cc0
water_flow,Sink_(filling_or_washing),90794,by
water_flow,Sink_(filling_or_washing),403204,by
water_flow,Sink_(filling_or_washing),134846,cc0
water_flow,Sink_(filling_or_washing),52152,cc0
water_flow,Sink_(filling_or_washing),155306,by
water_flow,Sink_(filling_or_washing),426323,cc0
water_flow,Sink_(filling_or_washing),167244,by
water_flow,Sink_(filling_or_washing),388764,cc0
water_flow,Sink_(filling_or_washing),378657,cc0
water_flow,Sink_(filling_or_washing),234868,cc0
water_flow,Sink_(filling_or_washing),155509,by
water_flow,Sink_(filling_or_washing),118442,sampling+
water_flow,Sink_(filling_or_washing),134854,cc0
water_flow,Sink_(filling_or_washing),186394,cc0
water_flow,Sink_(filling_or_washing),62118,sampling+
water_flow,Sink_(filling_or_washing),167243,cc0
water_flow,Sink_(filling_or_washing),121544,cc0
water_flow,Sink_(filling_or_washing),422655,cc0
water_flow,Sink_(filling_or_washing),206169,cc0
water_flow,Sink_(filling_or_washing),418111,by
water_flow,Sink_(filling_or_washing),144198,cc0
water_flow,Sink_(filling_or_washing),155511,by
water_flow,Sink_(filling_or_washing),388288,cc0
water_flow,Sink_(filling_or_washing),256547,cc0
water_flow,Sink_(filling_or_washing),272389,cc0
water_flow,Sink_(filling_or_washing),80932,cc0
water_flow,Sink_(filling_or_washing),233456,by
water_flow,Sink_(filling_or_washing),347941,cc0
water_flow,Sink_(filling_or_washing),271669,cc0
water_flow,Sink_(filling_or_washing),257437,cc0
water_flow,Sink_(filling_or_washing),360680,by-nc
water_flow,Sink_(filling_or_washing),233452,by
water_flow,Sink_(filling_or_washing),119115,cc0
water_flow,Sink_(filling_or_washing),327065,by-nc
water_flow,Sink_(filling_or_washing),340914,by
water_flow,Sink_(filling_or_washing),126040,cc0
water_flow,Sink_(filling_or_washing),235618,cc0
water_flow,Sink_(filling_or_washing),235765,by
water_flow,Sink_(filling_or_washing),370879,cc0
water_flow,Sink_(filling_or_washing),84940,sampling+
water_flow,Sink_(filling_or_washing),1007,by
water_flow,Sink_(filling_or_washing),218848,cc0
water_flow,Sink_(filling_or_washing),401729,cc0
water_flow,Sink_(filling_or_washing),84939,sampling+
water_flow,Sink_(filling_or_washing),426787,cc0
water_flow,Sink_(filling_or_washing),207487,cc0
water_flow,Sink_(filling_or_washing),77523,by-nc
water_flow,Sink_(filling_or_washing),94922,cc0
water_flow,Sink_(filling_or_washing),419999,cc0
water_flow,Sink_(filling_or_washing),171377,cc0
water_flow,Toilet_flush,274448,cc0
water_flow,Toilet_flush,324122,cc0
water_flow,Toilet_flush,233006,by
water_flow,Toilet_flush,19035,by
water_flow,Toilet_flush,261256,by
water_flow,Toilet_flush,46274,by
water_flow,Toilet_flush,46275,by
water_flow,Toilet_flush,63739,by-nc
water_flow,Toilet_flush,332028,cc0
water_flow,Toilet_flush,170750,by
water_flow,Toilet_flush,147751,by
water_flow,Toilet_flush,238403,by
water_flow,Toilet_flush,49538,sampling+
water_flow,Toilet_flush,331659,by
water_flow,Toilet_flush,378316,cc0
water_flow,Toilet_flush,265173,by
water_flow,Toilet_flush,365540,cc0
water_flow,Toilet_flush,195066,by
water_flow,Toilet_flush,322557,by
water_flow,Toilet_flush,232513,cc0
water_flow,Toilet_flush,324427,cc0
water_flow,Toilet_flush,424726,by
water_flow,Toilet_flush,232537,cc0
water_flow,Toilet_flush,95218,by
water_flow,Toilet_flush,324671,by-nc
water_flow,Toilet_flush,363095,cc0
water_flow,Toilet_flush,232474,by
water_flow,Toilet_flush,67417,by-nc
water_flow,Toilet_flush,219411,by
water_flow,Toilet_flush,141365,cc0
water_flow,Toilet_flush,118059,by
water_flow,Toilet_flush,102912,cc0
water_flow,Toilet_flush,167429,cc0
water_flow,Toilet_flush,180230,by-nc
water_flow,Toilet_flush,237574,by
water_flow,Toilet_flush,30214,by
water_flow,Toilet_flush,14860,by
water_flow,Toilet_flush,71189,sampling+
water_flow,Toilet_flush,111126,by
water_flow,Toilet_flush,9239,by
water_flow,Toilet_flush,68629,cc0
water_flow,Toilet_flush,94742,sampling+
water_flow,Toilet_flush,137244,cc0
water_flow,Toilet_flush,72735,sampling+
water_flow,Toilet_flush,347681,cc0
water_flow,Toilet_flush,322597,by
water_flow,Toilet_flush,402984,by
water_flow,Toilet_flush,83497,sampling+
water_flow,Toilet_flush,402986,by
water_flow,Toilet_flush,135726,by
water_flow,Toilet_flush,433711,by
water_flow,Toilet_flush,240692,cc0
water_flow,Toilet_flush,323637,cc0
water_flow,Toilet_flush,185908,cc0
water_flow,Toilet_flush,395832,by
water_flow,Toilet_flush,275002,by-nc
water_flow,Toilet_flush,272447,cc0
water_flow,Toilet_flush,242243,cc0
water_flow,Toilet_flush,393795,by
water_flow,Toilet_flush,126532,by
water_flow,Toilet_flush,341063,cc0
water_flow,Toilet_flush,588,by
water_flow,Toilet_flush,168014,cc0
water_flow,Toilet_flush,161874,cc0
water_flow,Toilet_flush,126556,by-nc
water_flow,Toilet_flush,67170,cc0
water_flow,Toilet_flush,86118,cc0
water_flow,Toilet_flush,425063,cc0
water_flow,Toilet_flush,176744,cc0
water_flow,Toilet_flush,125546,cc0
water_flow,Toilet_flush,371819,cc0
water_flow,Toilet_flush,154730,cc0
water_flow,Toilet_flush,99438,by-nc
water_flow,Toilet_flush,99439,by-nc
water_flow,Toilet_flush,169072,by
water_flow,Toilet_flush,69231,sampling+
water_flow,Toilet_flush,212087,by
water_flow,Toilet_flush,212089,by
water_flow,Toilet_flush,331897,cc0
water_flow,Toilet_flush,82557,sampling+
water_flow,Toilet_flush,68733,by
water_flow,Toilet_flush,182404,cc0
water_flow,Toilet_flush,319113,by
water_flow,Toilet_flush,408714,by-nc
water_flow,Toilet_flush,70280,by
water_flow,Toilet_flush,272012,cc0
water_flow,Toilet_flush,272013,cc0
water_flow,Toilet_flush,89741,sampling+
water_flow,Toilet_flush,223887,by
water_flow,Toilet_flush,132242,cc0
water_flow,Toilet_flush,324755,by-nc
water_flow,Toilet_flush,83608,sampling+
water_flow,Toilet_flush,232607,by
water_flow,Toilet_flush,336544,cc0
water_flow,Toilet_flush,327841,by-nc
water_flow,Toilet_flush,39083,sampling+
water_flow,Toilet_flush,39084,sampling+
water_flow,Toilet_flush,416944,cc0
water_flow,Toilet_flush,160433,by
water_flow,Toilet_flush,86199,sampling+
water_flow,Toilet_flush,267962,cc0
water_flow,Toilet_flush,235197,by
water_flow,Toilet_flush,182462,by-nc
water_flow,Toilet_flush,182463,by-nc
water_flow,Toilet_flush,216768,cc0
water_flow,Toilet_flush,264384,by
water_flow,Toilet_flush,361675,cc0
water_flow,Toilet_flush,202956,cc0
water_flow,Toilet_flush,66765,sampling+
water_flow,Toilet_flush,35023,sampling+
water_flow,Toilet_flush,405200,by
water_flow,Toilet_flush,16593,cc0
water_flow,Toilet_flush,151253,by
water_flow,Toilet_flush,114395,by
water_flow,Toilet_flush,381663,cc0
water_flow,Toilet_flush,178401,cc0
water_flow,Toilet_flush,418018,cc0
water_flow,Toilet_flush,185061,cc0
water_flow,Toilet_flush,164071,cc0
water_flow,Toilet_flush,131305,cc0
water_flow,Toilet_flush,333034,cc0
water_flow,Toilet_flush,185065,cc0
water_flow,Toilet_flush,223982,cc0
water_flow,Toilet_flush,82671,sampling+
water_flow,Toilet_flush,35056,sampling+
water_flow,Toilet_flush,401138,by
water_flow,Toilet_flush,401140,by
water_flow,Toilet_flush,334582,cc0
water_flow,Toilet_flush,334587,cc0
water_flow,Toilet_flush,378622,cc0
water_flow,Toilet_flush,20736,sampling+
water_flow,Toilet_flush,334588,cc0
water_flow,Toilet_flush,85250,cc0
water_flow,Toilet_flush,334589,cc0
water_flow,Toilet_flush,332027,cc0
water_flow,Toilet_flush,57108,by
water_flow,Toilet_flush,237844,by
water_flow,Toilet_flush,197911,cc0
water_flow,Toilet_flush,197913,cc0
water_flow,Toilet_flush,186139,cc0
water_flow,Toilet_flush,408348,by-nc
water_flow,Toilet_flush,264988,cc0
water_flow,Toilet_flush,250656,by
water_flow,Toilet_flush,123680,by
water_flow,Toilet_flush,202020,cc0
water_flow,Toilet_flush,330536,cc0
water_flow,Toilet_flush,102187,by-nc
water_flow,Toilet_flush,202548,by
water_flow,Toilet_flush,202049,cc0
water_flow,Toilet_flush,101186,cc0
water_flow,Toilet_flush,389447,cc0
water_flow,Toilet_flush,320332,cc0
water_flow,Toilet_flush,93010,by
water_flow,Toilet_flush,344413,cc0
water_flow,Toilet_flush,67422,by
water_flow,Toilet_flush,28005,cc0
water_flow,Toilet_flush,28006,cc0
water_flow,Toilet_flush,188264,by-nc
water_flow,Toilet_flush,83304,cc0
water_flow,Toilet_flush,157546,by
water_flow,Toilet_flush,404329,by
water_flow,Toilet_flush,104302,sampling+
water_flow,Toilet_flush,360819,cc0
water_flow,Toilet_flush,219511,cc0
water_flow,Toilet_flush,108413,by
water_flow,Toilet_flush,420222,cc0
water_flow,Toilet_flush,52614,sampling+
water_flow,Toilet_flush,236942,by
water_flow,Toilet_flush,52644,sampling+
water_flow,Toilet_flush,410532,cc0
water_flow,Toilet_flush,119719,by
water_flow,Toilet_flush,119720,by
water_flow,Toilet_flush,185777,cc0
water_flow,Toilet_flush,85945,sampling+
water_flow,Toilet_flush,96704,by
water_flow,Toilet_flush,201664,by-nc
water_flow,Toilet_flush,50630,cc0
water_flow,Toilet_flush,98762,by
water_flow,Toilet_flush,98767,by
water_flow,Toilet_flush,98770,by
water_flow,Toilet_flush,404438,cc0
water_flow,Toilet_flush,98775,by
water_flow,Toilet_flush,404437,cc0
water_flow,Toilet_flush,98777,by
water_flow,Toilet_flush,98778,by
water_flow,Toilet_flush,98779,by
water_flow,Toilet_flush,98780,by
water_flow,Toilet_flush,92637,by
water_flow,Toilet_flush,98781,by
water_flow,Toilet_flush,98783,by
water_flow,Toilet_flush,98786,by
water_flow,Toilet_flush,51170,cc0
water_flow,Toilet_flush,72677,cc0
water_flow,Toilet_flush,98790,by
water_flow,Toilet_flush,98788,by
water_flow,Toilet_flush,98792,by
water_flow,Toilet_flush,378863,cc0
water_flow,Toilet_flush,340295,cc0
water_flow,Toilet_flush,347916,cc0
water_flow,Toilet_flush,346061,cc0
water_flow,Toilet_flush,220945,by
water_flow,Toilet_flush,344720,cc0
water_flow,Toilet_flush,100018,by
water_flow,Toilet_flush,265366,cc0
water_flow,Toilet_flush,186488,by
water_flow,Toilet_flush,170746,by
water_flow,Toilet_flush,166441,by
water_flow,Toilet_flush,108018,sampling+
water_flow,Toilet_flush,238287,cc0
water_flow,Toilet_flush,104953,by
water_flow,Toilet_flush,321729,cc0
water_flow,Toilet_flush,205079,cc0
water_flow,Toilet_flush,83537,cc0
water_flow,Toilet_flush,119109,cc0
water_flow,Toilet_flush,235554,cc0
water_flow,Toilet_flush,35624,by
water_flow,Toilet_flush,167736,by
water_flow,Toilet_flush,99181,by-nc
water_flow,Toilet_flush,213911,cc0
water_flow,Toilet_flush,56269,cc0
water_flow,Toilet_flush,125299,cc0
water_flow,Toilet_flush,52068,cc0
water_flow,Toilet_flush,38116,by
water_flow,Toilet_flush,206170,cc0
water_flow,Toilet_flush,35623,by
water_flow,Toilet_flush,365103,by
water_flow,Toilet_flush,321439,by
water_flow,Toilet_flush,326980,by-nc
water_flow,Toilet_flush,115096,by-nc
water_flow,Toilet_flush,235622,cc0
water_flow,Toilet_flush,39858,by
water_flow,Toilet_flush,394656,cc0
water_flow,Toilet_flush,126046,cc0
water_flow,Toilet_flush,237766,cc0
water_flow,Toilet_flush,209525,cc0
water_flow,Toilet_flush,348331,by-nc
water_flow,Toilet_flush,154788,cc0
water_flow,Toilet_flush,388765,cc0
water_flow,Toilet_flush,210788,cc0
water_flow,Toilet_flush,84943,sampling+
water_flow,Toilet_flush,185046,cc0
water_flow,Toilet_flush,388791,cc0
water_flow,Toilet_flush,108677,cc0
water_flow,Toilet_flush,209537,cc0
water_flow,Toilet_flush,69145,by-nc
water_flow,Toilet_flush,272387,cc0
water_flow,Toilet_flush,30838,by
water_flow,Toilet_flush,31542,cc0
water_flow,Toilet_flush,268132,by
water_flow,Toilet_flush,420010,cc0
water_flow,Toilet_flush,48430,by
water_flow,Toilet_flush,253759,by
water_flow,Toilet_flush,152958,by
water_flow,Toilet_flush,257438,cc0
water_flow,Toilet_flush,117131,by
water_flow,Toilet_flush,100839,by
water_flow,Toilet_flush,167193,by
water_flow,Toilet_flush,365059,by-nc
water_flow,Toilet_flush,233454,by
water_flow,Toilet_flush,85771,sampling+
water_flow,Toilet_flush,191850,by
water_flow,Toilet_flush,426775,cc0
water_flow,Toilet_flush,118443,sampling+
water_flow,Toilet_flush,128746,cc0
water_flow,Toilet_flush,235768,by
water_flow,Toilet_flush,246248,by
water_flow,Toilet_flush,340897,by
water_flow,Toilet_flush,209524,cc0
water_flow,Toilet_flush,353207,cc0
water_flow,Toilet_flush,104802,by
water_flow,Toilet_flush,71218,cc0
water_flow,Toilet_flush,71587,sampling+
water_flow,Toilet_flush,389759,cc0
water_flow,Toilet_flush,390295,cc0
water_flow,Water,379754,by
water_flow,Water,379756,by
water_flow,Water,383062,by
water_flow,Water,378330,cc0
water_flow,Water,379905,cc0
water_flow,Water,336386,cc0
water_flow,Water,53763,by
water_flow,Water,53764,by
water_flow,Water,274448,cc0
water_flow,Water,407060,by
water_flow,Water,161813,by
water_flow,Water,24090,by
water_flow,Water,324122,cc0
water_flow,Water,24091,by
water_flow,Water,57373,by
water_flow,Water,104990,by-nc
water_flow,Water,387615,by-nc
water_flow,Water,333349,cc0
water_flow,Water,333350,cc0
water_flow,Water,121895,by
water_flow,Water,333351,cc0
water_flow,Water,14891,by
water_flow,Water,398720,by
water_flow,Water,233006,by
water_flow,Water,128049,by
water_flow,Water,406065,cc0
water_flow,Water,250943,cc0
water_flow,Water,189504,cc0
water_flow,Water,7744,by
water_flow,Water,49730,by
water_flow,Water,171076,cc0
water_flow,Water,423493,cc0
water_flow,Water,154695,cc0
water_flow,Water,21066,cc0
water_flow,Water,94802,sampling+
water_flow,Water,337492,by
water_flow,Water,365653,cc0
water_flow,Water,61013,by
water_flow,Water,270423,by
water_flow,Water,94808,sampling+
water_flow,Water,50775,by
water_flow,Water,19035,by
water_flow,Water,50782,by
water_flow,Water,50785,by
water_flow,Water,119908,cc0
water_flow,Water,50789,by
water_flow,Water,371817,cc0
water_flow,Water,389226,by
water_flow,Water,181355,cc0
water_flow,Water,389228,by
water_flow,Water,97389,by
water_flow,Water,174703,by-nc
water_flow,Water,119923,cc0
water_flow,Water,389240,by
water_flow,Water,68729,by
water_flow,Water,335992,by
water_flow,Water,76923,by-nc
water_flow,Water,190081,cc0
water_flow,Water,209028,by
water_flow,Water,3205,by
water_flow,Water,76934,cc0
water_flow,Water,261256,by
water_flow,Water,406664,cc0
water_flow,Water,406666,cc0
water_flow,Water,406667,cc0
water_flow,Water,406668,cc0
water_flow,Water,406669,cc0
water_flow,Water,406670,cc0
water_flow,Water,406671,cc0
water_flow,Water,406665,cc0
water_flow,Water,132239,cc0
water_flow,Water,190092,cc0
water_flow,Water,348816,cc0
water_flow,Water,212116,by
water_flow,Water,319637,cc0
water_flow,Water,190101,cc0
water_flow,Water,319639,cc0
water_flow,Water,32920,cc0
water_flow,Water,190103,cc0
water_flow,Water,348818,cc0
water_flow,Water,348820,cc0
water_flow,Water,319132,by
water_flow,Water,50845,by
water_flow,Water,42142,by-nc
water_flow,Water,348825,cc0
water_flow,Water,348826,cc0
water_flow,Water,215712,cc0
water_flow,Water,215711,cc0
water_flow,Water,387955,cc0
water_flow,Water,78500,by
water_flow,Water,410792,cc0
water_flow,Water,45522,cc0
water_flow,Water,233135,cc0
water_flow,Water,233136,cc0
water_flow,Water,190128,cc0
water_flow,Water,134831,by-nc
water_flow,Water,103604,by-nc
water_flow,Water,261302,by
water_flow,Water,382649,cc0
water_flow,Water,258237,by
water_flow,Water,190657,by
water_flow,Water,46274,by
water_flow,Water,46275,by
water_flow,Water,79043,sampling+
water_flow,Water,100035,by
water_flow,Water,180935,cc0
water_flow,Water,36554,by
water_flow,Water,269003,cc0
water_flow,Water,371915,cc0
water_flow,Water,317131,by
water_flow,Water,36557,by
water_flow,Water,240333,cc0
water_flow,Water,398032,cc0
water_flow,Water,269008,cc0
water_flow,Water,269009,cc0
water_flow,Water,269010,cc0
water_flow,Water,348372,cc0
water_flow,Water,207573,by
water_flow,Water,207574,by
water_flow,Water,398039,cc0
water_flow,Water,41176,by
water_flow,Water,25819,by
water_flow,Water,263899,by
water_flow,Water,27361,by
water_flow,Water,371427,cc0
water_flow,Water,207597,by
water_flow,Water,204013,by
water_flow,Water,207601,by
water_flow,Water,204017,by
water_flow,Water,207603,by
water_flow,Water,71924,by
water_flow,Water,277237,by
water_flow,Water,155898,cc0
water_flow,Water,63739,by-nc
water_flow,Water,207612,by
water_flow,Water,332028,cc0
water_flow,Water,170750,by
water_flow,Water,212734,by
water_flow,Water,349440,by
water_flow,Water,349441,by
water_flow,Water,204034,by
water_flow,Water,349442,by
water_flow,Water,210180,by
water_flow,Water,261381,by
water_flow,Water,168703,by
water_flow,Water,263945,by
water_flow,Water,263946,by
water_flow,Water,201995,cc0
water_flow,Water,263947,by
water_flow,Water,263948,by
water_flow,Water,263950,by
water_flow,Water,263951,by
water_flow,Water,114444,by
water_flow,Water,158481,by-nc
water_flow,Water,66323,cc0
water_flow,Water,63764,by-nc
water_flow,Water,410391,by
water_flow,Water,5913,by
water_flow,Water,151840,by
water_flow,Water,84623,by
water_flow,Water,324387,by
water_flow,Water,9508,cc0
water_flow,Water,320293,by
water_flow,Water,319269,by
water_flow,Water,147751,by
water_flow,Water,429356,by-nc
water_flow,Water,212787,by
water_flow,Water,243519,cc0
water_flow,Water,421184,by
water_flow,Water,238403,by
water_flow,Water,323396,cc0
water_flow,Water,323397,cc0
water_flow,Water,323398,cc0
water_flow,Water,198473,cc0
water_flow,Water,320330,cc0
water_flow,Water,423242,cc0
water_flow,Water,232779,cc0
water_flow,Water,145228,by
water_flow,Water,216397,by
water_flow,Water,22864,by
water_flow,Water,368977,by
water_flow,Water,22866,by
water_flow,Water,329041,by
water_flow,Water,261460,by
water_flow,Water,44880,cc0
water_flow,Water,322391,cc0
water_flow,Water,119639,by
water_flow,Water,98649,by
water_flow,Water,256861,by-nc
water_flow,Water,127840,by
water_flow,Water,194914,cc0
water_flow,Water,127842,by
water_flow,Water,127844,by
water_flow,Water,151911,cc0
water_flow,Water,398700,by
water_flow,Water,398703,by
water_flow,Water,398704,by
water_flow,Water,398705,by
water_flow,Water,268658,by
water_flow,Water,398706,by
water_flow,Water,79220,sampling+
water_flow,Water,250741,cc0
water_flow,Water,263030,cc0
water_flow,Water,398708,by
water_flow,Water,79221,sampling+
water_flow,Water,398712,by
water_flow,Water,186746,cc0
water_flow,Water,398714,by
water_flow,Water,186748,cc0
water_flow,Water,398715,by
water_flow,Water,398716,by
water_flow,Water,420223,cc0
water_flow,Water,398718,by
water_flow,Water,386433,cc0
water_flow,Water,398719,by
water_flow,Water,49538,sampling+
water_flow,Water,79232,sampling+
water_flow,Water,398721,by
water_flow,Water,420229,cc0
water_flow,Water,326022,by
water_flow,Water,141702,by
water_flow,Water,420230,cc0
water_flow,Water,79233,sampling+
water_flow,Water,76683,cc0
water_flow,Water,327047,by-nc
water_flow,Water,7053,by
water_flow,Water,331659,by
water_flow,Water,188295,cc0
water_flow,Water,106388,by-nc
water_flow,Water,143257,cc0
water_flow,Water,99227,by
water_flow,Water,146334,cc0
water_flow,Water,232862,by
water_flow,Water,185760,by
water_flow,Water,166817,by
water_flow,Water,58273,by
water_flow,Water,76194,by
water_flow,Water,166823,by
water_flow,Water,166824,by
water_flow,Water,111098,by
water_flow,Water,262573,by
water_flow,Water,20438,by
water_flow,Water,407984,by
water_flow,Water,53684,by
water_flow,Water,53685,by
water_flow,Water,53686,by
water_flow,Water,53687,by
water_flow,Water,111032,by
water_flow,Water,339900,by
water_flow,Water,111037,by
water_flow,Water,339902,by
water_flow,Water,339901,by
water_flow,Water,261569,by
water_flow,Water,433602,cc0
water_flow,Water,233411,by
water_flow,Water,233412,by
water_flow,Water,233413,by
water_flow,Water,233414,by
water_flow,Water,233415,by
water_flow,Water,195069,by
water_flow,Water,426953,cc0
water_flow,Water,233417,by
water_flow,Water,233418,by
water_flow,Water,378316,cc0
water_flow,Water,250317,cc0
water_flow,Water,13774,by
water_flow,Water,233419,by
water_flow,Water,233421,by
water_flow,Water,20433,by
water_flow,Water,20434,by
water_flow,Water,233422,by
water_flow,Water,233423,by
water_flow,Water,20437,by
water_flow,Water,321489,cc0
water_flow,Water,233425,by
water_flow,Water,265173,by
water_flow,Water,233427,by
water_flow,Water,233426,by
water_flow,Water,20436,by
water_flow,Water,422873,cc0
water_flow,Water,96730,cc0
water_flow,Water,85881,by
water_flow,Water,190088,cc0
water_flow,Water,319939,by
water_flow,Water,365540,cc0
water_flow,Water,271332,by
water_flow,Water,344550,cc0
water_flow,Water,271334,by
water_flow,Water,323046,by-nc
water_flow,Water,386539,by
water_flow,Water,328172,cc0
water_flow,Water,328173,by
water_flow,Water,326128,by
water_flow,Water,94192,by
water_flow,Water,85886,by
water_flow,Water,68595,by-nc
water_flow,Water,28657,by
water_flow,Water,28656,by
water_flow,Water,111096,by
water_flow,Water,195066,by
water_flow,Water,210427,by
water_flow,Water,322557,by
water_flow,Water,398344,by
water_flow,Water,395105,cc0
water_flow,Water,391948,cc0
water_flow,Water,170899,by-nc
water_flow,Water,170901,by-nc
water_flow,Water,259978,by
water_flow,Water,324332,cc0
water_flow,Water,99630,cc0
water_flow,Water,395415,cc0
water_flow,Water,423964,cc0
water_flow,Water,329760,cc0
water_flow,Water,74799,sampling+
water_flow,Water,34355,by
water_flow,Water,78922,by
water_flow,Water,7312,sampling+
water_flow,Water,413854,cc0
water_flow,Water,179899,cc0
water_flow,Water,179900,cc0
water_flow,Water,179904,cc0
water_flow,Water,340218,by
water_flow,Water,55059,cc0
water_flow,Water,238360,cc0
water_flow,Water,401719,cc0
water_flow,Water,53601,by-nc
water_flow,Water,245674,cc0
water_flow,Water,392663,cc0
water_flow,Water,71602,by
water_flow,Water,28284,by-nc
water_flow,Water,329909,cc0
water_flow,Water,18663,by
water_flow,Water,207473,cc0
water_flow,Water,120695,by
water_flow,Water,395207,cc0
water_flow,Water,395222,cc0
water_flow,Water,352962,cc0
water_flow,Water,80558,sampling+
water_flow,Water,52259,by
water_flow,Water,253763,cc0
water_flow,Water,74306,by
water_flow,Water,103597,by-nc
water_flow,Water,213583,by-nc
water_flow,Water,26247,sampling+
water_flow,Water,343367,by
water_flow,Water,109083,by
water_flow,Water,362357,by
water_flow,Water,424726,by
water_flow,Water,410825,by
water_flow,Water,250646,cc0
water_flow,Water,129296,by
water_flow,Water,336404,cc0
water_flow,Water,336406,cc0
water_flow,Water,336407,cc0
water_flow,Water,336408,cc0
water_flow,Water,336409,cc0
water_flow,Water,336410,cc0
water_flow,Water,336411,cc0
water_flow,Water,336412,cc0
water_flow,Water,336413,cc0
water_flow,Water,336414,cc0
water_flow,Water,336415,cc0
water_flow,Water,234528,cc0
water_flow,Water,336416,cc0
water_flow,Water,336417,cc0
water_flow,Water,336418,cc0
water_flow,Water,336420,cc0
water_flow,Water,336421,cc0
water_flow,Water,336422,cc0
water_flow,Water,68915,by-nc
water_flow,Water,20796,by-nc
water_flow,Water,273987,by-nc
water_flow,Water,273988,by-nc
water_flow,Water,257349,cc0
water_flow,Water,273994,by-nc
water_flow,Water,273997,by-nc
water_flow,Water,273998,by-nc
water_flow,Water,273999,by-nc
water_flow,Water,274000,by-nc
water_flow,Water,274001,by-nc
water_flow,Water,274005,by-nc
water_flow,Water,46934,by
water_flow,Water,274011,by-nc
water_flow,Water,216924,by
water_flow,Water,112741,cc0
water_flow,Water,274023,by-nc
water_flow,Water,16746,by
water_flow,Water,16747,by
water_flow,Water,16748,by
water_flow,Water,12653,by
water_flow,Water,16749,by
water_flow,Water,387949,cc0
water_flow,Water,16750,by
water_flow,Water,16751,by
water_flow,Water,16752,by
water_flow,Water,7795,by-nc
water_flow,Water,420220,cc0
water_flow,Water,420221,cc0
water_flow,Water,30341,by
water_flow,Water,30342,by
water_flow,Water,386437,cc0
water_flow,Water,335749,cc0
water_flow,Water,386440,cc0
water_flow,Water,274062,by-nc
water_flow,Water,260243,by-nc
water_flow,Water,166315,cc0
water_flow,Water,166316,cc0
water_flow,Water,395181,by
water_flow,Water,166317,cc0
water_flow,Water,166318,cc0
water_flow,Water,166320,cc0
water_flow,Water,166321,cc0
water_flow,Water,166322,cc0
water_flow,Water,166319,cc0
water_flow,Water,166325,cc0
water_flow,Water,155833,by
water_flow,Water,46267,by
water_flow,Water,46268,by
water_flow,Water,46269,by
water_flow,Water,46270,by
water_flow,Water,46271,by
water_flow,Water,273868,cc0
water_flow,Water,273869,cc0
water_flow,Water,273870,cc0
water_flow,Water,422872,cc0
water_flow,Water,149721,by
water_flow,Water,149722,by
water_flow,Water,56286,by
water_flow,Water,240607,by
water_flow,Water,68324,cc0
water_flow,Water,68326,cc0
water_flow,Water,68327,cc0
water_flow,Water,68328,cc0
water_flow,Water,68329,cc0
water_flow,Water,406761,cc0
water_flow,Water,406763,cc0
water_flow,Water,406760,cc0
water_flow,Water,68330,cc0
water_flow,Water,406759,cc0
water_flow,Water,406767,cc0
water_flow,Water,406762,cc0
water_flow,Water,406770,cc0
water_flow,Water,406773,cc0
water_flow,Water,415484,by
water_flow,Water,200972,cc0
water_flow,Water,234877,by
water_flow,Water,267221,by
water_flow,Water,197871,cc0
water_flow,Water,197885,cc0
water_flow,Water,197886,cc0
water_flow,Water,197900,cc0
water_flow,Water,394792,cc0
water_flow,Water,52295,cc0
water_flow,Water,205832,by-nc
water_flow,Water,351623,cc0
water_flow,Water,410335,cc0
water_flow,Water,47385,cc0
water_flow,Water,47388,cc0
water_flow,Water,269343,cc0
water_flow,Water,162208,cc0
water_flow,Water,259499,cc0
water_flow,Water,79873,cc0
water_flow,Water,249872,by-nc
water_flow,Water,176163,by
water_flow,Water,213032,by
water_flow,Water,243757,cc0
water_flow,Water,165935,by
water_flow,Water,323638,cc0
water_flow,Water,243774,cc0
water_flow,Water,327767,cc0
water_flow,Water,327769,cc0
water_flow,Water,249950,by
water_flow,Water,34930,cc0
water_flow,Water,141440,cc0
water_flow,Water,413833,by
water_flow,Water,202898,cc0
water_flow,Water,387225,cc0
water_flow,Water,237725,cc0
water_flow,Water,237730,cc0
water_flow,Water,237731,cc0
water_flow,Water,237732,cc0
water_flow,Water,346275,cc0
water_flow,Water,41134,sampling+
water_flow,Water,41135,sampling+
water_flow,Water,434352,cc0
water_flow,Water,98489,cc0
water_flow,Water,360638,cc0
water_flow,Water,424136,cc0
water_flow,Water,30936,cc0
water_flow,Water,116961,by
water_flow,Water,67828,by
water_flow,Water,319734,by
water_flow,Water,250107,by
water_flow,Water,250108,by
water_flow,Water,53505,by
water_flow,Water,16649,by-nc
water_flow,Water,16652,by-nc
water_flow,Water,157965,by-nc
water_flow,Water,129298,by
water_flow,Water,129303,by
water_flow,Water,194849,cc0
water_flow,Water,418084,cc0
water_flow,Water,248110,by
water_flow,Water,418099,cc0
water_flow,Water,244028,cc0
water_flow,Water,352574,by
water_flow,Water,151875,by
water_flow,Water,334148,by
water_flow,Water,334149,by
water_flow,Water,334150,by
water_flow,Water,334147,by
water_flow,Water,22861,sampling+
water_flow,Water,432468,cc0
water_flow,Water,244053,cc0
water_flow,Water,244054,cc0
water_flow,Water,244055,cc0
water_flow,Water,194904,by
water_flow,Water,344434,by
water_flow,Water,18809,by
water_flow,Water,268674,by
water_flow,Water,178571,cc0
water_flow,Water,22926,by
water_flow,Water,22927,by
water_flow,Water,22928,by
water_flow,Water,201105,by
water_flow,Water,22931,by
water_flow,Water,332180,cc0
water_flow,Water,22935,by
water_flow,Water,22938,by
water_flow,Water,115108,sampling+
water_flow,Water,182711,cc0
water_flow,Water,336314,cc0
water_flow,Water,274877,cc0
water_flow,Water,319934,cc0
water_flow,Water,338372,cc0
water_flow,Water,379340,cc0
water_flow,Water,365007,cc0
water_flow,Water,426447,by
water_flow,Water,96727,cc0
water_flow,Water,96728,cc0
water_flow,Water,37336,by
water_flow,Water,37342,by
water_flow,Water,33246,sampling+
water_flow,Water,203232,cc0
water_flow,Water,37345,by
water_flow,Water,37347,by
water_flow,Water,37349,by
water_flow,Water,37350,by
water_flow,Water,37351,by
water_flow,Water,37352,by
water_flow,Water,37353,by
water_flow,Water,37354,by
water_flow,Water,37355,by
water_flow,Water,37358,by
water_flow,Water,37359,by
water_flow,Water,37363,by
water_flow,Water,37364,by
water_flow,Water,399870,cc0
water_flow,Water,391683,by
water_flow,Water,391684,by
water_flow,Water,391685,by
water_flow,Water,391686,by
water_flow,Water,391687,by
water_flow,Water,391690,by
water_flow,Water,391691,by
water_flow,Water,391694,by
water_flow,Water,70170,by
water_flow,Water,365091,by-nc
water_flow,Water,23086,by
water_flow,Water,23087,by
water_flow,Water,76336,by-nc
water_flow,Water,320049,by
water_flow,Water,352823,by
water_flow,Water,172605,by
water_flow,Water,350811,by
water_flow,Water,350812,by
water_flow,Water,420469,cc0
water_flow,Water,17057,cc0
water_flow,Water,395937,cc0
water_flow,Water,37542,sampling+
water_flow,Water,37544,sampling+
water_flow,Water,84669,by
water_flow,Water,84670,by
water_flow,Water,84671,by
water_flow,Water,84673,by
water_flow,Water,426690,by
water_flow,Water,84675,by
water_flow,Water,84676,by
water_flow,Water,328391,cc0
water_flow,Water,84680,by
water_flow,Water,84681,by
water_flow,Water,84682,by
water_flow,Water,84683,by
water_flow,Water,84684,by
water_flow,Water,84685,by
water_flow,Water,432845,by
water_flow,Water,432846,by
water_flow,Water,320200,by
water_flow,Water,180949,cc0
water_flow,Water,60127,by
water_flow,Water,359151,by-nc
water_flow,Water,240368,cc0
water_flow,Water,86769,by
water_flow,Water,363252,cc0
water_flow,Water,369398,cc0
water_flow,Water,332543,cc0
water_flow,Water,17153,by
water_flow,Water,17154,by
water_flow,Water,162569,by-nc
water_flow,Water,193333,cc0
water_flow,Water,324417,cc0
water_flow,Water,369492,cc0
water_flow,Water,369494,cc0
water_flow,Water,404317,by-nc
water_flow,Water,232288,cc0
water_flow,Water,424809,cc0
water_flow,Water,426860,by
water_flow,Water,35702,by
water_flow,Water,35703,by
water_flow,Water,50053,cc0
water_flow,Water,50054,cc0
water_flow,Water,50056,cc0
water_flow,Water,50057,cc0
water_flow,Water,50058,cc0
water_flow,Water,50059,cc0
water_flow,Water,50061,cc0
water_flow,Water,367510,by
water_flow,Water,74679,by
water_flow,Water,203718,by
water_flow,Water,345032,cc0
water_flow,Water,244693,cc0
water_flow,Water,29675,by
water_flow,Water,320520,cc0
water_flow,Water,377877,by-nc
water_flow,Water,377878,by-nc
water_flow,Water,377880,by-nc
water_flow,Water,238626,cc0
water_flow,Water,203830,cc0
water_flow,Water,199752,by
water_flow,Water,199753,by
water_flow,Water,199754,by
water_flow,Water,199755,by-nc
water_flow,Water,416844,by
water_flow,Water,240718,cc0
water_flow,Water,201810,cc0
water_flow,Water,123987,by
water_flow,Water,238689,cc0
water_flow,Water,238690,cc0
water_flow,Water,68718,by
water_flow,Water,68719,by
water_flow,Water,9330,by-nc
water_flow,Water,189556,by
water_flow,Water,167034,cc0
water_flow,Water,275597,by
water_flow,Water,275598,by
water_flow,Water,275599,by
water_flow,Water,85141,by
water_flow,Water,240790,cc0
water_flow,Water,109719,by-nc
water_flow,Water,85142,by
water_flow,Water,351385,by-nc
water_flow,Water,351389,by-nc
water_flow,Water,351390,by-nc
water_flow,Water,351391,by-nc
water_flow,Water,351392,by-nc
water_flow,Water,351393,by-nc
water_flow,Water,351394,by-nc
water_flow,Water,347303,by
water_flow,Water,50362,by-nc
water_flow,Water,50363,by-nc
water_flow,Water,50364,by-nc
water_flow,Water,50365,by-nc
water_flow,Water,50366,by-nc
water_flow,Water,50367,by-nc
water_flow,Water,50368,by-nc
water_flow,Water,50369,by-nc
water_flow,Water,50370,by-nc
water_flow,Water,431299,by-nc
water_flow,Water,244931,by
water_flow,Water,50372,by-nc
water_flow,Water,36056,by
water_flow,Water,36062,by
water_flow,Water,50411,sampling+
water_flow,Water,277749,by
water_flow,Water,74998,by
water_flow,Water,380153,cc0
water_flow,Water,394489,by-nc
water_flow,Water,347393,by-nc
water_flow,Water,158980,by
water_flow,Water,158981,by
water_flow,Water,158982,by
water_flow,Water,158984,by
water_flow,Water,158986,by
water_flow,Water,158987,by
water_flow,Water,158989,by
water_flow,Water,34067,by
water_flow,Water,34068,by
water_flow,Water,34069,by
water_flow,Water,34072,by
water_flow,Water,34073,by
water_flow,Water,328995,cc0
water_flow,Water,242981,by-nc
water_flow,Water,101676,cc0
water_flow,Water,341331,cc0
water_flow,Water,341333,cc0
water_flow,Water,21847,cc0
water_flow,Water,363868,cc0
water_flow,Water,11617,by
water_flow,Water,189794,cc0
water_flow,Water,11619,by
water_flow,Water,66948,by
water_flow,Water,222601,by-nc
water_flow,Water,398737,cc0
water_flow,Water,195985,by
water_flow,Water,398738,cc0
water_flow,Water,398739,cc0
water_flow,Water,398741,cc0
water_flow,Water,398742,cc0
water_flow,Water,265627,cc0
water_flow,Water,64945,sampling+
water_flow,Water,165299,by
water_flow,Water,99770,by
water_flow,Water,159173,cc0
water_flow,Water,433614,cc0
water_flow,Water,163287,by-nc
water_flow,Water,394715,by
water_flow,Water,316891,by
water_flow,Water,316894,by
water_flow,Water,316895,by
water_flow,Water,136690,by
water_flow,Water,431603,cc0
water_flow,Water,136691,by
water_flow,Water,191992,cc0
water_flow,Water,17921,by
water_flow,Water,415236,cc0
water_flow,Water,22033,cc0
water_flow,Water,120345,by
water_flow,Water,321051,by
water_flow,Water,427549,cc0
water_flow,Water,120352,by
water_flow,Water,241195,cc0
water_flow,Water,259627,by
water_flow,Water,259650,by
water_flow,Water,81487,by
water_flow,Water,20048,by
water_flow,Water,427602,cc0
water_flow,Water,34390,sampling+
water_flow,Water,73315,by
water_flow,Water,401013,cc0
water_flow,Water,97916,by
water_flow,Water,392830,cc0
water_flow,Water,333441,cc0
water_flow,Water,56961,by
water_flow,Water,56963,by
water_flow,Water,245385,cc0
water_flow,Water,362131,by
water_flow,Water,124587,by
water_flow,Water,59053,by
water_flow,Water,54964,cc0
water_flow,Water,394934,cc0
water_flow,Water,394936,cc0
water_flow,Water,333509,cc0
water_flow,Water,251626,by
water_flow,Water,251629,by
water_flow,Water,251630,by
water_flow,Water,251631,by
water_flow,Water,251632,by
water_flow,Water,251633,by
water_flow,Water,110322,by
water_flow,Water,110323,by
water_flow,Water,110324,by
water_flow,Water,118514,cc0
water_flow,Water,251634,by
water_flow,Water,251635,by
water_flow,Water,161545,by
water_flow,Water,392980,cc0
water_flow,Water,382752,cc0
water_flow,Water,341802,by
water_flow,Water,134956,cc0
water_flow,Water,134957,cc0
water_flow,Water,65338,by
water_flow,Water,137022,cc0
water_flow,Water,345920,by-nc
water_flow,Water,139094,cc0
water_flow,Water,61285,by-nc
water_flow,Water,360296,by
water_flow,Water,360297,cc0
water_flow,Water,262005,cc0
water_flow,Water,120698,by
water_flow,Water,120699,by
water_flow,Water,325503,cc0
water_flow,Water,360328,by
water_flow,Water,202636,cc0
water_flow,Water,167828,cc0
water_flow,Water,360340,cc0
water_flow,Water,106393,cc0
water_flow,Water,192439,cc0
water_flow,Water,135104,cc0
water_flow,Water,20418,by-nc
water_flow,Water,405460,cc0
water_flow,Water,34777,by
water_flow,Water,321508,by
water_flow,Water,432101,cc0
water_flow,Water,237542,cc0
water_flow,Water,274406,by-nc
water_flow,Water,432102,cc0
water_flow,Water,432105,cc0
water_flow,Water,28650,by
water_flow,Water,28649,by
water_flow,Water,42988,by
water_flow,Water,405481,cc0
water_flow,Water,28648,by
water_flow,Water,432104,cc0
water_flow,Water,79866,cc0
water_flow,Water,379755,by
water_flow,Water,270918,cc0
water_flow,Water,323426,cc0
water_flow,Water,323427,cc0
water_flow,Water,392668,cc0
water_flow,Water,72223,by
water_flow,Water,349403,by-nc
water_flow,Water,394152,by
water_flow,Water,395463,by
water_flow,Water,402506,by
water_flow,Water,245678,cc0
water_flow,Water,245680,cc0
water_flow,Water,245684,cc0
water_flow,Water,352961,cc0
water_flow,Water,79360,sampling+
water_flow,Water,379906,cc0
water_flow,Water,209925,by-nc
water_flow,Water,121351,cc0
water_flow,Water,275982,by-nc
water_flow,Water,111639,cc0
water_flow,Water,75288,sampling+
water_flow,Water,271897,by
water_flow,Water,273434,by
water_flow,Water,320028,by
water_flow,Water,320029,by
water_flow,Water,320035,by
water_flow,Water,100390,by
water_flow,Water,190506,cc0
water_flow,Water,58413,by
water_flow,Water,34361,by
water_flow,Water,394304,cc0
water_flow,Water,60995,by
water_flow,Water,60996,by
water_flow,Water,118857,by
water_flow,Water,412748,cc0
water_flow,Water,146008,cc0
water_flow,Water,419929,cc0
water_flow,Water,187999,by-nc
water_flow,Water,341602,by-nc
water_flow,Water,341604,by-nc
water_flow,Water,268901,by
water_flow,Water,17509,by
water_flow,Water,403047,cc0
water_flow,Water,341605,by-nc
water_flow,Water,403049,cc0
water_flow,Water,403048,cc0
water_flow,Water,149611,by
water_flow,Water,213611,by
water_flow,Water,97386,by
water_flow,Water,94830,by
water_flow,Water,149614,by
water_flow,Water,9331,by-nc
water_flow,Water,398470,cc0
water_flow,Water,104074,by-nc
water_flow,Water,127115,by
water_flow,Water,362125,by-nc
water_flow,Water,171668,by
water_flow,Water,171669,by
water_flow,Water,98454,cc0
water_flow,Water,104600,by-nc
water_flow,Water,85657,by
water_flow,Water,215706,cc0
water_flow,Water,215707,cc0
water_flow,Water,215708,cc0
water_flow,Water,215709,cc0
water_flow,Water,215710,cc0
water_flow,Water,331416,by-nc
water_flow,Water,316585,cc0
water_flow,Water,178857,cc0
water_flow,Water,94380,by
water_flow,Water,212146,cc0
water_flow,Water,75959,by
water_flow,Water,336064,by
water_flow,Water,411843,cc0
water_flow,Water,411844,cc0
water_flow,Water,336068,by
water_flow,Water,164039,cc0
water_flow,Water,420554,cc0
water_flow,Water,420556,cc0
water_flow,Water,420557,cc0
water_flow,Water,150225,by
water_flow,Water,66787,by
water_flow,Water,342253,by
water_flow,Water,13552,by-nc
water_flow,Water,153329,cc0
water_flow,Water,319218,cc0
water_flow,Water,153331,cc0
water_flow,Water,319220,cc0
water_flow,Water,157941,by-nc
water_flow,Water,50933,by
water_flow,Water,50932,by
water_flow,Water,173310,by
water_flow,Water,191234,cc0
water_flow,Water,369927,cc0
water_flow,Water,411912,by
water_flow,Water,157963,by-nc
water_flow,Water,110351,by
water_flow,Water,110352,by
water_flow,Water,110353,by
water_flow,Water,341781,by-nc
water_flow,Water,381208,by
water_flow,Water,178457,cc0
water_flow,Water,381216,by
water_flow,Water,201507,by
water_flow,Water,156969,cc0
water_flow,Water,271145,cc0
water_flow,Water,135473,cc0
water_flow,Water,432434,by
water_flow,Water,20787,by
water_flow,Water,20788,by
water_flow,Water,432437,by
water_flow,Water,386870,by
water_flow,Water,432439,by
water_flow,Water,432440,by
water_flow,Water,147769,by
water_flow,Water,432441,by
water_flow,Water,346429,by
water_flow,Water,130368,cc0
water_flow,Water,130369,cc0
water_flow,Water,335687,by
water_flow,Water,216392,by
water_flow,Water,145229,by
water_flow,Water,265036,cc0
water_flow,Water,45396,sampling+
water_flow,Water,216405,by
water_flow,Water,212820,by
water_flow,Water,212826,by
water_flow,Water,212827,by
water_flow,Water,361309,cc0
water_flow,Water,410989,cc0
water_flow,Water,59251,cc0
water_flow,Water,341876,cc0
water_flow,Water,243574,by
water_flow,Water,205177,cc0
water_flow,Water,116090,by-nc
water_flow,Water,207231,by
water_flow,Water,349063,cc0
water_flow,Water,349067,cc0
water_flow,Water,349068,cc0
water_flow,Water,38285,by
water_flow,Water,250252,cc0
water_flow,Water,349071,cc0
water_flow,Water,349076,cc0
water_flow,Water,53660,sampling+
water_flow,Water,187293,cc0
water_flow,Water,17821,sampling+
water_flow,Water,58271,by
water_flow,Water,182687,by
water_flow,Water,262050,by-nc
water_flow,Water,262051,by-nc
water_flow,Water,262052,by-nc
water_flow,Water,262053,by-nc
water_flow,Water,262054,by-nc
water_flow,Water,202149,cc0
water_flow,Water,262055,by-nc
water_flow,Water,202150,cc0
water_flow,Water,238506,cc0
water_flow,Water,330667,cc0
water_flow,Water,415151,cc0
water_flow,Water,245679,cc0
water_flow,Water,76207,by
water_flow,Water,399797,cc0
water_flow,Water,327094,by
water_flow,Water,245685,cc0
water_flow,Water,36291,sampling+
water_flow,Water,258005,cc0
water_flow,Water,319964,by-nc
water_flow,Water,279007,by
water_flow,Water,320480,cc0
water_flow,Water,49633,by
water_flow,Water,320481,cc0
water_flow,Water,279008,by
water_flow,Water,320483,cc0
water_flow,Water,320482,cc0
water_flow,Water,38388,by
water_flow,Water,180731,cc0
water_flow,Water,395417,cc0
water_flow,Water,406325,cc0
water_flow,Water,405138,cc0
water_flow,Water,405137,cc0
water_flow,Water,398345,by
water_flow,Water,395245,cc0
water_flow,Water,336848,by
water_flow,Water,338076,by
water_flow,Water,338077,by
water_flow,Water,338080,by
water_flow,Water,389158,by-nc
water_flow,Water,389159,by-nc
water_flow,Water,389160,by-nc
water_flow,Water,326195,by-nc
water_flow,Water,64368,by-nc
water_flow,Water,381197,cc0
water_flow,Water,80732,by
water_flow,Water,434345,cc0
water_flow,Water,420482,cc0
water_flow,Water,190594,cc0
water_flow,Water,345997,by
water_flow,Water,432782,by
water_flow,Water,424787,by
water_flow,Water,170897,by-nc
water_flow,Water,170898,by-nc
water_flow,Water,331701,by
water_flow,Water,331702,by
water_flow,Water,184622,cc0
water_flow,Water,43778,by
water_flow,Water,390153,cc0
water_flow,Water,240691,cc0
water_flow,Water,213581,by-nc
water_flow,Water,390252,by-nc
water_flow,Water,13564,by-nc
water_flow,Water,111305,by
water_flow,Water,23246,by-nc
water_flow,Water,344535,by
water_flow,Water,378860,cc0
water_flow,Water,424728,by
water_flow,Water,337506,by
water_flow,Water,353319,by
water_flow,Water,70932,sampling+
water_flow,Water,108423,cc0
water_flow,Water,198319,by
water_flow,Water,332658,cc0
water_flow,Water,322951,by
water_flow,Water,219474,cc0
water_flow,Water,425873,by
water_flow,Water,60593,by
water_flow,Water,392647,cc0
water_flow,Water,344755,by
water_flow,Water,174624,cc0
water_flow,Water,368916,by
water_flow,Water,368917,by
water_flow,Water,57878,by
water_flow,Water,368918,by
water_flow,Water,368919,by
water_flow,Water,57881,by
water_flow,Water,368915,by
water_flow,Water,55060,cc0
water_flow,Water,238362,by
water_flow,Water,238364,by
water_flow,Water,253726,by-nc
water_flow,Water,70946,by
water_flow,Water,71719,by
water_flow,Water,320300,by
water_flow,Water,164911,cc0
water_flow,Water,58159,by-nc
water_flow,Water,58160,by-nc
water_flow,Water,58161,by-nc
water_flow,Water,58162,by-nc
water_flow,Water,58164,by-nc
water_flow,Water,58165,by-nc
water_flow,Water,58166,by-nc
water_flow,Water,372020,cc0
water_flow,Water,57175,by-nc
water_flow,Water,57176,by-nc
water_flow,Water,128093,cc0
water_flow,Water,262754,by
water_flow,Water,259173,by
water_flow,Water,388970,by
water_flow,Water,393584,by
water_flow,Water,256895,by-nc
water_flow,Water,31107,cc0
water_flow,Water,36746,cc0
water_flow,Water,259217,by
water_flow,Water,236952,cc0
water_flow,Water,393632,by
water_flow,Water,254130,cc0
water_flow,Water,60850,sampling+
water_flow,Water,397235,by
water_flow,Water,127669,by-nc
water_flow,Water,82103,cc0
water_flow,Water,276923,by
water_flow,Water,324546,cc0
water_flow,Water,75978,by
water_flow,Water,75980,by
water_flow,Water,75981,by
water_flow,Water,75982,by
water_flow,Water,81869,sampling+
water_flow,Water,394962,by
water_flow,Water,405459,cc0
water_flow,Water,176600,by
water_flow,Water,176601,by
water_flow,Water,176602,by
water_flow,Water,75996,by
water_flow,Water,405468,cc0
water_flow,Water,405469,cc0
water_flow,Water,156128,cc0
water_flow,Water,231908,by
water_flow,Water,423399,by-nc
water_flow,Water,231912,by
water_flow,Water,147182,by
water_flow,Water,231917,by
water_flow,Water,174579,by
water_flow,Water,405492,cc0
water_flow,Water,399351,cc0
water_flow,Water,194557,by
water_flow,Water,194558,by
water_flow,Water,14880,by-nc
water_flow,Water,108424,cc0
water_flow,Water,220303,by
water_flow,Water,395639,cc0
water_flow,Water,219473,cc0
water_flow,Water,219475,cc0
water_flow,Water,222878,cc0
water_flow,Water,222879,cc0
water_flow,Water,118059,by
water_flow,Water,195876,cc0
water_flow,Water,195877,cc0
water_flow,Water,51414,by
water_flow,Water,51415,by
water_flow,Water,144275,cc0
water_flow,Water,98762,by
water_flow,Water,98770,by
water_flow,Water,98775,by
water_flow,Water,98778,by
water_flow,Water,98779,by
water_flow,Water,98780,by
water_flow,Water,98781,by
water_flow,Water,98786,by
water_flow,Water,98788,by
water_flow,Water,98792,by
water_flow,Water,340295,cc0
water_flow,Water,100018,by
water_flow,Water,170746,by
water_flow,Water,103955,by
water_flow,Water,42709,by
water_flow,Water,17128,sampling+
water_flow,Water,43788,by
water_flow,Water,219415,by
water_flow,Water,198318,by
water_flow,Water,198240,by
water_flow,Water,188510,cc0
water_flow,Water,137028,cc0
water_flow,Water,353184,by
water_flow,Water,98855,by
water_flow,Water,337467,by
water_flow,Water,337468,by
water_flow,Water,337469,by
water_flow,Water,337470,by
water_flow,Water,337471,by
water_flow,Water,337472,by
water_flow,Water,337473,by
water_flow,Water,337474,by
water_flow,Water,337475,by
water_flow,Water,337476,by
water_flow,Water,337477,by
water_flow,Water,337478,by
water_flow,Water,337479,by
water_flow,Water,337482,by
water_flow,Water,337483,by
water_flow,Water,337484,by
water_flow,Water,337485,by
water_flow,Water,337486,by
water_flow,Water,162894,cc0
water_flow,Water,337488,by
water_flow,Water,337489,by
water_flow,Water,337490,by
water_flow,Water,337487,by
water_flow,Water,337491,by
water_flow,Water,337494,by
water_flow,Water,337493,by
water_flow,Water,337495,by
water_flow,Water,337497,by
water_flow,Water,337498,by
water_flow,Water,337499,by
water_flow,Water,337500,by
water_flow,Water,337501,by
water_flow,Water,337502,by
water_flow,Water,337503,by
water_flow,Water,337504,by
water_flow,Water,337505,by
water_flow,Water,337507,by
water_flow,Water,337508,by
water_flow,Water,337509,by
water_flow,Water,337510,by
water_flow,Water,337511,by
water_flow,Water,337512,by
water_flow,Water,337513,by
water_flow,Water,337514,by
water_flow,Water,337515,by
water_flow,Water,337516,by
water_flow,Water,337517,by
water_flow,Water,337518,by
water_flow,Water,106098,by
water_flow,Water,234611,by
water_flow,Water,91514,by
water_flow,Water,69245,by
water_flow,Water,200349,cc0
water_flow,Water,64182,by
water_flow,Water,80595,by
water_flow,Water,68312,by
water_flow,Water,344537,by
water_flow,Water,60386,cc0
water_flow,Water,199653,cc0
water_flow,Water,337496,by
water_flow,Water,108788,by
water_flow,Water,167454,cc0
water_flow,Water,233589,by
water_flow,Water,317654,cc0
water_flow,Water,317656,cc0
water_flow,Water,423959,cc0
water_flow,Water,411761,cc0
water_flow,Water,209576,cc0
water_flow,Water,34860,sampling+
water_flow,Water,157184,by
water_flow,Water,351745,by
water_flow,Water,351746,by
water_flow,Water,270852,by-nc
water_flow,Water,279047,cc0
water_flow,Water,410623,by
water_flow,Water,396321,by
water_flow,Water,220714,by
water_flow,Water,58415,sampling+
water_flow,Water,363055,by
water_flow,Water,58416,sampling+
water_flow,Water,58418,sampling+
water_flow,Water,21063,by-nc
water_flow,Water,213582,by-nc
water_flow,Water,61011,by
water_flow,Water,61012,by
water_flow,Water,61014,by
water_flow,Water,397398,by
water_flow,Water,62554,sampling+
water_flow,Water,62556,sampling+
water_flow,Water,62557,sampling+
water_flow,Water,62558,sampling+
water_flow,Water,333923,cc0
water_flow,Water,234084,by
water_flow,Water,234085,by
water_flow,Water,333924,cc0
water_flow,Water,234086,by
water_flow,Water,88168,cc0
water_flow,Water,234087,by
water_flow,Water,234090,by
water_flow,Water,234088,by
water_flow,Water,88169,cc0
water_flow,Water,363114,cc0
water_flow,Water,234091,by
water_flow,Water,234092,by
water_flow,Water,234093,by
water_flow,Water,363118,cc0
water_flow,Water,234089,by
water_flow,Water,425072,cc0
water_flow,Water,234096,by
water_flow,Water,234097,by
water_flow,Water,425073,cc0
water_flow,Water,234099,by
water_flow,Water,9332,by-nc
water_flow,Water,234098,by
water_flow,Water,425074,cc0
water_flow,Water,363117,cc0
water_flow,Water,350852,by-nc
water_flow,Water,58501,by
water_flow,Water,58503,by
water_flow,Water,58504,by
water_flow,Water,41107,by
water_flow,Water,236695,cc0
water_flow,Water,77466,cc0
water_flow,Water,77467,cc0
water_flow,Water,395420,by
water_flow,Water,77468,cc0
water_flow,Water,320166,by-nc
water_flow,Water,253610,cc0
water_flow,Water,8369,by-nc
water_flow,Water,8370,by-nc
water_flow,Water,8371,by-nc
water_flow,Water,8372,by-nc
water_flow,Water,103605,by-nc
water_flow,Water,427702,by-nc
water_flow,Water,103606,by-nc
water_flow,Water,234095,by
water_flow,Water,323781,cc0
water_flow,Water,190667,by
water_flow,Water,410832,by
water_flow,Water,347862,by-nc
water_flow,Water,317658,cc0
water_flow,Water,250588,by
water_flow,Water,425701,cc0
water_flow,Water,202489,by-nc
water_flow,Water,411917,by
water_flow,Water,395032,by
water_flow,Water,404762,cc0
water_flow,Water,238363,by
water_flow,Water,320294,by
water_flow,Water,320295,by
water_flow,Water,347432,cc0
water_flow,Water,320296,by
water_flow,Water,320298,by
water_flow,Water,320301,by
water_flow,Water,320297,by
water_flow,Water,320303,by
water_flow,Water,320305,by
water_flow,Water,320306,by
water_flow,Water,320307,by
water_flow,Water,320309,by
water_flow,Water,80700,by-nc
water_flow,Water,258376,by
water_flow,Water,187724,by
water_flow,Water,378707,by
water_flow,Water,378708,by
water_flow,Water,378709,by
water_flow,Water,19799,by
water_flow,Water,345432,by-nc
water_flow,Water,378713,by
water_flow,Water,378714,by
water_flow,Water,21851,by
water_flow,Water,368476,by-nc
water_flow,Water,212828,by
water_flow,Water,82270,cc0
water_flow,Water,56695,by-nc
water_flow,Water,326021,by
water_flow,Water,326025,by
water_flow,Water,326026,by
water_flow,Water,326027,by
water_flow,Water,326028,by
water_flow,Water,392078,by
water_flow,Water,326031,by
water_flow,Water,203159,by
water_flow,Water,203160,by
water_flow,Water,245676,cc0
water_flow,Water,222638,cc0
water_flow,Water,263600,by
water_flow,Water,245681,cc0
water_flow,Water,245683,cc0
water_flow,Water,245686,cc0
water_flow,Water,102852,by
water_flow,Water,167369,by
water_flow,Water,376796,cc0
water_flow,Water,376797,cc0
water_flow,Water,386526,by
water_flow,Water,376799,cc0
water_flow,Water,267245,by
water_flow,Water,263152,by
water_flow,Water,263153,by
water_flow,Water,263154,by
water_flow,Water,263155,by
water_flow,Water,231930,by
water_flow,Water,79355,by-nc
water_flow,Water,157183,by
water_flow,Water,61287,by
water_flow,Water,170848,by
water_flow,Water,380664,cc0
water_flow,Water,146947,by
water_flow,Water,235525,by
water_flow,Water,110625,by
water_flow,Water,404010,by
water_flow,Water,223279,by
water_flow,Water,196145,by
water_flow,Water,94290,cc0
water_flow,Water,168030,by
water_flow,Water,2155,by
water_flow,Water,15473,by
water_flow,Water,352902,cc0
water_flow,Water,352903,cc0
water_flow,Water,264842,by
water_flow,Water,179340,cc0
water_flow,Water,390285,cc0
water_flow,Water,69777,by-nc
water_flow,Water,179349,cc0
water_flow,Water,280219,cc0
water_flow,Water,280220,cc0
water_flow,Water,115364,by
water_flow,Water,147644,cc0
water_flow,Water,343743,cc0
water_flow,Water,9922,cc0
water_flow,Water,218843,cc0
water_flow,Water,59104,by
water_flow,Water,223968,by
water_flow,Water,59105,by
water_flow,Water,243425,by
water_flow,Water,383732,cc0
water_flow,Water,327438,by
water_flow,Water,83740,cc0
water_flow,Water,131357,cc0
water_flow,Water,261432,cc0
water_flow,Water,110393,by
water_flow,Water,352569,by
water_flow,Water,381243,cc0
water_flow,Water,316744,cc0
water_flow,Water,17751,by
water_flow,Water,148317,cc0
water_flow,Water,170847,by
water_flow,Water,108386,by-nc
water_flow,Water,108387,by-nc
water_flow,Water,71523,by
water_flow,Water,250770,by
water_flow,Water,273834,by
water_flow,Water,38341,sampling+
water_flow,Water,122823,by
water_flow,Water,32733,by
water_flow,Water,170464,by
water_flow,Water,369632,by
water_flow,Water,85475,by
water_flow,Water,60906,by
water_flow,Water,60907,by
water_flow,Water,60908,by
water_flow,Water,60909,by
water_flow,Water,60910,by
water_flow,Water,60911,by
water_flow,Water,60912,by
water_flow,Water,60913,by
water_flow,Water,60914,by
water_flow,Water,60915,by
water_flow,Water,60916,by
water_flow,Water,60917,by
water_flow,Water,60918,by
water_flow,Water,60919,by
water_flow,Water,60920,by
water_flow,Water,60921,by
water_flow,Water,255994,by-nc
water_flow,Water,327667,by-nc
water_flow,Water,176126,by
water_flow,Water,108018,sampling+
water_flow,Water,73257,cc0
water_flow,Water,424785,by
water_flow,Water,352374,cc0
water_flow,Water,329978,by
water_flow,Water,365102,by
water_flow,Water,409010,by-nc
water_flow,Water,263661,by
water_flow,Water,26922,by
water_flow,Water,30216,by
water_flow,Water,321594,cc0
water_flow,Water,26189,cc0
water_flow,Water,405070,cc0
water_flow,Water,121945,by
water_flow,Water,15474,by-nc
water_flow,Water,127119,by
water_flow,Water,127120,by
water_flow,Water,127126,by
water_flow,Water,396995,cc0
water_flow,Water,396485,cc0
water_flow,Water,417998,cc0
water_flow,Water,118999,cc0
water_flow,Water,393442,cc0
water_flow,Water,354025,cc0
water_flow,Water,17140,by
water_flow,Water,199926,cc0
water_flow,Water,86280,by-nc
water_flow,Water,144141,by
water_flow,Water,168730,cc0
water_flow,Water,117625,cc0
water_flow,Water,239492,by
water_flow,Water,16783,by
water_flow,Water,87963,cc0
water_flow,Water,122808,by
water_flow,Water,186335,by
water_flow,Water,2531,by
water_flow,Water,56306,cc0
water_flow,Water,91113,cc0
water_flow,Water,38272,cc0
water_flow,Water,64460,by
water_flow,Water,71666,cc0
water_flow,Water,122804,by
water_flow,Water,59462,cc0
water_flow,Water,381399,cc0
water_flow,Water,31776,by
water_flow,Water,390188,by
water_flow,Water,253606,cc0
water_flow,Water,161700,by
water_flow,Water,255951,by-nc
water_flow,Water,418356,cc0
water_flow,Water,191088,by
water_flow,Water,349392,cc0
water_flow,Water,349393,cc0
water_flow,Water,189773,cc0
water_flow,Water,327006,by-nc
water_flow,Water,29544,sampling+
water_flow,Water,204717,by-nc
water_flow,Water,31777,by
water_flow,Water,67114,cc0
water_flow,Water,23710,by
water_flow,Water,100,by
water_flow,Water,120027,by
water_flow,Water,44775,cc0
water_flow,Water,360884,by-nc
water_flow,Water,114503,by
water_flow,Water,16782,by
water_flow,Water,396483,cc0
water_flow,Water,37618,by
water_flow,Water,23442,by
water_flow,Water,367004,by-nc
water_flow,Water,343168,cc0
water_flow,Water,195522,cc0
water_flow,Water,377329,cc0
water_flow,Water,17083,by
water_flow,Water,110612,by
water_flow,Water,240230,cc0
water_flow,Water,34267,cc0
water_flow,Water,320062,cc0
water_flow,Water,338696,by-nc
water_flow,Water,414393,cc0
water_flow,Water,249324,cc0
water_flow,Water,240228,cc0
water_flow,Water,95085,by
water_flow,Water,123396,by
water_flow,Water,102684,by
water_flow,Water,400077,by
water_flow,Water,347854,cc0
water_flow,Water,379168,cc0
water_flow,Water,95086,by
water_flow,Water,400384,cc0
water_flow,Water,402549,cc0
water_flow,Water,320063,cc0
water_flow,Water,369989,cc0
water_flow,Water,342660,by
water_flow,Water,273331,cc0
water_flow,Water,47050,by
water_flow,Water,96079,cc0
water_flow,Water,366246,by-nc
water_flow,Water,101934,by
water_flow,Water,34269,cc0
water_flow,Water,115256,by
water_flow,Water,108456,cc0
water_flow,Water,178632,cc0
water_flow,Water,114521,by
water_flow,Water,316849,cc0
water_flow,Water,347853,cc0
water_flow,Water,119500,cc0
water_flow,Water,118087,sampling+
water_flow,Water,240079,cc0
water_flow,Water,238012,cc0
water_flow,Water,79886,by-nc
water_flow,Water,42978,cc0
water_flow,Water,122809,by
water_flow,Water,177156,by
water_flow,Water,400076,by
water_flow,Water,96078,cc0
water_flow,Water,328394,by-nc
water_flow,Water,427752,cc0
water_flow,Water,243971,by
water_flow,Water,424770,by
water_flow,Water,387904,cc0
water_flow,Water,343741,cc0
water_flow,Water,240229,cc0
water_flow,Water,396996,cc0
water_flow,Water,117302,cc0
water_flow,Water,110610,by
water_flow,Water,416961,cc0
water_flow,Water,83742,cc0
water_flow,Water,155147,cc0
water_flow,Water,320014,by
water_flow,Water,159761,cc0
water_flow,Water,110611,by
water_flow,Water,431639,cc0
water_flow,Water,54810,by
water_flow,Water,159777,by-nc
water_flow,Water,35366,by
water_flow,Water,35367,by
water_flow,Water,35368,by
water_flow,Water,73260,cc0
water_flow,Water,101933,by
water_flow,Water,56369,by
water_flow,Water,115251,by
water_flow,Water,115253,by
water_flow,Water,115254,by
water_flow,Water,35385,cc0
water_flow,Water,35386,cc0
water_flow,Water,101948,by
water_flow,Water,196669,by
water_flow,Water,196692,by
water_flow,Water,27221,by
water_flow,Water,121944,by
water_flow,Water,234075,by
water_flow,Water,256093,by
water_flow,Water,397408,cc0
water_flow,Water,397409,cc0
water_flow,Water,197738,cc0
water_flow,Water,390251,cc0
water_flow,Water,402547,cc0
water_flow,Water,382582,cc0
water_flow,Water,58488,by
water_flow,Water,58489,by
water_flow,Water,264826,cc0
water_flow,Water,390270,cc0
water_flow,Water,52353,by
water_flow,Water,93314,by-nc
water_flow,Water,101509,by
water_flow,Water,181896,cc0
water_flow,Water,215178,by
water_flow,Water,197259,by-nc
water_flow,Water,319122,cc0
water_flow,Water,127125,by
water_flow,Water,352419,cc0
water_flow,Water,256172,by
water_flow,Water,24754,by
water_flow,Water,202420,by-nc
water_flow,Water,21189,cc0
water_flow,Water,21190,cc0
water_flow,Water,169678,by
water_flow,Water,394959,cc0
water_flow,Water,400079,by
water_flow,Water,118995,cc0
water_flow,Water,36061,cc0
water_flow,Water,23779,by
water_flow,Water,21733,cc0
water_flow,Water,7397,by
water_flow,Water,354023,cc0
water_flow,Water,354024,cc0
water_flow,Water,161000,cc0
water_flow,Water,160999,cc0
water_flow,Water,423148,by
water_flow,Water,157433,cc0
water_flow,Water,134909,cc0
water_flow,Water,236292,cc0
water_flow,Water,236293,cc0
water_flow,Water,231686,cc0
water_flow,Water,403205,by
water_flow,Water,188681,cc0
water_flow,Water,319756,cc0
water_flow,Water,232731,cc0
water_flow,Water,200990,cc0
water_flow,Water,393513,by
water_flow,Water,128307,cc0
water_flow,Water,180536,by
water_flow,Water,86344,cc0
water_flow,Water,238937,by
water_flow,Water,40807,by
water_flow,Water,40808,by
water_flow,Water,26988,by
water_flow,Water,268148,by
water_flow,Water,418165,cc0
water_flow,Water,348024,cc0
water_flow,Water,337791,by
water_flow,Water,239489,by
water_flow,Water,239490,by
water_flow,Water,239493,by
water_flow,Water,37775,by
water_flow,Water,250772,by
water_flow,Water,176021,by
water_flow,Water,189337,cc0
water_flow,Water,242586,cc0
water_flow,Water,78236,by-nc
water_flow,Water,336798,by
water_flow,Water,161696,by
water_flow,Water,232357,by
water_flow,Water,319402,cc0
water_flow,Water,319403,cc0
water_flow,Water,122795,by
water_flow,Water,195504,by
water_flow,Water,25021,by
water_flow,Water,238013,by
water_flow,Water,238016,cc0
water_flow,Water,238017,cc0
water_flow,Water,24003,by
water_flow,Water,64458,by
water_flow,Water,64459,by
water_flow,Water,2525,by
water_flow,Water,2526,by
water_flow,Water,2529,by
water_flow,Water,2535,by
water_flow,Water,393703,cc0
water_flow,Water,231298,by
water_flow,Water,90793,by
water_flow,Water,218844,cc0
water_flow,Water,178900,by
water_flow,Water,399652,cc0
water_flow,Water,102908,by
water_flow,Water,82084,cc0
water_flow,Water,234056,by
water_flow,Water,17007,by-nc
water_flow,Water,243467,by
water_flow,Water,71519,by
water_flow,Water,223276,by
water_flow,Water,26402,by
water_flow,Water,403321,by
water_flow,Water,316778,cc0
water_flow,Water,203043,by
water_flow,Water,169183,cc0
water_flow,Water,254878,cc0
water_flow,Water,175141,by
water_flow,Water,95087,by
water_flow,Water,380040,cc0
water_flow,Water,243479,by
water_flow,Water,17741,by
water_flow,Water,321593,cc0
water_flow,Water,144556,cc0
water_flow,Water,223277,by
water_flow,Water,222752,cc0
water_flow,Water,425314,cc0
water_flow,Water,324179,cc0
water_flow,Water,424618,cc0
water_flow,Water,321592,cc0
water_flow,Water,110624,by
water_flow,Water,428075,by
water_flow,Water,179361,cc0
water_flow,Water,344679,cc0
water_flow,Water,119501,cc0
water_flow,Water,196665,by
water_flow,Water,137749,cc0
water_flow,Water,191152,by
water_flow,Water,421615,by
water_flow,Water,367812,cc0
water_flow,Water,402993,cc0
water_flow,Water,93306,by-nc
water_flow,Water,383775,cc0
water_flow,Water,17151,by
water_flow,Water,159492,by
water_flow,Water,54272,cc0
water_flow,Water,276279,cc0
water_flow,Water,108388,by-nc
water_flow,Water,231854,cc0
water_flow,Water,83741,cc0
water_flow,Water,179364,cc0
water_flow,Water,243480,by
water_flow,Water,352812,by
water_flow,Water,275468,cc0
water_flow,Water,43152,cc0
water_flow,Water,159493,by
water_flow,Water,347407,by-nc
water_flow,Water,261167,by
water_flow,Water,102952,by
water_flow,Water,378262,cc0
water_flow,Water,71521,by
water_flow,Water,233406,by
water_flow,Water,71522,by
water_flow,Water,398878,cc0
water_flow,Water,349388,cc0
water_flow,Water,83157,cc0
water_flow,Water,17008,by-nc
water_flow,Water,419119,cc0
water_flow,Water,58389,by-nc
water_flow,Water,75099,by
water_flow,Water,92023,by
water_flow,Water,76676,by
water_flow,Water,73223,by-nc
water_flow,Water,369557,by-nc
water_flow,Water,362770,cc0
water_flow,Water,396986,cc0
water_flow,Water,22377,by
water_flow,Water,220715,by
water_flow,Water,367808,cc0
water_flow,Water,379115,cc0
water_flow,Water,23707,by
water_flow,Water,93309,by-nc
water_flow,Water,424870,cc0
water_flow,Water,207131,cc0
water_flow,Water,56531,by
water_flow,Water,93307,by-nc
water_flow,Water,321737,cc0
water_flow,Water,56533,by
water_flow,Water,56532,by
water_flow,Water,58359,by
water_flow,Water,149249,cc0
water_flow,Water,194675,by
water_flow,Water,39052,cc0
water_flow,Water,193608,by-nc
water_flow,Water,15902,sampling+
water_flow,Water,261431,cc0
water_flow,Water,54514,cc0
water_flow,Water,352347,cc0
water_flow,Water,139768,cc0
water_flow,Water,223050,cc0
water_flow,Water,235554,cc0
water_flow,Water,360449,cc0
water_flow,Water,360450,cc0
water_flow,Water,350755,cc0
water_flow,Water,350759,cc0
water_flow,Water,117295,cc0
water_flow,Water,390287,cc0
water_flow,Water,364701,cc0
water_flow,Water,154881,cc0
water_flow,Water,391489,cc0
water_flow,Water,272216,cc0
water_flow,Water,104305,by-nc
water_flow,Water,52159,cc0
water_flow,Water,198893,by
water_flow,Water,339687,by-nc
water_flow,Water,34121,by-nc
water_flow,Water,345984,cc0
water_flow,Water,347006,cc0
water_flow,Water,390336,cc0
water_flow,Water,390157,cc0
water_flow,Water,360673,by
water_flow,Water,167736,by
water_flow,Water,35622,by
water_flow,Water,71731,by
water_flow,Water,317338,by
water_flow,Water,56269,cc0
water_flow,Water,1017,by
water_flow,Water,321439,by
water_flow,Water,235622,cc0
water_flow,Water,336370,cc0
water_flow,Water,39858,by
water_flow,Water,395393,cc0
water_flow,Water,126046,cc0
water_flow,Water,209525,cc0
water_flow,Water,117305,cc0
water_flow,Water,154788,cc0
water_flow,Water,395392,cc0
water_flow,Water,15471,by-nc
water_flow,Water,155793,cc0
water_flow,Water,184304,cc0
water_flow,Water,330788,by
water_flow,Water,234871,cc0
water_flow,Water,84943,sampling+
water_flow,Water,31542,cc0
water_flow,Water,48430,by
water_flow,Water,117131,by
water_flow,Water,426775,cc0
water_flow,Water,118443,sampling+
water_flow,Water,235768,by
water_flow,Water,353207,cc0
water_flow,Water,71218,cc0
water_flow,Water,389759,cc0
water_flow,Water,265305,cc0
water_flow,Water,85685,sampling+
water_flow,Water,90794,by
water_flow,Water,134846,cc0
water_flow,Water,155306,by
water_flow,Water,62118,sampling+
water_flow,Water,121544,cc0
water_flow,Water,422655,cc0
water_flow,Water,418111,by
water_flow,Water,272389,cc0
water_flow,Water,80932,cc0
water_flow,Water,233456,by
water_flow,Water,360680,by-nc
water_flow,Water,119115,cc0
water_flow,Water,126040,cc0
water_flow,Water,235618,cc0
water_flow,Water,1007,by
water_flow,Water,77523,by-nc
water_flow,Water,94922,cc0
water_flow,Water,346609,cc0
water_flow,Water,161698,by
water_flow,Water,347709,by
water_flow,Water,29545,sampling+
water_flow,Water,340465,by
water_flow,Water,206154,cc0
water_flow,Water,197327,by
water_flow,Water,254351,by-nc
water_flow,Water,139767,cc0
water_flow,Water,213566,cc0
water_flow,Water,221488,by-nc
water_flow,Water,206147,cc0
water_flow,Water,383742,cc0
water_flow,Water,139769,cc0
water_flow,Water,383734,cc0
water_flow,Water,395475,by
water_flow,Water,426571,by
water_flow,Water,327559,by-nc
water_flow,Water,405425,cc0
water_flow,Water,352904,cc0
water_flow,Water,367165,by-nc
water_flow,Water,324485,by-nc
water_flow,Water,405431,cc0
water_flow,Water,367125,cc0
water_flow,Water,405407,cc0
water_flow,Water,69299,by-nc
water_flow,Water,174628,cc0
water_flow,Water,405432,cc0
water_flow,Water,34150,sampling+
water_flow,Water,164764,cc0
water_flow,Water,380646,cc0
water_flow,Water,222468,cc0
water_flow,Water,364694,cc0
water_flow,Water,205015,by
water_flow,Water,276535,cc0
water_flow,Water,334690,cc0
water_flow,Water,168944,cc0
water_flow,Water,185063,by
water_flow,Water,149838,by
water_flow,Water,43853,by
water_flow,Water,34735,by-nc
water_flow,Water,123816,cc0
water_flow,Water,33531,by-nc
water_flow,Water,424736,cc0
water_flow,Water,196655,by
water_flow,Water,171473,cc0
water_flow,Water,400660,cc0
water_flow,Water,416226,cc0
water_flow,Water,268727,by
water_flow,Water,418366,cc0
water_flow,Water,388408,cc0
water_flow,Water,35221,by-nc
water_flow,Water,196676,by
water_flow,Water,197326,by
water_flow,Water,28692,by
water_flow,Water,194925,by
water_flow,Water,99580,by
water_flow,Water,404684,cc0
water_flow,Water,391974,cc0
water_flow,Water,192553,cc0
water_flow,Water_tap_and_faucet,171076,cc0
water_flow,Water_tap_and_faucet,94802,sampling+
water_flow,Water_tap_and_faucet,76934,cc0
water_flow,Water_tap_and_faucet,132239,cc0
water_flow,Water_tap_and_faucet,32920,cc0
water_flow,Water_tap_and_faucet,103604,by-nc
water_flow,Water_tap_and_faucet,36554,by
water_flow,Water_tap_and_faucet,36557,by
water_flow,Water_tap_and_faucet,155898,cc0
water_flow,Water_tap_and_faucet,151911,cc0
water_flow,Water_tap_and_faucet,250741,cc0
water_flow,Water_tap_and_faucet,422873,cc0
water_flow,Water_tap_and_faucet,271334,by
water_flow,Water_tap_and_faucet,186484,by
water_flow,Water_tap_and_faucet,34859,sampling+
water_flow,Water_tap_and_faucet,274000,by-nc
water_flow,Water_tap_and_faucet,395181,by
water_flow,Water_tap_and_faucet,129303,by
water_flow,Water_tap_and_faucet,424728,by
water_flow,Water_tap_and_faucet,389693,cc0
water_flow,Water_tap_and_faucet,273989,by-nc
water_flow,Water_tap_and_faucet,104015,cc0
water_flow,Water_tap_and_faucet,418009,cc0
water_flow,Water_tap_and_faucet,418010,cc0
water_flow,Water_tap_and_faucet,418016,cc0
water_flow,Water_tap_and_faucet,129305,by
water_flow,Water_tap_and_faucet,129322,by
water_flow,Water_tap_and_faucet,129325,by
water_flow,Water_tap_and_faucet,21888,by
water_flow,Water_tap_and_faucet,271335,by
water_flow,Water_tap_and_faucet,271336,by
water_flow,Water_tap_and_faucet,388090,by
water_flow,Water_tap_and_faucet,353319,by
water_flow,Water_tap_and_faucet,323003,cc0
water_flow,Water_tap_and_faucet,70932,sampling+
water_flow,Water_tap_and_faucet,108423,cc0
water_flow,Water_tap_and_faucet,340296,cc0
water_flow,Water_tap_and_faucet,262924,cc0
water_flow,Water_tap_and_faucet,219408,by
water_flow,Water_tap_and_faucet,404087,cc0
water_flow,Water_tap_and_faucet,265360,cc0
water_flow,Water_tap_and_faucet,265369,by-nc
water_flow,Water_tap_and_faucet,219373,cc0
water_flow,Water_tap_and_faucet,433886,cc0
water_flow,Water_tap_and_faucet,433887,cc0
water_flow,Water_tap_and_faucet,198319,by
water_flow,Water_tap_and_faucet,421519,cc0
water_flow,Water_tap_and_faucet,324671,by-nc
water_flow,Water_tap_and_faucet,202005,cc0
water_flow,Water_tap_and_faucet,202007,cc0
water_flow,Water_tap_and_faucet,274046,by-nc
water_flow,Water_tap_and_faucet,212111,by
water_flow,Water_tap_and_faucet,14880,by-nc
water_flow,Water_tap_and_faucet,433710,by
water_flow,Water_tap_and_faucet,382669,cc0
water_flow,Water_tap_and_faucet,382670,cc0
water_flow,Water_tap_and_faucet,108424,cc0
water_flow,Water_tap_and_faucet,274076,by-nc
water_flow,Water_tap_and_faucet,274039,by-nc
water_flow,Water_tap_and_faucet,274040,by-nc
water_flow,Water_tap_and_faucet,274041,by-nc
water_flow,Water_tap_and_faucet,250785,by-nc
water_flow,Water_tap_and_faucet,420942,by
water_flow,Water_tap_and_faucet,114301,sampling+
water_flow,Water_tap_and_faucet,201549,cc0
water_flow,Water_tap_and_faucet,232508,cc0
water_flow,Water_tap_and_faucet,41634,by
water_flow,Water_tap_and_faucet,394377,cc0
water_flow,Water_tap_and_faucet,146346,cc0
water_flow,Water_tap_and_faucet,326201,by-nc
water_flow,Water_tap_and_faucet,418464,cc0
water_flow,Water_tap_and_faucet,366026,cc0
water_flow,Water_tap_and_faucet,360735,cc0
water_flow,Water_tap_and_faucet,341922,cc0
water_flow,Water_tap_and_faucet,183931,by
water_flow,Water_tap_and_faucet,132232,cc0
water_flow,Water_tap_and_faucet,327844,by-nc
water_flow,Water_tap_and_faucet,327845,by-nc
water_flow,Water_tap_and_faucet,382640,cc0
water_flow,Water_tap_and_faucet,86193,sampling+
water_flow,Water_tap_and_faucet,86194,sampling+
water_flow,Water_tap_and_faucet,382646,cc0
water_flow,Water_tap_and_faucet,96507,by-nc
water_flow,Water_tap_and_faucet,96508,by-nc
water_flow,Water_tap_and_faucet,213279,cc0
water_flow,Water_tap_and_faucet,202019,cc0
water_flow,Water_tap_and_faucet,330548,by
water_flow,Water_tap_and_faucet,333110,by
water_flow,Water_tap_and_faucet,143246,cc0
water_flow,Water_tap_and_faucet,119717,by
water_flow,Water_tap_and_faucet,253393,cc0
water_flow,Water_tap_and_faucet,95700,sampling+
water_flow,Water_tap_and_faucet,379263,by
water_flow,Water_tap_and_faucet,222020,by-nc
water_flow,Water_tap_and_faucet,238950,cc0
water_flow,Water_tap_and_faucet,232607,by
water_flow,Water_tap_and_faucet,277507,by
water_flow,Water_tap_and_faucet,168483,by
water_flow,Water_tap_and_faucet,168484,by
water_flow,Water_tap_and_faucet,168486,by
water_flow,Water_tap_and_faucet,168485,by
water_flow,Water_tap_and_faucet,250923,cc0
water_flow,Water_tap_and_faucet,60461,by
water_flow,Water_tap_and_faucet,406066,cc0
water_flow,Water_tap_and_faucet,50755,cc0
water_flow,Water_tap_and_faucet,50756,cc0
water_flow,Water_tap_and_faucet,589,by
water_flow,Water_tap_and_faucet,328270,by
water_flow,Water_tap_and_faucet,104016,cc0
water_flow,Water_tap_and_faucet,363097,cc0
water_flow,Water_tap_and_faucet,363098,cc0
water_flow,Water_tap_and_faucet,363096,cc0
water_flow,Water_tap_and_faucet,413283,cc0
water_flow,Water_tap_and_faucet,32870,by-nc
water_flow,Water_tap_and_faucet,107116,cc0
water_flow,Water_tap_and_faucet,413295,cc0
water_flow,Water_tap_and_faucet,271472,cc0
water_flow,Water_tap_and_faucet,265330,by
water_flow,Water_tap_and_faucet,398960,cc0
water_flow,Water_tap_and_faucet,336513,cc0
water_flow,Water_tap_and_faucet,336518,cc0
water_flow,Water_tap_and_faucet,348809,by
water_flow,Water_tap_and_faucet,348808,by
water_flow,Water_tap_and_faucet,419988,cc0
water_flow,Water_tap_and_faucet,419990,cc0
water_flow,Water_tap_and_faucet,272020,cc0
water_flow,Water_tap_and_faucet,272021,cc0
water_flow,Water_tap_and_faucet,212122,by
water_flow,Water_tap_and_faucet,212123,by
water_flow,Water_tap_and_faucet,20148,by
water_flow,Water_tap_and_faucet,172726,by
water_flow,Water_tap_and_faucet,172727,by
water_flow,Water_tap_and_faucet,172728,by
water_flow,Water_tap_and_faucet,172729,by
water_flow,Water_tap_and_faucet,371913,cc0
water_flow,Water_tap_and_faucet,74955,sampling+
water_flow,Water_tap_and_faucet,42191,cc0
water_flow,Water_tap_and_faucet,212177,by
water_flow,Water_tap_and_faucet,212176,by
water_flow,Water_tap_and_faucet,382672,cc0
water_flow,Water_tap_and_faucet,110299,by
water_flow,Water_tap_and_faucet,232159,by
water_flow,Water_tap_and_faucet,418017,cc0
water_flow,Water_tap_and_faucet,369892,by-nc
water_flow,Water_tap_and_faucet,408296,by
water_flow,Water_tap_and_faucet,155899,cc0
water_flow,Water_tap_and_faucet,332029,cc0
water_flow,Water_tap_and_faucet,85251,cc0
water_flow,Water_tap_and_faucet,219928,by
water_flow,Water_tap_and_faucet,202008,cc0
water_flow,Water_tap_and_faucet,213277,cc0
water_flow,Water_tap_and_faucet,123679,by
water_flow,Water_tap_and_faucet,213281,cc0
water_flow,Water_tap_and_faucet,344358,cc0
water_flow,Water_tap_and_faucet,102706,cc0
water_flow,Water_tap_and_faucet,102707,cc0
water_flow,Water_tap_and_faucet,102708,cc0
water_flow,Water_tap_and_faucet,372545,cc0
water_flow,Water_tap_and_faucet,372546,cc0
water_flow,Water_tap_and_faucet,151878,by
water_flow,Water_tap_and_faucet,273222,cc0
water_flow,Water_tap_and_faucet,119130,cc0
water_flow,Water_tap_and_faucet,119131,cc0
water_flow,Water_tap_and_faucet,178531,cc0
water_flow,Water_tap_and_faucet,337275,cc0
water_flow,Water_tap_and_faucet,337276,cc0
water_flow,Water_tap_and_faucet,427387,cc0
water_flow,Water_tap_and_faucet,21889,by
water_flow,Water_tap_and_faucet,259989,by-nc
water_flow,Water_tap_and_faucet,119718,by
water_flow,Water_tap_and_faucet,365479,cc0
water_flow,Water_tap_and_faucet,257959,cc0
water_flow,Water_tap_and_faucet,257960,cc0
water_flow,Water_tap_and_faucet,72622,cc0
water_flow,Water_tap_and_faucet,201659,by-nc
water_flow,Water_tap_and_faucet,215996,cc0
water_flow,Water_tap_and_faucet,371652,by
water_flow,Water_tap_and_faucet,262606,by
water_flow,Water_tap_and_faucet,118223,sampling+
water_flow,Water_tap_and_faucet,262611,by
water_flow,Water_tap_and_faucet,344557,cc0
water_flow,Water_tap_and_faucet,344558,cc0
water_flow,Water_tap_and_faucet,419743,cc0
water_flow,Water_tap_and_faucet,347915,cc0
water_flow,Water_tap_and_faucet,72200,by
water_flow,Water_tap_and_faucet,186489,by
water_flow,Water_tap_and_faucet,379258,by
water_flow,Water_tap_and_faucet,264866,by
water_flow,Water_tap_and_faucet,198318,by
water_flow,Water_tap_and_faucet,34780,sampling+
water_flow,Water_tap_and_faucet,94725,sampling+
water_flow,Water_tap_and_faucet,94258,sampling+
water_flow,Water_tap_and_faucet,274997,by-nc
water_flow,Water_tap_and_faucet,240693,cc0
water_flow,Water_tap_and_faucet,237115,by
water_flow,Water_tap_and_faucet,393794,by
water_flow,Water_tap_and_faucet,168007,cc0
water_flow,Water_tap_and_faucet,67142,cc0
water_flow,Water_tap_and_faucet,154698,cc0
water_flow,Water_tap_and_faucet,196171,by
water_flow,Water_tap_and_faucet,21069,cc0
water_flow,Water_tap_and_faucet,21070,cc0
water_flow,Water_tap_and_faucet,591,by
water_flow,Water_tap_and_faucet,201814,cc0
water_flow,Water_tap_and_faucet,352857,by-nc
water_flow,Water_tap_and_faucet,201834,cc0
water_flow,Water_tap_and_faucet,114282,by
water_flow,Water_tap_and_faucet,274028,by-nc
water_flow,Water_tap_and_faucet,36556,by
water_flow,Water_tap_and_faucet,274036,by-nc
water_flow,Water_tap_and_faucet,18044,by
water_flow,Water_tap_and_faucet,333440,cc0
water_flow,Water_tap_and_faucet,410757,by
water_flow,Water_tap_and_faucet,185999,by-nc
water_flow,Water_tap_and_faucet,70291,by-nc
water_flow,Water_tap_and_faucet,65171,by
water_flow,Water_tap_and_faucet,127644,cc0
water_flow,Water_tap_and_faucet,370338,cc0
water_flow,Water_tap_and_faucet,327847,by-nc
water_flow,Water_tap_and_faucet,344238,cc0
water_flow,Water_tap_and_faucet,28338,by
water_flow,Water_tap_and_faucet,95936,cc0
water_flow,Water_tap_and_faucet,36552,by
water_flow,Water_tap_and_faucet,36553,by
water_flow,Water_tap_and_faucet,36555,by
water_flow,Water_tap_and_faucet,21198,by
water_flow,Water_tap_and_faucet,207568,cc0
water_flow,Water_tap_and_faucet,367313,cc0
water_flow,Water_tap_and_faucet,348370,cc0
water_flow,Water_tap_and_faucet,72915,sampling+
water_flow,Water_tap_and_faucet,128722,by
water_flow,Water_tap_and_faucet,79076,sampling+
water_flow,Water_tap_and_faucet,26345,cc0
water_flow,Water_tap_and_faucet,408302,by
water_flow,Water_tap_and_faucet,408304,by
water_flow,Water_tap_and_faucet,408305,by
water_flow,Water_tap_and_faucet,343797,cc0
water_flow,Water_tap_and_faucet,378624,cc0
water_flow,Water_tap_and_faucet,152848,cc0
water_flow,Water_tap_and_faucet,264989,cc0
water_flow,Water_tap_and_faucet,202529,cc0
water_flow,Water_tap_and_faucet,268579,cc0
water_flow,Water_tap_and_faucet,129321,by
water_flow,Water_tap_and_faucet,146760,by
water_flow,Water_tap_and_faucet,146761,by
water_flow,Water_tap_and_faucet,146762,by
water_flow,Water_tap_and_faucet,151904,cc0
water_flow,Water_tap_and_faucet,364907,by
water_flow,Water_tap_and_faucet,268659,by
water_flow,Water_tap_and_faucet,250228,by-nc
water_flow,Water_tap_and_faucet,329588,by
water_flow,Water_tap_and_faucet,205695,cc0
water_flow,Water_tap_and_faucet,152977,cc0
water_flow,Water_tap_and_faucet,201623,by-nc
water_flow,Water_tap_and_faucet,85911,sampling+
water_flow,Water_tap_and_faucet,85912,sampling+
water_flow,Water_tap_and_faucet,85913,sampling+
water_flow,Water_tap_and_faucet,60829,sampling+
water_flow,Water_tap_and_faucet,60830,sampling+
water_flow,Water_tap_and_faucet,371615,by
water_flow,Water_tap_and_faucet,371616,by
water_flow,Water_tap_and_faucet,251298,by-nc
water_flow,Water_tap_and_faucet,53668,sampling+
water_flow,Water_tap_and_faucet,185769,cc0
water_flow,Water_tap_and_faucet,15287,by
water_flow,Water_tap_and_faucet,215997,cc0
water_flow,Water_tap_and_faucet,156112,by
water_flow,Water_tap_and_faucet,169937,by
water_flow,Water_tap_and_faucet,318931,by
water_flow,Water_tap_and_faucet,95706,sampling+
water_flow,Water_tap_and_faucet,95709,sampling+
water_flow,Water_tap_and_faucet,65505,sampling+
water_flow,Water_tap_and_faucet,325093,by
water_flow,Water_tap_and_faucet,210429,by
water_flow,Water_tap_and_faucet,413718,cc0
water_flow,Water_tap_and_faucet,427298,cc0
water_flow,Water_tap_and_faucet,202181,by
water_flow,Water_tap_and_faucet,347664,by-nc
water_flow,Water_tap_and_faucet,15473,by
water_flow,Water_tap_and_faucet,26766,cc0
water_flow,Water_tap_and_faucet,171455,by
water_flow,Water_tap_and_faucet,403512,cc0
water_flow,Water_tap_and_faucet,52158,cc0
water_flow,Water_tap_and_faucet,340919,by
water_flow,Water_tap_and_faucet,218842,cc0
water_flow,Water_tap_and_faucet,257434,cc0
water_flow,Water_tap_and_faucet,84941,sampling+
water_flow,Water_tap_and_faucet,110103,by
water_flow,Water_tap_and_faucet,377889,cc0
water_flow,Water_tap_and_faucet,406587,cc0
water_flow,Water_tap_and_faucet,185057,cc0
water_flow,Water_tap_and_faucet,317680,by-nc
water_flow,Water_tap_and_faucet,119112,cc0
water_flow,Water_tap_and_faucet,1001,by
water_flow,Water_tap_and_faucet,327683,by-nc
water_flow,Water_tap_and_faucet,189971,cc0
water_flow,Water_tap_and_faucet,120027,by
water_flow,Water_tap_and_faucet,340026,by
water_flow,Water_tap_and_faucet,395079,cc0
water_flow,Water_tap_and_faucet,402166,cc0
water_flow,Water_tap_and_faucet,429400,cc0
water_flow,Water_tap_and_faucet,214344,cc0
water_flow,Water_tap_and_faucet,317333,by
water_flow,Water_tap_and_faucet,271667,cc0
water_flow,Water_tap_and_faucet,235775,by
water_flow,Water_tap_and_faucet,395077,cc0
water_flow,Water_tap_and_faucet,347038,cc0
water_flow,Water_tap_and_faucet,121546,cc0
water_flow,Water_tap_and_faucet,210390,cc0
water_flow,Water_tap_and_faucet,206167,cc0
water_flow,Water_tap_and_faucet,267495,cc0
water_flow,Water_tap_and_faucet,117304,cc0
water_flow,Water_tap_and_faucet,184293,by
water_flow,Water_tap_and_faucet,178417,by
water_flow,Water_tap_and_faucet,206142,cc0
water_flow,Water_tap_and_faucet,205088,cc0
water_flow,Water_tap_and_faucet,82414,cc0
water_flow,Water_tap_and_faucet,395084,cc0
water_flow,Water_tap_and_faucet,345984,cc0
water_flow,Water_tap_and_faucet,196144,cc0
water_flow,Water_tap_and_faucet,351927,cc0
water_flow,Water_tap_and_faucet,108678,cc0
water_flow,Water_tap_and_faucet,206168,cc0
water_flow,Water_tap_and_faucet,386750,cc0
water_flow,Water_tap_and_faucet,424501,cc0
water_flow,Water_tap_and_faucet,83467,cc0
water_flow,Water_tap_and_faucet,121545,cc0
water_flow,Water_tap_and_faucet,137167,by
water_flow,Water_tap_and_faucet,85684,sampling+
water_flow,Water_tap_and_faucet,171456,by
water_flow,Water_tap_and_faucet,205087,cc0
water_flow,Water_tap_and_faucet,35622,by
water_flow,Water_tap_and_faucet,386746,cc0
water_flow,Water_tap_and_faucet,317338,by
water_flow,Water_tap_and_faucet,117303,cc0
water_flow,Water_tap_and_faucet,214343,cc0
water_flow,Water_tap_and_faucet,85683,sampling+
water_flow,Water_tap_and_faucet,189669,cc0
water_flow,Water_tap_and_faucet,118082,cc0
water_flow,Water_tap_and_faucet,189672,cc0
water_flow,Water_tap_and_faucet,379507,by
water_flow,Water_tap_and_faucet,54276,cc0
water_flow,Water_tap_and_faucet,257440,cc0
water_flow,Water_tap_and_faucet,120116,cc0
water_flow,Water_tap_and_faucet,1037,by
water_flow,Water_tap_and_faucet,121548,cc0
water_flow,Water_tap_and_faucet,1017,by
water_flow,Water_tap_and_faucet,64445,by
water_flow,Water_tap_and_faucet,62521,cc0
water_flow,Water_tap_and_faucet,340871,by
water_flow,Water_tap_and_faucet,395393,cc0
water_flow,Water_tap_and_faucet,154438,cc0
water_flow,Water_tap_and_faucet,64446,by
water_flow,Water_tap_and_faucet,218846,cc0
water_flow,Water_tap_and_faucet,336368,cc0
water_flow,Water_tap_and_faucet,52306,cc0
water_flow,Water_tap_and_faucet,117305,cc0
water_flow,Water_tap_and_faucet,386749,cc0
water_flow,Water_tap_and_faucet,155510,by
water_flow,Water_tap_and_faucet,395392,cc0
water_flow,Water_tap_and_faucet,389988,cc0
water_flow,Water_tap_and_faucet,189689,cc0
water_flow,Water_tap_and_faucet,189690,cc0
water_flow,Water_tap_and_faucet,90798,by
water_flow,Water_tap_and_faucet,85756,sampling+
water_flow,Water_tap_and_faucet,409129,cc0
water_flow,Water_tap_and_faucet,431395,by
water_flow,Water_tap_and_faucet,235624,cc0
water_flow,Water_tap_and_faucet,345103,cc0
water_flow,Water_tap_and_faucet,389989,cc0
water_flow,Water_tap_and_faucet,35621,by
water_flow,Water_tap_and_faucet,167118,cc0
water_flow,Water_tap_and_faucet,340873,by
water_flow,Water_tap_and_faucet,383204,cc0
water_flow,Water_tap_and_faucet,19874,by
water_flow,Water_tap_and_faucet,369456,cc0
water_flow,Water_tap_and_faucet,427125,cc0
water_flow,Water_tap_and_faucet,218838,cc0
water_flow,Water_tap_and_faucet,324773,by
water_flow,Water_tap_and_faucet,85755,sampling+
water_flow,Water_tap_and_faucet,67320,by
water_flow,Water_tap_and_faucet,59237,by
water_flow,Water_tap_and_faucet,366743,by-nc
water_flow,Water_tap_and_faucet,360650,cc0
water_flow,Water_tap_and_faucet,265305,cc0
water_flow,Water_tap_and_faucet,85685,sampling+
water_flow,Water_tap_and_faucet,85682,sampling+
water_flow,Water_tap_and_faucet,223048,cc0
water_flow,Water_tap_and_faucet,210028,by
water_flow,Water_tap_and_faucet,419112,by
water_flow,Water_tap_and_faucet,192532,by-nc
water_flow,Water_tap_and_faucet,108466,cc0
water_flow,Water_tap_and_faucet,403204,by
water_flow,Water_tap_and_faucet,52152,cc0
water_flow,Water_tap_and_faucet,155306,by
water_flow,Water_tap_and_faucet,426323,cc0
water_flow,Water_tap_and_faucet,167244,by
water_flow,Water_tap_and_faucet,388764,cc0
water_flow,Water_tap_and_faucet,378657,cc0
water_flow,Water_tap_and_faucet,234868,cc0
water_flow,Water_tap_and_faucet,155509,by
water_flow,Water_tap_and_faucet,118442,sampling+
water_flow,Water_tap_and_faucet,134854,cc0
water_flow,Water_tap_and_faucet,186394,cc0
water_flow,Water_tap_and_faucet,167243,cc0
water_flow,Water_tap_and_faucet,206169,cc0
water_flow,Water_tap_and_faucet,155511,by
water_flow,Water_tap_and_faucet,388288,cc0
water_flow,Water_tap_and_faucet,256547,cc0
water_flow,Water_tap_and_faucet,272389,cc0
water_flow,Water_tap_and_faucet,347941,cc0
water_flow,Water_tap_and_faucet,257437,cc0
water_flow,Water_tap_and_faucet,233452,by
water_flow,Water_tap_and_faucet,327065,by-nc
water_flow,Water_tap_and_faucet,340914,by
water_flow,Water_tap_and_faucet,126040,cc0
water_flow,Water_tap_and_faucet,235618,cc0
water_flow,Water_tap_and_faucet,235765,by
water_flow,Water_tap_and_faucet,370879,cc0
water_flow,Water_tap_and_faucet,84940,sampling+
water_flow,Water_tap_and_faucet,401729,cc0
water_flow,Water_tap_and_faucet,84939,sampling+
water_flow,Water_tap_and_faucet,426787,cc0
water_flow,Water_tap_and_faucet,207487,cc0
water_flow,Water_tap_and_faucet,77523,by-nc
water_flow,Water_tap_and_faucet,94922,cc0
water_flow,Water_tap_and_faucet,419999,cc0
water_flow,Water_tap_and_faucet,171377,cc0
water_flow,Water_tap_and_faucet,232499,cc0
water_flow,Water_tap_and_faucet,59240,by
water_flow,Water_tap_and_faucet,233512,cc0
water_flow,Water_tap_and_faucet,209538,cc0
water_flow,Water_tap_and_faucet,218841,cc0
water_flow,Water_tap_and_faucet,346609,cc0
water_flow,Water_tap_and_faucet,209652,cc0
water_flow,Water_tap_and_faucet,71216,cc0
water_flow,Water_tap_and_faucet,122818,by
water_flow,Water_tap_and_faucet,186689,by
water_flow,Water_tap_and_faucet,352714,cc0
water_flow,Water_tap_and_faucet,417219,by
water_flow,Water_tap_and_faucet,40545,by
water_flow,Water_tap_and_faucet,186688,by
water_flow,Water_tap_and_faucet,135003,by
water_flow,Water_tap_and_faucet,344214,cc0
water_flow,Water_tap_and_faucet,402128,cc0
water_flow,Water_tap_and_faucet,402129,cc0
water_flow,Water_tap_and_faucet,186345,cc0
water_flow,Water_tap_and_faucet,153243,cc0
water_flow,Water_tap_and_faucet,402127,cc0
water_flow,Water_tap_and_faucet,406230,cc0
water_flow,Water_tap_and_faucet,383159,cc0
water_flow,Water_tap_and_faucet,153244,cc0
water_flow,Water_tap_and_faucet,90795,by
water_flow,Water_tap_and_faucet,327425,by
water_flow,Water_tap_and_faucet,185252,by
